GlobalId;Class;Category;Name;TypeName;Material;Storey;IsExternal;PredefinedType;Area;Volume;Length;Width;Height;Thickness;Perimeter;Count;ClassificationCode;ClassificationSource;PSet_Revit_Analytical Model.Enable Analytical Model;PSet_Revit_Analytical Model.Horizontal Projection;PSet_Revit_Analytical Model.Rigid Links;PSet_Revit_Analytical Model.Vertical Projection;PSet_Revit_Constraints.Base Constraint;PSet_Revit_Constraints.Base Extension Distance;PSet_Revit_Constraints.Base Level;PSet_Revit_Constraints.Base Offset;PSet_Revit_Constraints.Base Offset From Level;PSet_Revit_Constraints.Base is Attached;PSet_Revit_Constraints.Cross-Section Rotation;PSet_Revit_Constraints.Cutoff Offset;PSet_Revit_Constraints.Eccentricity;PSet_Revit_Constraints.Elevation;PSet_Revit_Constraints.End Level Offset;PSet_Revit_Constraints.Height Offset From Level;PSet_Revit_Constraints.Host;PSet_Revit_Constraints.Lateral Justification;PSet_Revit_Constraints.Level;PSet_Revit_Constraints.Location Line;PSet_Revit_Constraints.Moves With Nearby Elements;PSet_Revit_Constraints.Offset;PSet_Revit_Constraints.Orientation;PSet_Revit_Constraints.Reference Level;PSet_Revit_Constraints.Related to Mass;PSet_Revit_Constraints.Room Bounding;PSet_Revit_Constraints.Sill Height;PSet_Revit_Constraints.Start Level Offset;PSet_Revit_Constraints.Top Constraint;PSet_Revit_Constraints.Top Extension Distance;PSet_Revit_Constraints.Top Level;PSet_Revit_Constraints.Top Offset;PSet_Revit_Constraints.Top is Attached;PSet_Revit_Constraints.Unconnected Height;PSet_Revit_Constraints.Work Plane;PSet_Revit_Constraints.z-Direction Justification;PSet_Revit_Constraints.z-Direction Offset Value;PSet_Revit_Construction.Backsplash Visibility;PSet_Revit_Construction.End Extension;PSet_Revit_Construction.Fascia Depth;PSet_Revit_Construction.Maximum Ridge Height;PSet_Revit_Construction.Rafter Cut;PSet_Revit_Construction.Start Extension;PSet_Revit_Dimensions.Actual Number of Risers;PSet_Revit_Dimensions.Actual Riser Height;PSet_Revit_Dimensions.Actual Tread Depth;PSet_Revit_Dimensions.Area;PSet_Revit_Dimensions.Desired Number of Risers;PSet_Revit_Dimensions.Elevation at Bottom;PSet_Revit_Dimensions.Length;PSet_Revit_Dimensions.Perimeter;PSet_Revit_Dimensions.Sink Location;PSet_Revit_Dimensions.Sink Location To Wall;PSet_Revit_Dimensions.Sink Opening Depth;PSet_Revit_Dimensions.Sink Opening Width;PSet_Revit_Dimensions.Thickness;PSet_Revit_Dimensions.Volume;PSet_Revit_Dimensions.Width;PSet_Revit_Graphics.Down arrow;PSet_Revit_Graphics.Down label;PSet_Revit_Graphics.Down text;PSet_Revit_Graphics.Show Up arrow in all views;PSet_Revit_Graphics.Up arrow;PSet_Revit_Graphics.Up label;PSet_Revit_Graphics.Up text;PSet_Revit_Identity Data.Mark;PSet_Revit_Materials and Finishes.Beam Material;PSet_Revit_Other.AssetIdentifier;PSet_Revit_Other.BarCode;PSet_Revit_Other.End Extension Calculation;PSet_Revit_Other.Head Height;PSet_Revit_Other.InstallationDate;PSet_Revit_Other.SerialNumber;PSet_Revit_Other.Start Extension Calculation;PSet_Revit_Other.TagNumber;PSet_Revit_Other.WarrantyStartDate;PSet_Revit_Phasing.Phase Created;PSet_Revit_Structural Analysis.Analyze As;PSet_Revit_Structural Analysis.End Fx;PSet_Revit_Structural Analysis.End Fy;PSet_Revit_Structural Analysis.End Fz;PSet_Revit_Structural Analysis.End Mx;PSet_Revit_Structural Analysis.End My;PSet_Revit_Structural Analysis.End Mz;PSet_Revit_Structural Analysis.End Release;PSet_Revit_Structural Analysis.Start Fx;PSet_Revit_Structural Analysis.Start Fy;PSet_Revit_Structural Analysis.Start Fz;PSet_Revit_Structural Analysis.Start Mx;PSet_Revit_Structural Analysis.Start My;PSet_Revit_Structural Analysis.Start Mz;PSet_Revit_Structural Analysis.Start Release;PSet_Revit_Structural Analysis.Structural Usage;PSet_Revit_Structural.Cut Length;PSet_Revit_Structural.Rebar Cover - Bottom Face;PSet_Revit_Structural.Rebar Cover - Exterior Face;PSet_Revit_Structural.Rebar Cover - Interior Face;PSet_Revit_Structural.Rebar Cover - Other Faces;PSet_Revit_Structural.Rebar Cover - Top Face;PSet_Revit_Structural.Stick Symbol Location;PSet_Revit_Structural.Structural;PSet_Revit_Structural.Structural Usage;PSet_Revit_Type_Construction.Angled Joins;PSet_Revit_Type_Construction.Baluster Offset;PSet_Revit_Type_Construction.Construction Type;PSet_Revit_Type_Construction.Default Thickness;PSet_Revit_Type_Construction.Extend Below Base;PSet_Revit_Type_Construction.Function;PSet_Revit_Type_Construction.Landing Height Adjustment;PSet_Revit_Type_Construction.Landing Overlap;PSet_Revit_Type_Construction.Monolithic Stairs;PSet_Revit_Type_Construction.Rail Connections;PSet_Revit_Type_Construction.Railing Height;PSet_Revit_Type_Construction.Tangent Joins;PSet_Revit_Type_Construction.Thickness;PSet_Revit_Type_Construction.Underside of Winder;PSet_Revit_Type_Construction.Use Landing Height Adjustment;PSet_Revit_Type_Construction.Wall Closure;PSet_Revit_Type_Construction.Width;PSet_Revit_Type_Construction.Wrapping at Ends;PSet_Revit_Type_Construction.Wrapping at Inserts;PSet_Revit_Type_Dimensions.Counter Thickness;PSet_Revit_Type_Dimensions.Default End Extension Length;PSet_Revit_Type_Dimensions.Default Sill Height;PSet_Revit_Type_Dimensions.Depth;PSet_Revit_Type_Dimensions.Do Not Break At Inserts;PSet_Revit_Type_Dimensions.Foundation Thickness;PSet_Revit_Type_Dimensions.Height;PSet_Revit_Type_Dimensions.Length;PSet_Revit_Type_Dimensions.Plinth Depth;PSet_Revit_Type_Dimensions.Plinth Height;PSet_Revit_Type_Dimensions.Rail Width - Base;PSet_Revit_Type_Dimensions.Rail Width - Top;PSet_Revit_Type_Dimensions.Stile Width - Hinge;PSet_Revit_Type_Dimensions.Stile Width - Latch;PSet_Revit_Type_Dimensions.Thickness;PSet_Revit_Type_Dimensions.Top Of Cabinet;PSet_Revit_Type_Dimensions.Trim Projection Ext;PSet_Revit_Type_Dimensions.Trim Projection Int;PSet_Revit_Type_Dimensions.Trim Width;PSet_Revit_Type_Dimensions.Width;PSet_Revit_Type_Dimensions.Window Inset;PSet_Revit_Type_Dimensions.bf;PSet_Revit_Type_Dimensions.d;PSet_Revit_Type_Dimensions.k;PSet_Revit_Type_Dimensions.kr;PSet_Revit_Type_Dimensions.tf;PSet_Revit_Type_Dimensions.tw;PSet_Revit_Type_Graphics.Break Symbol in Plan;PSet_Revit_Type_Graphics.Coarse Scale Fill Color;PSet_Revit_Type_Graphics.Coarse Scale Fill Pattern;PSet_Revit_Type_Graphics.Text Font;PSet_Revit_Type_Graphics.Text Size;PSet_Revit_Type_Identity Data.Assembly Code;PSet_Revit_Type_Identity Data.Assembly Description;PSet_Revit_Type_Identity Data.Fire Rating;PSet_Revit_Type_Identity Data.Manufacturer;PSet_Revit_Type_Identity Data.OmniClass Number;PSet_Revit_Type_Identity Data.OmniClass Title;PSet_Revit_Type_Identity Data.Type Comments;PSet_Revit_Type_Identity Data.Type Mark;PSet_Revit_Type_Materials and Finishes.Door Material;PSet_Revit_Type_Materials and Finishes.Finish;PSet_Revit_Type_Materials and Finishes.Frame Exterior Material;PSet_Revit_Type_Materials and Finishes.Frame Interior Material;PSet_Revit_Type_Materials and Finishes.Frame Material;PSet_Revit_Type_Materials and Finishes.Glass Pane Material;PSet_Revit_Type_Materials and Finishes.Handle Material;PSet_Revit_Type_Materials and Finishes.Leg Material;PSet_Revit_Type_Materials and Finishes.Material;PSet_Revit_Type_Materials and Finishes.Mattress Material;PSet_Revit_Type_Materials and Finishes.Panel Material;PSet_Revit_Type_Materials and Finishes.Riser Material;PSet_Revit_Type_Materials and Finishes.Sash;PSet_Revit_Type_Materials and Finishes.Sash Material;PSet_Revit_Type_Materials and Finishes.Seat Material;PSet_Revit_Type_Materials and Finishes.Stringer Material;PSet_Revit_Type_Materials and Finishes.Top Material;PSet_Revit_Type_Materials and Finishes.Tread Material;PSet_Revit_Type_Materials and Finishes.Trim Exterior Material;PSet_Revit_Type_Materials and Finishes.Trim Interior Material;PSet_Revit_Type_Other.AccessibilityPerformance;PSet_Revit_Type_Other.Area;PSet_Revit_Type_Other.AssetAccountingType;PSet_Revit_Type_Other.Classification Code;PSet_Revit_Type_Other.Classification Description;PSet_Revit_Type_Other.CodePerformance;PSet_Revit_Type_Other.Color;PSet_Revit_Type_Other.ConfigurationType;PSet_Revit_Type_Other.Constituents;PSet_Revit_Type_Other.ConstructionType;PSet_Revit_Type_Other.ExpectedLife;PSet_Revit_Type_Other.Features;PSet_Revit_Type_Other.Finish;PSet_Revit_Type_Other.FireRating;PSet_Revit_Type_Other.GlazingAreaFraction;PSet_Revit_Type_Other.Grade;PSet_Revit_Type_Other.IsFireExit;PSet_Revit_Type_Other.Material;PSet_Revit_Type_Other.ModelLabel;PSet_Revit_Type_Other.ModelReference;PSet_Revit_Type_Other.NominalHeight;PSet_Revit_Type_Other.NominalLength;PSet_Revit_Type_Other.NominalWidth;PSet_Revit_Type_Other.OperationType;PSet_Revit_Type_Other.ProductionYear;PSet_Revit_Type_Other.Reference;PSet_Revit_Type_Other.ReplacementCost;PSet_Revit_Type_Other.Shape;PSet_Revit_Type_Other.Size;PSet_Revit_Type_Other.SustainabilityPerformance;PSet_Revit_Type_Other.WarrantyDescription;PSet_Revit_Type_Other.WarrantyDurationLabor;PSet_Revit_Type_Other.WarrantyDurationParts;PSet_Revit_Type_Other.WarrantyGuarantorLabor;PSet_Revit_Type_Other.WarrantyGuarantorParts;PSet_Revit_Type_Risers.Begin with Riser;PSet_Revit_Type_Risers.End with Riser;PSet_Revit_Type_Risers.Maximum Riser Height;PSet_Revit_Type_Risers.Riser Thickness;PSet_Revit_Type_Risers.Riser Type;PSet_Revit_Type_Risers.Riser to Tread Connection;PSet_Revit_Type_Stringers.Landing Carriage Height;PSet_Revit_Type_Stringers.Left Stringer;PSet_Revit_Type_Stringers.Middle Stringers;PSet_Revit_Type_Stringers.Open Stringer Offset;PSet_Revit_Type_Stringers.Right Stringer;PSet_Revit_Type_Stringers.Stringer Carriage Height;PSet_Revit_Type_Stringers.Stringer Height;PSet_Revit_Type_Stringers.Stringer Thickness;PSet_Revit_Type_Stringers.Trim Stringers at Top;PSet_Revit_Type_Structural.A;PSet_Revit_Type_Structural.Structural Usage;PSet_Revit_Type_Structural.W;PSet_Revit_Type_Treads.Apply Nosing Profile;PSet_Revit_Type_Treads.Minimum Tread Depth;PSet_Revit_Type_Treads.Nosing Length;PSet_Revit_Type_Treads.Nosing Profile;PSet_Revit_Type_Treads.Tread Thickness;Pset_BeamCommon.IsExternal;Pset_BeamCommon.LoadBearing;Pset_BeamCommon.Reference;Pset_BeamCommon.Slope;Pset_BeamCommon.Span;Pset_CoveringCommon.Reference;Pset_CoveringCommon.TotalThickness;Pset_DoorCommon.FireRating;Pset_DoorCommon.IsExternal;Pset_DoorCommon.Reference;Pset_RailingCommon.Height;Pset_RailingCommon.IsExternal;Pset_RailingCommon.Reference;Pset_RoofCommon.IsExternal;Pset_RoofCommon.ProjectedArea;Pset_RoofCommon.Reference;Pset_RoofCommon.TotalArea;Pset_SlabCommon.IsExternal;Pset_SlabCommon.LoadBearing;Pset_SlabCommon.Reference;Pset_StairCommon.IsExternal;Pset_StairCommon.NumberOfRiser;Pset_StairCommon.NumberOfTreads;Pset_StairCommon.Reference;Pset_StairCommon.RiserHeight;Pset_StairCommon.TreadLength;Pset_StairFlightCommon.NosingLength;Pset_StairFlightCommon.NumberOfRiser;Pset_StairFlightCommon.NumberOfTreads;Pset_StairFlightCommon.Reference;Pset_StairFlightCommon.RiserHeight;Pset_StairFlightCommon.TreadLength;Pset_StairFlightCommon.TreadLengthAtInnerSide;Pset_StairFlightCommon.TreadLengthAtOffset;Pset_StairFlightCommon.WaistThickness;Pset_StairFlightCommon.WalkingLineOffset;Pset_WallCommon.ExtendToStructure;Pset_WallCommon.IsExternal;Pset_WallCommon.LoadBearing;Pset_WallCommon.Reference;Pset_WindowCommon.FireRating;Pset_WindowCommon.IsExternal;Pset_WindowCommon.Reference
2O2Fr$t4X7Zf8NOew3FKau;IfcWall;IfcWall;Basic Wall:Party Wall - CMU Residential Unit Dimising Wall:143239;;Plasterboard;Level 2;True;;;;;;;;;1;23-25 30 24 14;Masonry Structural Walls;;;;;Level 2;0.0;;0.0;;False;;;;;;;;;;0.0;;;;;False;True;;;Up to level: Roof;0.0;;0.0;False;2.900000000000013;;;;;;;;;;;;;38.40620000000008;;;17.38299999999997;;;;;;;25.83011720000005;;;;;;;;;;;AssetIdentifier;BarCode;;;InstallationDate;SerialNumber;;TagNumber;WarrantyStartDate;New Construction;;;;;;;;;;;;;;;;;;;;;;;;;0.0;;;;;;5.0;;;;;;;;;;;0.5500000000000002;0.0;0.0;;;;;;;;;;;;;;;;;;;;;;;;;;;;;0.0;;;;;;;Manufacturer;;;;;;;;;;;;;;;;;;;;;;;;;AccessibilityPerformance;;FIXED;23-25 30 24 14;Masonry Structural Walls;CodePerformance;Color;;Constituents;;ExpectedLife;Features;Finish;;;Grade;;Material;ModelLabel;ModelReference;NominalHeight;NominalLength;NominalWidth;;ProductionYear;Reference;ReplacementCost;Shape;Size;SustainabilityPerformance;WarrantyDescription;WarrantyDurationLabor;WarrantyDurationParts;WarrantyGuarantorLabor;WarrantyGuarantorParts;;;;;;;;;;;;;;;;;;;;;;;;;;;;;;;;;;;;;;;;;;;;;;;;;;;;;;;;;;;;False;True;False;Basic Wall:Party Wall - CMU Residential Unit Dimising Wall;;;
2O2Fr$t4X7Zf8NOew3FNld;IfcWallStandardCase;IfcWallStandardCase;Basic Wall:Interior - Partition (92mm Stud):138584;;Plasterboard;Level 1;False;;;;;;;;;1;23-25 40 11 11 11;Metal-Framed Gypsum Board Fixed Partitions;;;;;Level 1;0.0;;0.0;;False;;;;;;;;;;2.0;;;;;False;True;;;Up to level: Level 2;0.0;;-0.3050000000000001;False;2.795000000000378;;;;;;;;;;;;;10.01448500000069;;;3.791499999999996;;;;;;;1.241796140000085;;;;;;;;;;;AssetIdentifier;BarCode;;;InstallationDate;SerialNumber;;TagNumber;WarrantyStartDate;New Construction;;;;;;;;;;;;;;;;;;;;;;;;;0.0;;;;;;0.0;;;;;;;;;;;0.124;2.0;0.0;;;;;;;;;;;;;;;;;;;;;;;;;;;;;0.0;;;;;;;Manufacturer;;;;;;;;;;;;;;;;;;;;;;;;;AccessibilityPerformance;;FIXED;23-25 40 11 11 11;Metal-Framed Gypsum Board Fixed Partitions;CodePerformance;Color;;Constituents;;ExpectedLife;Features;Finish;;;Grade;;Material;ModelLabel;ModelReference;NominalHeight;NominalLength;NominalWidth;;ProductionYear;Reference;ReplacementCost;Shape;Size;SustainabilityPerformance;WarrantyDescription;WarrantyDurationLabor;WarrantyDurationParts;WarrantyGuarantorLabor;WarrantyGuarantorParts;;;;;;;;;;;;;;;;;;;;;;;;;;;;;;;;;;;;;;;;;;;;;;;;;;;;;;;;;;;;False;False;False;Basic Wall:Interior - Partition (92mm Stud);;;
2O2Fr$t4X7Zf8NOew3FNbT;IfcWallStandardCase;IfcWallStandardCase;Basic Wall:Party Wall - CMU Residential Unit Dimising Wall:139234;;Plasterboard;Level 1;True;;;;;;;;;1;23-25 30 24 14;Masonry Structural Walls;;;;;Level 1;0.0;;0.0;;False;;;;;;;;;;0.0;;;;;False;True;;;Up to level: Level 2;0.0;;-0.3050000000000002;False;2.795000000000378;;;;;;;;;;;;;11.74179500000078;;;4.191499999999984;;;;;;;5.788704935000469;;;;;;;;;;;AssetIdentifier;BarCode;;;InstallationDate;SerialNumber;;TagNumber;WarrantyStartDate;New Construction;;;;;;;;;;;;;;;;;;;;;;;;;0.0;;;;;;5.0;;;;;;;;;;;0.5500000000000002;0.0;0.0;;;;;;;;;;;;;;;;;;;;;;;;;;;;;0.0;;;;;;;Manufacturer;;;;;;;;;;;;;;;;;;;;;;;;;AccessibilityPerformance;;FIXED;23-25 30 24 14;Masonry Structural Walls;CodePerformance;Color;;Constituents;;ExpectedLife;Features;Finish;;;Grade;;Material;ModelLabel;ModelReference;NominalHeight;NominalLength;NominalWidth;;ProductionYear;Reference;ReplacementCost;Shape;Size;SustainabilityPerformance;WarrantyDescription;WarrantyDurationLabor;WarrantyDurationParts;WarrantyGuarantorLabor;WarrantyGuarantorParts;;;;;;;;;;;;;;;;;;;;;;;;;;;;;;;;;;;;;;;;;;;;;;;;;;;;;;;;;;;;False;True;False;Basic Wall:Party Wall - CMU Residential Unit Dimising Wall;;;
2O2Fr$t4X7Zf8NOew3FKRi;IfcWallStandardCase;IfcWallStandardCase;Basic Wall:Party Wall - CMU Residential Unit Dimising Wall:139347;;Plasterboard;Level 1;True;;;;;;;;;1;23-25 30 24 14;Masonry Structural Walls;;;;;Level 1;0.0;;0.0;;False;;;;;;;;;;0.0;;;;;False;True;;;Up to level: Level 2;0.0;;-0.3050000000000001;False;2.795000000000378;;;;;;;;;;;;;11.74179500000083;;;4.1915;;;;;;;5.788704935000408;;;;;;;;;;;AssetIdentifier;BarCode;;;InstallationDate;SerialNumber;;TagNumber;WarrantyStartDate;New Construction;;;;;;;;;;;;;;;;;;;;;;;;;0.0;;;;;;5.0;;;;;;;;;;;0.5500000000000002;0.0;0.0;;;;;;;;;;;;;;;;;;;;;;;;;;;;;0.0;;;;;;;Manufacturer;;;;;;;;;;;;;;;;;;;;;;;;;AccessibilityPerformance;;FIXED;23-25 30 24 14;Masonry Structural Walls;CodePerformance;Color;;Constituents;;ExpectedLife;Features;Finish;;;Grade;;Material;ModelLabel;ModelReference;NominalHeight;NominalLength;NominalWidth;;ProductionYear;Reference;ReplacementCost;Shape;Size;SustainabilityPerformance;WarrantyDescription;WarrantyDurationLabor;WarrantyDurationParts;WarrantyGuarantorLabor;WarrantyGuarantorParts;;;;;;;;;;;;;;;;;;;;;;;;;;;;;;;;;;;;;;;;;;;;;;;;;;;;;;;;;;;;False;True;False;Basic Wall:Party Wall - CMU Residential Unit Dimising Wall;;;
2O2Fr$t4X7Zf8NOew3FKRH;IfcWallStandardCase;IfcWallStandardCase;Basic Wall:Party Wall - CMU Residential Unit Dimising Wall:139374;;Plasterboard;Level 1;True;;;;;;;;;1;23-25 30 24 14;Masonry Structural Walls;;;;;Level 1;0.0;;0.0;;False;;;;;;;;;;0.0;;;;;False;True;;;Up to level: Level 2;0.0;;-0.3050000000000001;False;2.795000000000378;;;;;;;;;;;;;;;;2.200000000000027;;;;;;;2.010723000000178;;;;;;;;;;;AssetIdentifier;BarCode;;;InstallationDate;SerialNumber;;TagNumber;WarrantyStartDate;New Construction;;;;;;;;;;;;;;;;;;;;;;;;;0.0;;;;;;5.0;;;;;;;;;;;0.5500000000000002;0.0;0.0;;;;;;;;;;;;;;;;;;;;;;;;;;;;;0.0;;;;;;;Manufacturer;;;;;;;;;;;;;;;;;;;;;;;;;AccessibilityPerformance;;FIXED;23-25 30 24 14;Masonry Structural Walls;CodePerformance;Color;;Constituents;;ExpectedLife;Features;Finish;;;Grade;;Material;ModelLabel;ModelReference;NominalHeight;NominalLength;NominalWidth;;ProductionYear;Reference;ReplacementCost;Shape;Size;SustainabilityPerformance;WarrantyDescription;WarrantyDurationLabor;WarrantyDurationParts;WarrantyGuarantorLabor;WarrantyGuarantorParts;;;;;;;;;;;;;;;;;;;;;;;;;;;;;;;;;;;;;;;;;;;;;;;;;;;;;;;;;;;;False;True;False;Basic Wall:Party Wall - CMU Residential Unit Dimising Wall;;;
2O2Fr$t4X7Zf8NOew3FKIu;IfcWallStandardCase;IfcWallStandardCase;Basic Wall:Interior - Partition (92mm Stud):139783;;Plasterboard;Level 1;False;;;;;;;;;1;23-25 40 11 11 11;Metal-Framed Gypsum Board Fixed Partitions;;;;;Level 1;0.0;;0.0;;False;;;;;;;;;;3.0;;;;;False;True;;;Up to level: Level 2;0.0;;-0.3050000000000001;False;2.795000000000378;;;;;;;;;;;;;4.069520000000288;;;1.594;;;;;;;0.5046204800000355;;;;;;;;;;;AssetIdentifier;BarCode;;;InstallationDate;SerialNumber;;TagNumber;WarrantyStartDate;New Construction;;;;;;;;;;;;;;;;;;;;;;;;;0.0;;;;;;0.0;;;;;;;;;;;0.124;2.0;0.0;;;;;;;;;;;;;;;;;;;;;;;;;;;;;0.0;;;;;;;Manufacturer;;;;;;;;;;;;;;;;;;;;;;;;;AccessibilityPerformance;;FIXED;23-25 40 11 11 11;Metal-Framed Gypsum Board Fixed Partitions;CodePerformance;Color;;Constituents;;ExpectedLife;Features;Finish;;;Grade;;Material;ModelLabel;ModelReference;NominalHeight;NominalLength;NominalWidth;;ProductionYear;Reference;ReplacementCost;Shape;Size;SustainabilityPerformance;WarrantyDescription;WarrantyDurationLabor;WarrantyDurationParts;WarrantyGuarantorLabor;WarrantyGuarantorParts;;;;;;;;;;;;;;;;;;;;;;;;;;;;;;;;;;;;;;;;;;;;;;;;;;;;;;;;;;;;False;False;False;Basic Wall:Interior - Partition (92mm Stud);;;
2O2Fr$t4X7Zf8NOew3FKGS;IfcWallStandardCase;IfcWallStandardCase;Basic Wall:Interior - Partition (92mm Stud):139939;;Plasterboard;Level 1;False;;;;;;;;;1;23-25 40 11 11 11;Metal-Framed Gypsum Board Fixed Partitions;;;;;Level 1;0.0;;0.0;;False;;;;;;;;;;3.0;;;;;False;True;;;Up to level: Level 2;0.0;;-0.3050000000000001;False;2.795000000000378;;;;;;;;;;;;;10.01448500000068;;;3.791499999999991;;;;;;;1.241796140000083;;;;;;;;;;;AssetIdentifier;BarCode;;;InstallationDate;SerialNumber;;TagNumber;WarrantyStartDate;New Construction;;;;;;;;;;;;;;;;;;;;;;;;;0.0;;;;;;0.0;;;;;;;;;;;0.124;2.0;0.0;;;;;;;;;;;;;;;;;;;;;;;;;;;;;0.0;;;;;;;Manufacturer;;;;;;;;;;;;;;;;;;;;;;;;;AccessibilityPerformance;;FIXED;23-25 40 11 11 11;Metal-Framed Gypsum Board Fixed Partitions;CodePerformance;Color;;Constituents;;ExpectedLife;Features;Finish;;;Grade;;Material;ModelLabel;ModelReference;NominalHeight;NominalLength;NominalWidth;;ProductionYear;Reference;ReplacementCost;Shape;Size;SustainabilityPerformance;WarrantyDescription;WarrantyDurationLabor;WarrantyDurationParts;WarrantyGuarantorLabor;WarrantyGuarantorParts;;;;;;;;;;;;;;;;;;;;;;;;;;;;;;;;;;;;;;;;;;;;;;;;;;;;;;;;;;;;False;False;False;Basic Wall:Interior - Partition (92mm Stud);;;
2O2Fr$t4X7Zf8NOew3FK80;IfcWallStandardCase;IfcWallStandardCase;Basic Wall:Foundation - Concrete (417mm):140479;;Concrete - Cast In Situ;T/FDN;True;;;;;;;;;1;23-25 30 24 11;Concrete Structural Walls;True;;;;T/FDN;0.0;;0.0;;False;;;;;;;;;;3.0;;;;;False;True;;;Up to level: Level 1;0.0;;0.0;False;1.25;;;;;;;;;;;;;11.0;;;8.383000000000003;;;;;;;4.587000000000002;;;;;;;;;;;AssetIdentifier;BarCode;;;InstallationDate;SerialNumber;;TagNumber;WarrantyStartDate;New Construction;;;;;;;;;;;;;;;;;;;Rebar Cover 1 <0.025>;Rebar Cover 1 <0.025>;Rebar Cover 1 <0.025>;;;;1.0;;;;;;2.0;;;;;;;;;;;0.417;0.0;0.0;;;;;;;;;;;;;;;;;;;;;;;;;;;;;0.0;Concrete;;;;;;Manufacturer;;;;;;;;;;;;;;;;;;;;;;;;;AccessibilityPerformance;;FIXED;23-25 30 24 11;Concrete Structural Walls;CodePerformance;Color;;Constituents;;ExpectedLife;Features;Finish;;;Grade;;Material;ModelLabel;ModelReference;NominalHeight;NominalLength;NominalWidth;;ProductionYear;Reference;ReplacementCost;Shape;Size;SustainabilityPerformance;WarrantyDescription;WarrantyDurationLabor;WarrantyDurationParts;WarrantyGuarantorLabor;WarrantyGuarantorParts;;;;;;;;;;;;;;;;;;;;;;;;;;;;;;;;;;;;;;;;;;;;;;;;;;;;;;;;;;;;False;True;True;Basic Wall:Foundation - Concrete (417mm);;;
2O2Fr$t4X7Zf8NOew3FK9N;IfcWallStandardCase;IfcWallStandardCase;Basic Wall:Foundation - Concrete (417mm):140520;;Concrete - Cast In Situ;T/FDN;True;;;;;;;;;1;23-25 30 24 11;Concrete Structural Walls;True;;;;T/FDN;0.0;;0.0;;False;;;;;;;;;;3.0;;;;;False;True;;;Up to level: Level 1;0.0;;0.0;False;1.25;;;;;;;;;;;;;21.72874999999998;;;17.38299999999999;;;;;;;9.06088875;;;;;;;;;;;AssetIdentifier;BarCode;;;InstallationDate;SerialNumber;;TagNumber;WarrantyStartDate;New Construction;;;;;;;;;;;;;;;;;;;Rebar Cover 1 <0.025>;Rebar Cover 1 <0.025>;Rebar Cover 1 <0.025>;;;;1.0;;;;;;2.0;;;;;;;;;;;0.417;0.0;0.0;;;;;;;;;;;;;;;;;;;;;;;;;;;;;0.0;Concrete;;;;;;Manufacturer;;;;;;;;;;;;;;;;;;;;;;;;;AccessibilityPerformance;;FIXED;23-25 30 24 11;Concrete Structural Walls;CodePerformance;Color;;Constituents;;ExpectedLife;Features;Finish;;;Grade;;Material;ModelLabel;ModelReference;NominalHeight;NominalLength;NominalWidth;;ProductionYear;Reference;ReplacementCost;Shape;Size;SustainabilityPerformance;WarrantyDescription;WarrantyDurationLabor;WarrantyDurationParts;WarrantyGuarantorLabor;WarrantyGuarantorParts;;;;;;;;;;;;;;;;;;;;;;;;;;;;;;;;;;;;;;;;;;;;;;;;;;;;;;;;;;;;False;True;True;Basic Wall:Foundation - Concrete (417mm);;;
2O2Fr$t4X7Zf8NOew3FKEr;IfcWallStandardCase;IfcWallStandardCase;Basic Wall:Foundation - Concrete (417mm):140554;;Concrete - Cast In Situ;T/FDN;True;;;;;;;;;1;23-25 30 24 11;Concrete Structural Walls;True;;;;T/FDN;0.0;;0.0;;False;;;;;;;;;;3.0;;;;;False;True;;;Up to level: Level 1;0.0;;0.0;False;1.25;;;;;;;;;;;;;10.47874999999997;;;8.382999999999976;;;;;;;4.36963874999999;;;;;;;;;;;AssetIdentifier;BarCode;;;InstallationDate;SerialNumber;;TagNumber;WarrantyStartDate;New Construction;;;;;;;;;;;;;;;;;;;Rebar Cover 1 <0.025>;Rebar Cover 1 <0.025>;Rebar Cover 1 <0.025>;;;;1.0;;;;;;2.0;;;;;;;;;;;0.417;0.0;0.0;;;;;;;;;;;;;;;;;;;;;;;;;;;;;0.0;Concrete;;;;;;Manufacturer;;;;;;;;;;;;;;;;;;;;;;;;;AccessibilityPerformance;;FIXED;23-25 30 24 11;Concrete Structural Walls;CodePerformance;Color;;Constituents;;ExpectedLife;Features;Finish;;;Grade;;Material;ModelLabel;ModelReference;NominalHeight;NominalLength;NominalWidth;;ProductionYear;Reference;ReplacementCost;Shape;Size;SustainabilityPerformance;WarrantyDescription;WarrantyDurationLabor;WarrantyDurationParts;WarrantyGuarantorLabor;WarrantyGuarantorParts;;;;;;;;;;;;;;;;;;;;;;;;;;;;;;;;;;;;;;;;;;;;;;;;;;;;;;;;;;;;False;True;True;Basic Wall:Foundation - Concrete (417mm);;;
2O2Fr$t4X7Zf8NOew3FKE5;IfcWallStandardCase;IfcWallStandardCase;Basic Wall:Foundation - Concrete (417mm):140602;;Concrete - Cast In Situ;T/FDN;True;;;;;;;;;1;23-25 30 24 11;Concrete Structural Walls;True;;;;T/FDN;0.0;;0.0;;False;;;;;;;;;;3.0;;;;;False;True;;;Up to level: Level 1;0.0;;0.0;False;1.25;;;;;;;;;;;;;21.20749999999998;;;17.38299999999999;;;;;;;8.84352749999999;;;;;;;;;;;AssetIdentifier;BarCode;;;InstallationDate;SerialNumber;;TagNumber;WarrantyStartDate;New Construction;;;;;;;;;;;;;;;;;;;Rebar Cover 1 <0.025>;Rebar Cover 1 <0.025>;Rebar Cover 1 <0.025>;;;;1.0;;;;;;2.0;;;;;;;;;;;0.417;0.0;0.0;;;;;;;;;;;;;;;;;;;;;;;;;;;;;0.0;Concrete;;;;;;Manufacturer;;;;;;;;;;;;;;;;;;;;;;;;;AccessibilityPerformance;;FIXED;23-25 30 24 11;Concrete Structural Walls;CodePerformance;Color;;Constituents;;ExpectedLife;Features;Finish;;;Grade;;Material;ModelLabel;ModelReference;NominalHeight;NominalLength;NominalWidth;;ProductionYear;Reference;ReplacementCost;Shape;Size;SustainabilityPerformance;WarrantyDescription;WarrantyDurationLabor;WarrantyDurationParts;WarrantyGuarantorLabor;WarrantyGuarantorParts;;;;;;;;;;;;;;;;;;;;;;;;;;;;;;;;;;;;;;;;;;;;;;;;;;;;;;;;;;;;False;True;True;Basic Wall:Foundation - Concrete (417mm);;;
2O2Fr$t4X7Zf8NOew3FK3E;IfcWallStandardCase;IfcWallStandardCase;Basic Wall:Foundation - Concrete (435mm):140913;;Concrete - Cast In Situ;T/FDN;True;;;;;;;;;1;23-25 30 24 11;Concrete Structural Walls;True;;;;T/FDN;0.0;;0.0;;False;;;;;;;;;;0.0;;;;;False;True;;;Up to level: Level 1;0.0;;0.0;False;1.25;;;;;;;;;;;;;5.250624999999992;;;4.191499999999992;;;;;;;2.284021874999995;;;;;;;;;;;AssetIdentifier;BarCode;;;InstallationDate;SerialNumber;;TagNumber;WarrantyStartDate;New Construction;;;;;;;;;;;;;;;;;;;Rebar Cover 1 <0.025>;Rebar Cover 1 <0.025>;Rebar Cover 1 <0.025>;;;;1.0;;;;;;2.0;;;;;;;;;;;0.435;0.0;0.0;;;;;;;;;;;;;;;;;;;;;;;;;;;;;0.0;Concrete;;;;;;Manufacturer;;;;;;;;;;;;;;;;;;;;;;;;;AccessibilityPerformance;;FIXED;23-25 30 24 11;Concrete Structural Walls;CodePerformance;Color;;Constituents;;ExpectedLife;Features;Finish;;;Grade;;Material;ModelLabel;ModelReference;NominalHeight;NominalLength;NominalWidth;;ProductionYear;Reference;ReplacementCost;Shape;Size;SustainabilityPerformance;WarrantyDescription;WarrantyDurationLabor;WarrantyDurationParts;WarrantyGuarantorLabor;WarrantyGuarantorParts;;;;;;;;;;;;;;;;;;;;;;;;;;;;;;;;;;;;;;;;;;;;;;;;;;;;;;;;;;;;False;True;True;Basic Wall:Foundation - Concrete (435mm);;;
2O2Fr$t4X7Zf8NOew3FK04;IfcWallStandardCase;IfcWallStandardCase;Basic Wall:Foundation - Concrete (435mm):140987;;Concrete - Cast In Situ;T/FDN;True;;;;;;;;;1;23-25 30 24 11;Concrete Structural Walls;True;;;;T/FDN;0.0;;0.0;;False;;;;;;;;;;0.0;;;;;False;True;;;Up to level: Level 1;0.0;;0.0;False;1.25;;;;;;;;;;;;;5.25062499999999;;;4.191499999999992;;;;;;;2.284021875;;;;;;;;;;;AssetIdentifier;BarCode;;;InstallationDate;SerialNumber;;TagNumber;WarrantyStartDate;New Construction;;;;;;;;;;;;;;;;;;;Rebar Cover 1 <0.025>;Rebar Cover 1 <0.025>;Rebar Cover 1 <0.025>;;;;1.0;;;;;;2.0;;;;;;;;;;;0.435;0.0;0.0;;;;;;;;;;;;;;;;;;;;;;;;;;;;;0.0;Concrete;;;;;;Manufacturer;;;;;;;;;;;;;;;;;;;;;;;;;AccessibilityPerformance;;FIXED;23-25 30 24 11;Concrete Structural Walls;CodePerformance;Color;;Constituents;;ExpectedLife;Features;Finish;;;Grade;;Material;ModelLabel;ModelReference;NominalHeight;NominalLength;NominalWidth;;ProductionYear;Reference;ReplacementCost;Shape;Size;SustainabilityPerformance;WarrantyDescription;WarrantyDurationLabor;WarrantyDurationParts;WarrantyGuarantorLabor;WarrantyGuarantorParts;;;;;;;;;;;;;;;;;;;;;;;;;;;;;;;;;;;;;;;;;;;;;;;;;;;;;;;;;;;;False;True;True;Basic Wall:Foundation - Concrete (435mm);;;
2O2Fr$t4X7Zf8NOew3FK1b;IfcWallStandardCase;IfcWallStandardCase;Basic Wall:Foundation - Concrete (435mm):141018;;Concrete - Cast In Situ;T/FDN;True;;;;;;;;;1;23-25 30 24 11;Concrete Structural Walls;True;;;;T/FDN;0.0;;0.0;;False;;;;;;;;;;0.0;;;;;False;True;;;Up to level: Level 1;0.0;;-0.127;False;1.123;;;;;;;;;;;;;1.982095000000031;;;2.200000000000026;;;;;;;0.8622113250000139;;;;;;;;;;;AssetIdentifier;BarCode;;;InstallationDate;SerialNumber;;TagNumber;WarrantyStartDate;New Construction;;;;;;;;;;;;;;;;;;;Rebar Cover 1 <0.025>;Rebar Cover 1 <0.025>;Rebar Cover 1 <0.025>;;;;1.0;;;;;;2.0;;;;;;;;;;;0.435;0.0;0.0;;;;;;;;;;;;;;;;;;;;;;;;;;;;;0.0;Concrete;;;;;;Manufacturer;;;;;;;;;;;;;;;;;;;;;;;;;AccessibilityPerformance;;FIXED;23-25 30 24 11;Concrete Structural Walls;CodePerformance;Color;;Constituents;;ExpectedLife;Features;Finish;;;Grade;;Material;ModelLabel;ModelReference;NominalHeight;NominalLength;NominalWidth;;ProductionYear;Reference;ReplacementCost;Shape;Size;SustainabilityPerformance;WarrantyDescription;WarrantyDurationLabor;WarrantyDurationParts;WarrantyGuarantorLabor;WarrantyGuarantorParts;;;;;;;;;;;;;;;;;;;;;;;;;;;;;;;;;;;;;;;;;;;;;;;;;;;;;;;;;;;;False;True;True;Basic Wall:Foundation - Concrete (435mm);;;
2O2Fr$t4X7Zf8NOew3FLMr;IfcWallStandardCase;IfcWallStandardCase;Basic Wall:Interior - Plumbing (152mm Stud):144138;;Plasterboard;Level 2;False;;;;;;;;;1;23-25 40 11 11 11;Metal-Framed Gypsum Board Fixed Partitions;;;;;Level 2;0.0;;0.0;;False;;;;;;;;;;2.0;;;;;False;True;;;Up to level: Roof;0.0;;0.0;False;2.900000000000013;;;;;;;;;;;;;4.69509999999999;;;1.95599999999999;;;;;;;0.8638984000000003;;;;;;;;;;;AssetIdentifier;BarCode;;;InstallationDate;SerialNumber;;TagNumber;WarrantyStartDate;New Construction;;;;;;;;;;;;;;;;;;;;;;;;;0.0;;;;;;0.0;;;;;;;;;;;0.184;0.0;0.0;;;;;;;;;;;;;;;;;;;;;;;;;;;;;0.0;;;;;;;Manufacturer;;;;;;;;;;;;;;;;;;;;;;;;;AccessibilityPerformance;;FIXED;23-25 40 11 11 11;Metal-Framed Gypsum Board Fixed Partitions;CodePerformance;Color;;Constituents;;ExpectedLife;Features;Finish;;;Grade;;Material;ModelLabel;ModelReference;NominalHeight;NominalLength;NominalWidth;;ProductionYear;Reference;ReplacementCost;Shape;Size;SustainabilityPerformance;WarrantyDescription;WarrantyDurationLabor;WarrantyDurationParts;WarrantyGuarantorLabor;WarrantyGuarantorParts;;;;;;;;;;;;;;;;;;;;;;;;;;;;;;;;;;;;;;;;;;;;;;;;;;;;;;;;;;;;False;False;False;Basic Wall:Interior - Plumbing (152mm Stud);;;
2O2Fr$t4X7Zf8NOew3FLKI;IfcWallStandardCase;IfcWallStandardCase;Basic Wall:Interior - Partition (92mm Stud):144301;;Plasterboard;Level 2;False;;;;;;;;;1;23-25 40 11 11 11;Metal-Framed Gypsum Board Fixed Partitions;;;;;Level 2;0.0;;0.0;;False;;;;;;;;;;2.0;;;;;False;True;;;Up to level: Roof;0.0;;0.0;False;2.900000000000013;;;;;;;;;;;;;4.69509999999999;;;1.95599999999999;;;;;;;0.5821923999999986;;;;;;;;;;;AssetIdentifier;BarCode;;;InstallationDate;SerialNumber;;TagNumber;WarrantyStartDate;New Construction;;;;;;;;;;;;;;;;;;;;;;;;;0.0;;;;;;0.0;;;;;;;;;;;0.124;2.0;0.0;;;;;;;;;;;;;;;;;;;;;;;;;;;;;0.0;;;;;;;Manufacturer;;;;;;;;;;;;;;;;;;;;;;;;;AccessibilityPerformance;;FIXED;23-25 40 11 11 11;Metal-Framed Gypsum Board Fixed Partitions;CodePerformance;Color;;Constituents;;ExpectedLife;Features;Finish;;;Grade;;Material;ModelLabel;ModelReference;NominalHeight;NominalLength;NominalWidth;;ProductionYear;Reference;ReplacementCost;Shape;Size;SustainabilityPerformance;WarrantyDescription;WarrantyDurationLabor;WarrantyDurationParts;WarrantyGuarantorLabor;WarrantyGuarantorParts;;;;;;;;;;;;;;;;;;;;;;;;;;;;;;;;;;;;;;;;;;;;;;;;;;;;;;;;;;;;False;False;False;Basic Wall:Interior - Partition (92mm Stud);;;
2O2Fr$t4X7Zf8NOew3FLEJ;IfcWallStandardCase;IfcWallStandardCase;Basic Wall:Interior - Partition (92mm Stud):144684;;Plasterboard;Level 2;False;;;;;;;;;1;23-25 40 11 11 11;Metal-Framed Gypsum Board Fixed Partitions;;;;;Level 2;0.0;;0.0;;False;;;;;;;;;;2.0;;;;;False;True;;;Up to level: Roof;0.0;;0.0;False;2.900000000000013;;;;;;;;;;;;;4.695100000000069;;;1.956000000000018;;;;;;;0.5821924000000085;;;;;;;;;;;AssetIdentifier;BarCode;;;InstallationDate;SerialNumber;;TagNumber;WarrantyStartDate;New Construction;;;;;;;;;;;;;;;;;;;;;;;;;0.0;;;;;;0.0;;;;;;;;;;;0.124;2.0;0.0;;;;;;;;;;;;;;;;;;;;;;;;;;;;;0.0;;;;;;;Manufacturer;;;;;;;;;;;;;;;;;;;;;;;;;AccessibilityPerformance;;FIXED;23-25 40 11 11 11;Metal-Framed Gypsum Board Fixed Partitions;CodePerformance;Color;;Constituents;;ExpectedLife;Features;Finish;;;Grade;;Material;ModelLabel;ModelReference;NominalHeight;NominalLength;NominalWidth;;ProductionYear;Reference;ReplacementCost;Shape;Size;SustainabilityPerformance;WarrantyDescription;WarrantyDurationLabor;WarrantyDurationParts;WarrantyGuarantorLabor;WarrantyGuarantorParts;;;;;;;;;;;;;;;;;;;;;;;;;;;;;;;;;;;;;;;;;;;;;;;;;;;;;;;;;;;;False;False;False;Basic Wall:Interior - Partition (92mm Stud);;;
2O2Fr$t4X7Zf8NOew3FLCm;IfcWallStandardCase;IfcWallStandardCase;Basic Wall:Interior - Plumbing (152mm Stud):144783;;Plasterboard;Level 2;False;;;;;;;;;1;23-25 40 11 11 11;Metal-Framed Gypsum Board Fixed Partitions;;;;;Level 2;0.0;;0.0;;False;;;;;;;;;;2.0;;;;;False;True;;;Up to level: Roof;0.0;;0.0;False;2.900000000000013;;;;;;;;;;;;;4.695100000000073;;;1.956000000000018;;;;;;;0.8638984000000101;;;;;;;;;;;AssetIdentifier;BarCode;;;InstallationDate;SerialNumber;;TagNumber;WarrantyStartDate;New Construction;;;;;;;;;;;;;;;;;;;;;;;;;0.0;;;;;;0.0;;;;;;;;;;;0.184;0.0;0.0;;;;;;;;;;;;;;;;;;;;;;;;;;;;;0.0;;;;;;;Manufacturer;;;;;;;;;;;;;;;;;;;;;;;;;AccessibilityPerformance;;FIXED;23-25 40 11 11 11;Metal-Framed Gypsum Board Fixed Partitions;CodePerformance;Color;;Constituents;;ExpectedLife;Features;Finish;;;Grade;;Material;ModelLabel;ModelReference;NominalHeight;NominalLength;NominalWidth;;ProductionYear;Reference;ReplacementCost;Shape;Size;SustainabilityPerformance;WarrantyDescription;WarrantyDurationLabor;WarrantyDurationParts;WarrantyGuarantorLabor;WarrantyGuarantorParts;;;;;;;;;;;;;;;;;;;;;;;;;;;;;;;;;;;;;;;;;;;;;;;;;;;;;;;;;;;;False;False;False;Basic Wall:Interior - Plumbing (152mm Stud);;;
2O2Fr$t4X7Zf8NOew3FNqI;IfcWallStandardCase;IfcWallStandardCase;Basic Wall:Exterior - Brick on Block:138157;;Masonry - Brick;Level 1;True;;;;;;;;;1;23-25 30 24 14;Masonry Structural Walls;;;;;Level 1;0.0;;0.0;;False;;;;;;;;;;2.0;;;;;False;True;;;Up to level: Level 2;0.0;;0.0;False;3.100000000000378;;;;;;;;;;;;;49.72480000000331;;;17.38299999999997;;;;;;;20.73524160000141;;;;;;;;;;;AssetIdentifier;BarCode;;;InstallationDate;SerialNumber;;TagNumber;WarrantyStartDate;New Construction;;;;;;;;;;;;;;;;;;;;;;;;;0.0;;;;;;1.0;;;;;;;;;;;0.4170000000000001;0.0;0.0;;;;;;;;;;;;;;;;;;;;;;;;;;;;;0.0;;;;;;;Manufacturer;;;;;;;;;;;;;;;;;;;;;;;;;AccessibilityPerformance;;FIXED;23-25 30 24 14;Masonry Structural Walls;CodePerformance;Color;;Constituents;;ExpectedLife;Features;Finish;;;Grade;;Material;ModelLabel;ModelReference;NominalHeight;NominalLength;NominalWidth;;ProductionYear;Reference;ReplacementCost;Shape;Size;SustainabilityPerformance;WarrantyDescription;WarrantyDurationLabor;WarrantyDurationParts;WarrantyGuarantorLabor;WarrantyGuarantorParts;;;;;;;;;;;;;;;;;;;;;;;;;;;;;;;;;;;;;;;;;;;;;;;;;;;;;;;;;;;;False;True;False;Basic Wall:Exterior - Brick on Block;;;
2O2Fr$t4X7Zf8NOew3FNhv;IfcWallStandardCase;IfcWallStandardCase;Basic Wall:Exterior - Brick on Block:138310;;Masonry - Brick;Level 1;True;;;;;;;;;1;23-25 30 24 14;Masonry Structural Walls;;;;;Level 1;0.0;;0.0;;False;;;;;;;;;;2.0;;;;;False;True;;;Up to level: Level 2;0.0;;0.0;False;3.100000000000378;;;;;;;;;;;;;48.43210000000325;;;17.38299999999997;;;;;;;20.19618570000135;;;;;;;;;;;AssetIdentifier;BarCode;;;InstallationDate;SerialNumber;;TagNumber;WarrantyStartDate;New Construction;;;;;;;;;;;;;;;;;;;;;;;;;0.0;;;;;;1.0;;;;;;;;;;;0.4170000000000001;0.0;0.0;;;;;;;;;;;;;;;;;;;;;;;;;;;;;0.0;;;;;;;Manufacturer;;;;;;;;;;;;;;;;;;;;;;;;;AccessibilityPerformance;;FIXED;23-25 30 24 14;Masonry Structural Walls;CodePerformance;Color;;Constituents;;ExpectedLife;Features;Finish;;;Grade;;Material;ModelLabel;ModelReference;NominalHeight;NominalLength;NominalWidth;;ProductionYear;Reference;ReplacementCost;Shape;Size;SustainabilityPerformance;WarrantyDescription;WarrantyDurationLabor;WarrantyDurationParts;WarrantyGuarantorLabor;WarrantyGuarantorParts;;;;;;;;;;;;;;;;;;;;;;;;;;;;;;;;;;;;;;;;;;;;;;;;;;;;;;;;;;;;False;True;False;Basic Wall:Exterior - Brick on Block;;;
2O2Fr$t4X7Zf8NOew3FLQD;IfcWallStandardCase;IfcWallStandardCase;Basic Wall:Exterior - Brick on Block:143410;;Masonry - Brick;Level 2;True;;;;;;;;;1;23-25 30 24 14;Masonry Structural Walls;;;;;Level 2;0.0;;0.0;;False;;;;;;;;;;2.0;;;;;False;True;;;Up to level: Roof;0.0;;0.0;False;2.900000000000013;;;;;;;;;;;;;16.90713700000012;;;8.383000000000001;;;;;;;6.54599802900005;;;;;;;;;;;AssetIdentifier;BarCode;;;InstallationDate;SerialNumber;;TagNumber;WarrantyStartDate;New Construction;;;;;;;;;;;;;;;;;;;;;;;;;0.0;;;;;;1.0;;;;;;;;;;;0.4170000000000001;0.0;0.0;;;;;;;;;;;;;;;;;;;;;;;;;;;;;0.0;;;;;;;Manufacturer;;;;;;;;;;;;;;;;;;;;;;;;;AccessibilityPerformance;;FIXED;23-25 30 24 14;Masonry Structural Walls;CodePerformance;Color;;Constituents;;ExpectedLife;Features;Finish;;;Grade;;Material;ModelLabel;ModelReference;NominalHeight;NominalLength;NominalWidth;;ProductionYear;Reference;ReplacementCost;Shape;Size;SustainabilityPerformance;WarrantyDescription;WarrantyDurationLabor;WarrantyDurationParts;WarrantyGuarantorLabor;WarrantyGuarantorParts;;;;;;;;;;;;;;;;;;;;;;;;;;;;;;;;;;;;;;;;;;;;;;;;;;;;;;;;;;;;False;True;False;Basic Wall:Exterior - Brick on Block;;;
2O2Fr$t4X7Zf8NOew3FLOH;IfcWallStandardCase;IfcWallStandardCase;Basic Wall:Exterior - Brick on Block:143534;;Masonry - Brick;Level 2;True;;;;;;;;;1;23-25 30 24 14;Masonry Structural Walls;;;;;Level 2;0.0;;0.0;;False;;;;;;;;;;2.0;;;;;False;True;;;Up to level: Roof;0.0;;0.0;False;2.900000000000013;;;;;;;;;;;;;16.90713700000003;;;8.382999999999972;;;;;;;6.54599802900002;;;;;;;;;;;AssetIdentifier;BarCode;;;InstallationDate;SerialNumber;;TagNumber;WarrantyStartDate;New Construction;;;;;;;;;;;;;;;;;;;;;;;;;0.0;;;;;;1.0;;;;;;;;;;;0.4170000000000001;0.0;0.0;;;;;;;;;;;;;;;;;;;;;;;;;;;;;0.0;;;;;;;Manufacturer;;;;;;;;;;;;;;;;;;;;;;;;;AccessibilityPerformance;;FIXED;23-25 30 24 14;Masonry Structural Walls;CodePerformance;Color;;Constituents;;ExpectedLife;Features;Finish;;;Grade;;Material;ModelLabel;ModelReference;NominalHeight;NominalLength;NominalWidth;;ProductionYear;Reference;ReplacementCost;Shape;Size;SustainabilityPerformance;WarrantyDescription;WarrantyDurationLabor;WarrantyDurationParts;WarrantyGuarantorLabor;WarrantyGuarantorParts;;;;;;;;;;;;;;;;;;;;;;;;;;;;;;;;;;;;;;;;;;;;;;;;;;;;;;;;;;;;False;True;False;Basic Wall:Exterior - Brick on Block;;;
2O2Fr$t4X7Zf8NOew3FKST;IfcWallStandardCase;IfcWallStandardCase;Basic Wall:Interior - Partition (92mm Stud):139682;;Plasterboard;Level 1;False;;;;;;;;;1;23-25 40 11 11 11;Metal-Framed Gypsum Board Fixed Partitions;;;;;Level 1;0.0;;0.0;;False;;;;;;;;;;3.0;;;;;False;True;;;Up to level: Level 2;0.0;;-0.3050000000000001;False;2.795000000000378;;;;;;;;;;;;;6.613016000000686;;;3.19500000000004;;;;;;;0.8200139840000846;;;;;;;;;;;AssetIdentifier;BarCode;;;InstallationDate;SerialNumber;;TagNumber;WarrantyStartDate;New Construction;;;;;;;;;;;;;;;;;;;;;;;;;0.0;;;;;;0.0;;;;;;;;;;;0.124;2.0;0.0;;;;;;;;;;;;;;;;;;;;;;;;;;;;;0.0;;;;;;;Manufacturer;;;;;;;;;;;;;;;;;;;;;;;;;AccessibilityPerformance;;FIXED;23-25 40 11 11 11;Metal-Framed Gypsum Board Fixed Partitions;CodePerformance;Color;;Constituents;;ExpectedLife;Features;Finish;;;Grade;;Material;ModelLabel;ModelReference;NominalHeight;NominalLength;NominalWidth;;ProductionYear;Reference;ReplacementCost;Shape;Size;SustainabilityPerformance;WarrantyDescription;WarrantyDurationLabor;WarrantyDurationParts;WarrantyGuarantorLabor;WarrantyGuarantorParts;;;;;;;;;;;;;;;;;;;;;;;;;;;;;;;;;;;;;;;;;;;;;;;;;;;;;;;;;;;;False;False;False;Basic Wall:Interior - Partition (92mm Stud);;;
2O2Fr$t4X7Zf8NOew3FNau;IfcWallStandardCase;IfcWallStandardCase;Basic Wall:Interior - Partition (92mm Stud):139143;;Plasterboard;Level 1;False;;;;;;;;;1;23-25 40 11 11 11;Metal-Framed Gypsum Board Fixed Partitions;;;;;Level 1;0.0;;0.0;;False;;;;;;;;;;3.0;;;;;False;True;;;Up to level: Level 2;0.0;;-0.3050000000000001;False;2.795000000000378;;;;;;;;;;;;;6.613016000000691;;;3.195000000000043;;;;;;;0.8200139840000854;;;;;;;;;;;AssetIdentifier;BarCode;;;InstallationDate;SerialNumber;;TagNumber;WarrantyStartDate;New Construction;;;;;;;;;;;;;;;;;;;;;;;;;0.0;;;;;;0.0;;;;;;;;;;;0.124;2.0;0.0;;;;;;;;;;;;;;;;;;;;;;;;;;;;;0.0;;;;;;;Manufacturer;;;;;;;;;;;;;;;;;;;;;;;;;AccessibilityPerformance;;FIXED;23-25 40 11 11 11;Metal-Framed Gypsum Board Fixed Partitions;CodePerformance;Color;;Constituents;;ExpectedLife;Features;Finish;;;Grade;;Material;ModelLabel;ModelReference;NominalHeight;NominalLength;NominalWidth;;ProductionYear;Reference;ReplacementCost;Shape;Size;SustainabilityPerformance;WarrantyDescription;WarrantyDurationLabor;WarrantyDurationParts;WarrantyGuarantorLabor;WarrantyGuarantorParts;;;;;;;;;;;;;;;;;;;;;;;;;;;;;;;;;;;;;;;;;;;;;;;;;;;;;;;;;;;;False;False;False;Basic Wall:Interior - Partition (92mm Stud);;;
2O2Fr$t4X7Zf8NOew3FLTF;IfcWallStandardCase;IfcWallStandardCase;Basic Wall:Interior - Partition (92mm Stud):143856;;Plasterboard;Level 1;False;;;;;;;;;1;23-25 40 11 11 11;Metal-Framed Gypsum Board Fixed Partitions;;;;;Level 2;0.0;;-0.4880000000001955;;False;;;;;;;;;;3.0;;;;;False;True;;;Up to level: Roof;0.0;;0.0;False;3.388000000000208;;;;;;;;;;;;;5.321884000000435;;;2.2355;;;;;;;0.6599136160000535;;;;;;;;;;;AssetIdentifier;BarCode;;;InstallationDate;SerialNumber;;TagNumber;WarrantyStartDate;New Construction;;;;;;;;;;;;;;;;;;;;;;;;;0.0;;;;;;0.0;;;;;;;;;;;0.124;2.0;0.0;;;;;;;;;;;;;;;;;;;;;;;;;;;;;0.0;;;;;;;Manufacturer;;;;;;;;;;;;;;;;;;;;;;;;;AccessibilityPerformance;;FIXED;23-25 40 11 11 11;Metal-Framed Gypsum Board Fixed Partitions;CodePerformance;Color;;Constituents;;ExpectedLife;Features;Finish;;;Grade;;Material;ModelLabel;ModelReference;NominalHeight;NominalLength;NominalWidth;;ProductionYear;Reference;ReplacementCost;Shape;Size;SustainabilityPerformance;WarrantyDescription;WarrantyDurationLabor;WarrantyDurationParts;WarrantyGuarantorLabor;WarrantyGuarantorParts;;;;;;;;;;;;;;;;;;;;;;;;;;;;;;;;;;;;;;;;;;;;;;;;;;;;;;;;;;;;False;False;False;Basic Wall:Interior - Partition (92mm Stud);;;
2O2Fr$t4X7Zf8NOew3FL8v;IfcWallStandardCase;IfcWallStandardCase;Basic Wall:Interior - Partition (92mm Stud):144518;;Plasterboard;Level 1;False;;;;;;;;;1;23-25 40 11 11 11;Metal-Framed Gypsum Board Fixed Partitions;;;;;Level 2;0.0;;-0.488;;False;;;;;;;;;;3.0;;;;;False;True;;;Up to level: Roof;0.0;;0.0;False;3.388000000000012;;;;;;;;;;;;;5.321883999999962;;;2.235499999999981;;;;;;;0.659913615999995;;;;;;;;;;;AssetIdentifier;BarCode;;;InstallationDate;SerialNumber;;TagNumber;WarrantyStartDate;New Construction;;;;;;;;;;;;;;;;;;;;;;;;;0.0;;;;;;0.0;;;;;;;;;;;0.124;2.0;0.0;;;;;;;;;;;;;;;;;;;;;;;;;;;;;0.0;;;;;;;Manufacturer;;;;;;;;;;;;;;;;;;;;;;;;;AccessibilityPerformance;;FIXED;23-25 40 11 11 11;Metal-Framed Gypsum Board Fixed Partitions;CodePerformance;Color;;Constituents;;ExpectedLife;Features;Finish;;;Grade;;Material;ModelLabel;ModelReference;NominalHeight;NominalLength;NominalWidth;;ProductionYear;Reference;ReplacementCost;Shape;Size;SustainabilityPerformance;WarrantyDescription;WarrantyDurationLabor;WarrantyDurationParts;WarrantyGuarantorLabor;WarrantyGuarantorParts;;;;;;;;;;;;;;;;;;;;;;;;;;;;;;;;;;;;;;;;;;;;;;;;;;;;;;;;;;;;False;False;False;Basic Wall:Interior - Partition (92mm Stud);;;
2O2Fr$t4X7Zf8NOew3FLJd;IfcWallStandardCase;IfcWallStandardCase;Basic Wall:Interior - Partition (92mm Stud):143960;;Plasterboard;Level 2;False;;;;;;;;;1;23-25 40 11 11 11;Metal-Framed Gypsum Board Fixed Partitions;;;;;Level 2;0.0;;0.0;;False;;;;;;;;;;3.0;;;;;False;True;;;Up to level: Roof;0.0;;0.0;False;2.900000000000013;;;;;;;;;;;;;3.942852000000001;;;2.235499999999992;;;;;;;0.488913648;;;;;;;;;;;AssetIdentifier;BarCode;;;InstallationDate;SerialNumber;;TagNumber;WarrantyStartDate;New Construction;;;;;;;;;;;;;;;;;;;;;;;;;0.0;;;;;;0.0;;;;;;;;;;;0.124;2.0;0.0;;;;;;;;;;;;;;;;;;;;;;;;;;;;;0.0;;;;;;;Manufacturer;;;;;;;;;;;;;;;;;;;;;;;;;AccessibilityPerformance;;FIXED;23-25 40 11 11 11;Metal-Framed Gypsum Board Fixed Partitions;CodePerformance;Color;;Constituents;;ExpectedLife;Features;Finish;;;Grade;;Material;ModelLabel;ModelReference;NominalHeight;NominalLength;NominalWidth;;ProductionYear;Reference;ReplacementCost;Shape;Size;SustainabilityPerformance;WarrantyDescription;WarrantyDurationLabor;WarrantyDurationParts;WarrantyGuarantorLabor;WarrantyGuarantorParts;;;;;;;;;;;;;;;;;;;;;;;;;;;;;;;;;;;;;;;;;;;;;;;;;;;;;;;;;;;;False;False;False;Basic Wall:Interior - Partition (92mm Stud);;;
2O2Fr$t4X7Zf8NOew3FL96;IfcWallStandardCase;IfcWallStandardCase;Basic Wall:Interior - Partition (92mm Stud):144633;;Plasterboard;Level 2;False;;;;;;;;;1;23-25 40 11 11 11;Metal-Framed Gypsum Board Fixed Partitions;;;;;Level 2;0.0;;0.0;;False;;;;;;;;;;3.0;;;;;False;True;;;Up to level: Roof;0.0;;0.0;False;2.900000000000013;;;;;;;;;;;;;3.942851999999971;;;2.235499999999982;;;;;;;0.4889136479999963;;;;;;;;;;;AssetIdentifier;BarCode;;;InstallationDate;SerialNumber;;TagNumber;WarrantyStartDate;New Construction;;;;;;;;;;;;;;;;;;;;;;;;;0.0;;;;;;0.0;;;;;;;;;;;0.124;2.0;0.0;;;;;;;;;;;;;;;;;;;;;;;;;;;;;0.0;;;;;;;Manufacturer;;;;;;;;;;;;;;;;;;;;;;;;;AccessibilityPerformance;;FIXED;23-25 40 11 11 11;Metal-Framed Gypsum Board Fixed Partitions;CodePerformance;Color;;Constituents;;ExpectedLife;Features;Finish;;;Grade;;Material;ModelLabel;ModelReference;NominalHeight;NominalLength;NominalWidth;;ProductionYear;Reference;ReplacementCost;Shape;Size;SustainabilityPerformance;WarrantyDescription;WarrantyDurationLabor;WarrantyDurationParts;WarrantyGuarantorLabor;WarrantyGuarantorParts;;;;;;;;;;;;;;;;;;;;;;;;;;;;;;;;;;;;;;;;;;;;;;;;;;;;;;;;;;;;False;False;False;Basic Wall:Interior - Partition (92mm Stud);;;
2O2Fr$t4X7Zf8NOew3FLIE;IfcWallStandardCase;IfcWallStandardCase;Basic Wall:Interior - Partition (92mm Stud):143921;;Plasterboard;Level 2;False;;;;;;;;;1;23-25 40 11 11 11;Metal-Framed Gypsum Board Fixed Partitions;;;;;Level 2;0.0;;0.0;;False;;;;;;;;;;3.0;;;;;False;True;;;Up to level: Roof;0.0;;0.0;False;2.900000000000013;;;;;;;;;;;;;13.97395200000005;;;5.423999999999994;;;;;;;1.732770048000006;;;;;;;;;;;AssetIdentifier;BarCode;;;InstallationDate;SerialNumber;;TagNumber;WarrantyStartDate;New Construction;;;;;;;;;;;;;;;;;;;;;;;;;0.0;;;;;;0.0;;;;;;;;;;;0.124;2.0;0.0;;;;;;;;;;;;;;;;;;;;;;;;;;;;;0.0;;;;;;;Manufacturer;;;;;;;;;;;;;;;;;;;;;;;;;AccessibilityPerformance;;FIXED;23-25 40 11 11 11;Metal-Framed Gypsum Board Fixed Partitions;CodePerformance;Color;;Constituents;;ExpectedLife;Features;Finish;;;Grade;;Material;ModelLabel;ModelReference;NominalHeight;NominalLength;NominalWidth;;ProductionYear;Reference;ReplacementCost;Shape;Size;SustainabilityPerformance;WarrantyDescription;WarrantyDurationLabor;WarrantyDurationParts;WarrantyGuarantorLabor;WarrantyGuarantorParts;;;;;;;;;;;;;;;;;;;;;;;;;;;;;;;;;;;;;;;;;;;;;;;;;;;;;;;;;;;;False;False;False;Basic Wall:Interior - Partition (92mm Stud);;;
2O2Fr$t4X7Zf8NOew3FL9r;IfcWallStandardCase;IfcWallStandardCase;Basic Wall:Interior - Partition (92mm Stud):144586;;Plasterboard;Level 2;False;;;;;;;;;1;23-25 40 11 11 11;Metal-Framed Gypsum Board Fixed Partitions;;;;;Level 2;0.0;;0.0;;False;;;;;;;;;;3.0;;;;;False;True;;;Up to level: Roof;0.0;;0.0;False;2.900000000000013;;;;;;;;;;;;;13.97395200000005;;;5.423999999999994;;;;;;;1.732770048000005;;;;;;;;;;;AssetIdentifier;BarCode;;;InstallationDate;SerialNumber;;TagNumber;WarrantyStartDate;New Construction;;;;;;;;;;;;;;;;;;;;;;;;;0.0;;;;;;0.0;;;;;;;;;;;0.124;2.0;0.0;;;;;;;;;;;;;;;;;;;;;;;;;;;;;0.0;;;;;;;Manufacturer;;;;;;;;;;;;;;;;;;;;;;;;;AccessibilityPerformance;;FIXED;23-25 40 11 11 11;Metal-Framed Gypsum Board Fixed Partitions;CodePerformance;Color;;Constituents;;ExpectedLife;Features;Finish;;;Grade;;Material;ModelLabel;ModelReference;NominalHeight;NominalLength;NominalWidth;;ProductionYear;Reference;ReplacementCost;Shape;Size;SustainabilityPerformance;WarrantyDescription;WarrantyDurationLabor;WarrantyDurationParts;WarrantyGuarantorLabor;WarrantyGuarantorParts;;;;;;;;;;;;;;;;;;;;;;;;;;;;;;;;;;;;;;;;;;;;;;;;;;;;;;;;;;;;False;False;False;Basic Wall:Interior - Partition (92mm Stud);;;
2O2Fr$t4X7Zf8NOew3FNtn;IfcWallStandardCase;IfcWallStandardCase;Basic Wall:Exterior - Brick on Block:138062;;Masonry - Brick;Level 1;True;;;;;;;;;1;23-25 30 24 14;Masonry Structural Walls;;;;;Level 1;0.0;;0.0;;False;;;;;;;;;;2.0;;;;;False;True;;;Up to level: Level 2;0.0;;0.0;False;3.100000000000378;;;;;;;;;;;;;13.61184000000174;;;8.383000000000001;;;;;;;5.676137280000731;;;;;;;;;;;AssetIdentifier;BarCode;;;InstallationDate;SerialNumber;;TagNumber;WarrantyStartDate;New Construction;;;;;;;;;;;;;;;;;;;;;;;;;0.0;;;;;;1.0;;;;;;;;;;;0.4170000000000001;0.0;0.0;;;;;;;;;;;;;;;;;;;;;;;;;;;;;0.0;;;;;;;Manufacturer;;;;;;;;;;;;;;;;;;;;;;;;;AccessibilityPerformance;;FIXED;23-25 30 24 14;Masonry Structural Walls;CodePerformance;Color;;Constituents;;ExpectedLife;Features;Finish;;;Grade;;Material;ModelLabel;ModelReference;NominalHeight;NominalLength;NominalWidth;;ProductionYear;Reference;ReplacementCost;Shape;Size;SustainabilityPerformance;WarrantyDescription;WarrantyDurationLabor;WarrantyDurationParts;WarrantyGuarantorLabor;WarrantyGuarantorParts;;;;;;;;;;;;;;;;;;;;;;;;;;;;;;;;;;;;;;;;;;;;;;;;;;;;;;;;;;;;False;True;False;Basic Wall:Exterior - Brick on Block;;;
2O2Fr$t4X7Zf8NOew3FNr2;IfcWallStandardCase;IfcWallStandardCase;Basic Wall:Exterior - Brick on Block:138237;;Masonry - Brick;Level 1;True;;;;;;;;;1;23-25 30 24 14;Masonry Structural Walls;;;;;Level 1;0.0;;0.0;;False;;;;;;;;;;2.0;;;;;False;True;;;Up to level: Level 2;0.0;;0.0;False;3.100000000000378;;;;;;;;;;;;;12.31914000000158;;;8.382999999999972;;;;;;;5.137081380000661;;;;;;;;;;;AssetIdentifier;BarCode;;;InstallationDate;SerialNumber;;TagNumber;WarrantyStartDate;New Construction;;;;;;;;;;;;;;;;;;;;;;;;;0.0;;;;;;1.0;;;;;;;;;;;0.4170000000000001;0.0;0.0;;;;;;;;;;;;;;;;;;;;;;;;;;;;;0.0;;;;;;;Manufacturer;;;;;;;;;;;;;;;;;;;;;;;;;AccessibilityPerformance;;FIXED;23-25 30 24 14;Masonry Structural Walls;CodePerformance;Color;;Constituents;;ExpectedLife;Features;Finish;;;Grade;;Material;ModelLabel;ModelReference;NominalHeight;NominalLength;NominalWidth;;ProductionYear;Reference;ReplacementCost;Shape;Size;SustainabilityPerformance;WarrantyDescription;WarrantyDurationLabor;WarrantyDurationParts;WarrantyGuarantorLabor;WarrantyGuarantorParts;;;;;;;;;;;;;;;;;;;;;;;;;;;;;;;;;;;;;;;;;;;;;;;;;;;;;;;;;;;;False;True;False;Basic Wall:Exterior - Brick on Block;;;
2O2Fr$t4X7Zf8NOew3FLR9;IfcWallStandardCase;IfcWallStandardCase;Basic Wall:Exterior - Brick on Block:143478;;Masonry - Brick;Level 2;True;;;;;;;;;1;23-25 30 24 14;Masonry Structural Walls;;;;;Level 2;0.0;;0.0;;False;;;;;;;;;;2.0;;;;;False;True;;;Up to level: Roof;0.0;;0.0;False;2.900000000000013;;;;;;;;;;;;;41.35713700000017;;;17.38299999999997;;;;;;;16.74164802900009;;;;;;;;;;;AssetIdentifier;BarCode;;;InstallationDate;SerialNumber;;TagNumber;WarrantyStartDate;New Construction;;;;;;;;;;;;;;;;;;;;;;;;;0.0;;;;;;1.0;;;;;;;;;;;0.4170000000000001;0.0;0.0;;;;;;;;;;;;;;;;;;;;;;;;;;;;;0.0;;;;;;;Manufacturer;;;;;;;;;;;;;;;;;;;;;;;;;AccessibilityPerformance;;FIXED;23-25 30 24 14;Masonry Structural Walls;CodePerformance;Color;;Constituents;;ExpectedLife;Features;Finish;;;Grade;;Material;ModelLabel;ModelReference;NominalHeight;NominalLength;NominalWidth;;ProductionYear;Reference;ReplacementCost;Shape;Size;SustainabilityPerformance;WarrantyDescription;WarrantyDurationLabor;WarrantyDurationParts;WarrantyGuarantorLabor;WarrantyGuarantorParts;;;;;;;;;;;;;;;;;;;;;;;;;;;;;;;;;;;;;;;;;;;;;;;;;;;;;;;;;;;;False;True;False;Basic Wall:Exterior - Brick on Block;;;
2O2Fr$t4X7Zf8NOew3FLPP;IfcWallStandardCase;IfcWallStandardCase;Basic Wall:Exterior - Brick on Block:143590;;Masonry - Brick;Level 2;True;;;;;;;;;1;23-25 30 24 14;Masonry Structural Walls;;;;;Level 2;0.0;;0.0;;False;;;;;;;;;;2.0;;;;;False;True;;;Up to level: Roof;0.0;;0.0;False;2.900000000000013;;;;;;;;;;;;;41.35713700000018;;;17.38299999999997;;;;;;;16.74164802900007;;;;;;;;;;;AssetIdentifier;BarCode;;;InstallationDate;SerialNumber;;TagNumber;WarrantyStartDate;New Construction;;;;;;;;;;;;;;;;;;;;;;;;;0.0;;;;;;1.0;;;;;;;;;;;0.4170000000000001;0.0;0.0;;;;;;;;;;;;;;;;;;;;;;;;;;;;;0.0;;;;;;;Manufacturer;;;;;;;;;;;;;;;;;;;;;;;;;AccessibilityPerformance;;FIXED;23-25 30 24 14;Masonry Structural Walls;CodePerformance;Color;;Constituents;;ExpectedLife;Features;Finish;;;Grade;;Material;ModelLabel;ModelReference;NominalHeight;NominalLength;NominalWidth;;ProductionYear;Reference;ReplacementCost;Shape;Size;SustainabilityPerformance;WarrantyDescription;WarrantyDurationLabor;WarrantyDurationParts;WarrantyGuarantorLabor;WarrantyGuarantorParts;;;;;;;;;;;;;;;;;;;;;;;;;;;;;;;;;;;;;;;;;;;;;;;;;;;;;;;;;;;;False;True;False;Basic Wall:Exterior - Brick on Block;;;
0jf0rYHfX3RAB3bSIRjmmy;IfcWallStandardCase;IfcWallStandardCase;Basic Wall:Exterior - Brick on Block:184944;;Masonry - Brick;Roof;True;;;;;;;;;1;23-25 30 24 14;Masonry Structural Walls;;;;;Roof;0.0;;0.0;;False;;;;;;;;;;2.0;;;;;False;True;;;Up to level: Roof;0.0;;0.609;False;0.6090000000000002;;;;;;;;;;;;;5.359200000000002;;;8.383000000000001;;;;;;;2.234786400000001;;;;;;;;;;;AssetIdentifier;BarCode;;;InstallationDate;SerialNumber;;TagNumber;WarrantyStartDate;New Construction;;;;;;;;;;;;;;;;;;;;;;;;;0.0;;;;;;1.0;;;;;;;;;;;0.4170000000000001;0.0;0.0;;;;;;;;;;;;;;;;;;;;;;;;;;;;;0.0;;;;;;;Manufacturer;;;;;;;;;;;;;;;;;;;;;;;;;AccessibilityPerformance;;FIXED;23-25 30 24 14;Masonry Structural Walls;CodePerformance;Color;;Constituents;;ExpectedLife;Features;Finish;;;Grade;;Material;ModelLabel;ModelReference;NominalHeight;NominalLength;NominalWidth;;ProductionYear;Reference;ReplacementCost;Shape;Size;SustainabilityPerformance;WarrantyDescription;WarrantyDurationLabor;WarrantyDurationParts;WarrantyGuarantorLabor;WarrantyGuarantorParts;;;;;;;;;;;;;;;;;;;;;;;;;;;;;;;;;;;;;;;;;;;;;;;;;;;;;;;;;;;;False;True;False;Basic Wall:Exterior - Brick on Block;;;
0jf0rYHfX3RAB3bSIRjmpw;IfcWallStandardCase;IfcWallStandardCase;Basic Wall:Exterior - Brick on Block:185014;;Masonry - Brick;Roof;True;;;;;;;;;1;23-25 30 24 14;Masonry Structural Walls;;;;;Roof;0.0;;0.0;;False;;;;;;;;;;2.0;;;;;False;True;;;Up to level: Roof;0.0;;0.609;False;0.6090000000000002;;;;;;;;;;;;;10.58624699999999;;;17.38299999999997;;;;;;;4.414464998999998;;;;;;;;;;;AssetIdentifier;BarCode;;;InstallationDate;SerialNumber;;TagNumber;WarrantyStartDate;New Construction;;;;;;;;;;;;;;;;;;;;;;;;;0.0;;;;;;1.0;;;;;;;;;;;0.4170000000000001;0.0;0.0;;;;;;;;;;;;;;;;;;;;;;;;;;;;;0.0;;;;;;;Manufacturer;;;;;;;;;;;;;;;;;;;;;;;;;AccessibilityPerformance;;FIXED;23-25 30 24 14;Masonry Structural Walls;CodePerformance;Color;;Constituents;;ExpectedLife;Features;Finish;;;Grade;;Material;ModelLabel;ModelReference;NominalHeight;NominalLength;NominalWidth;;ProductionYear;Reference;ReplacementCost;Shape;Size;SustainabilityPerformance;WarrantyDescription;WarrantyDurationLabor;WarrantyDurationParts;WarrantyGuarantorLabor;WarrantyGuarantorParts;;;;;;;;;;;;;;;;;;;;;;;;;;;;;;;;;;;;;;;;;;;;;;;;;;;;;;;;;;;;False;True;False;Basic Wall:Exterior - Brick on Block;;;
0jf0rYHfX3RAB3bSIRjmoa;IfcWallStandardCase;IfcWallStandardCase;Basic Wall:Exterior - Brick on Block:185064;;Masonry - Brick;Roof;True;;;;;;;;;1;23-25 30 24 14;Masonry Structural Walls;;;;;Roof;0.0;;0.0;;False;;;;;;;;;;2.0;;;;;False;True;;;Up to level: Roof;0.0;;0.609;False;0.6090000000000002;;;;;;;;;;;;;5.105246999999985;;;8.382999999999972;;;;;;;2.128887998999996;;;;;;;;;;;AssetIdentifier;BarCode;;;InstallationDate;SerialNumber;;TagNumber;WarrantyStartDate;New Construction;;;;;;;;;;;;;;;;;;;;;;;;;0.0;;;;;;1.0;;;;;;;;;;;0.4170000000000001;0.0;0.0;;;;;;;;;;;;;;;;;;;;;;;;;;;;;0.0;;;;;;;Manufacturer;;;;;;;;;;;;;;;;;;;;;;;;;AccessibilityPerformance;;FIXED;23-25 30 24 14;Masonry Structural Walls;CodePerformance;Color;;Constituents;;ExpectedLife;Features;Finish;;;Grade;;Material;ModelLabel;ModelReference;NominalHeight;NominalLength;NominalWidth;;ProductionYear;Reference;ReplacementCost;Shape;Size;SustainabilityPerformance;WarrantyDescription;WarrantyDurationLabor;WarrantyDurationParts;WarrantyGuarantorLabor;WarrantyGuarantorParts;;;;;;;;;;;;;;;;;;;;;;;;;;;;;;;;;;;;;;;;;;;;;;;;;;;;;;;;;;;;False;True;False;Basic Wall:Exterior - Brick on Block;;;
0jf0rYHfX3RAB3bSIRjmr1;IfcWallStandardCase;IfcWallStandardCase;Basic Wall:Exterior - Brick on Block:185101;;Masonry - Brick;Roof;True;;;;;;;;;1;23-25 30 24 14;Masonry Structural Walls;;;;;Roof;0.0;;0.0;;False;;;;;;;;;;2.0;;;;;False;True;;;Up to level: Roof;0.0;;0.609;False;0.6090000000000002;;;;;;;;;;;;;10.33229399999999;;;17.38299999999997;;;;;;;4.308566597999995;;;;;;;;;;;AssetIdentifier;BarCode;;;InstallationDate;SerialNumber;;TagNumber;WarrantyStartDate;New Construction;;;;;;;;;;;;;;;;;;;;;;;;;0.0;;;;;;1.0;;;;;;;;;;;0.4170000000000001;0.0;0.0;;;;;;;;;;;;;;;;;;;;;;;;;;;;;0.0;;;;;;;Manufacturer;;;;;;;;;;;;;;;;;;;;;;;;;AccessibilityPerformance;;FIXED;23-25 30 24 14;Masonry Structural Walls;CodePerformance;Color;;Constituents;;ExpectedLife;Features;Finish;;;Grade;;Material;ModelLabel;ModelReference;NominalHeight;NominalLength;NominalWidth;;ProductionYear;Reference;ReplacementCost;Shape;Size;SustainabilityPerformance;WarrantyDescription;WarrantyDurationLabor;WarrantyDurationParts;WarrantyGuarantorLabor;WarrantyGuarantorParts;;;;;;;;;;;;;;;;;;;;;;;;;;;;;;;;;;;;;;;;;;;;;;;;;;;;;;;;;;;;False;True;False;Basic Wall:Exterior - Brick on Block;;;
0iEHWY1$XA8eQeeULq4jZ1;IfcWallStandardCase;IfcWallStandardCase;Basic Wall:Interior - Furring (152 mm Stud):189074;;Metal - Stud Layer;Level 1;False;;;;;;;;;1;23-25 40 11 11 11;Metal-Framed Gypsum Board Fixed Partitions;;;;;Level 1;0.0;;0.0;;False;;;;;;;;;;2.0;;;;;False;True;;;;0.0;;0.0;True;3.100000000000196;;;;;;;;;;;;;12.16663500000081;;;4.485499999999986;;;;;;;1.849328520000124;;;;;;;;;;;AssetIdentifier;BarCode;;;InstallationDate;SerialNumber;;TagNumber;WarrantyStartDate;New Construction;;;;;;;;;;;;;;;;;;;;;;;;;0.0;;;;;;0.0;;;;;;;;;;;0.152;0.0;0.0;;;;;;;;;;;;;;;;;;;;;;;;;;;;;0.0;;;;;;;Manufacturer;;;;;;;;;;;;;;;;;;;;;;;;;AccessibilityPerformance;;FIXED;23-25 40 11 11 11;Metal-Framed Gypsum Board Fixed Partitions;CodePerformance;Color;;Constituents;;ExpectedLife;Features;Finish;;;Grade;;Material;ModelLabel;ModelReference;NominalHeight;NominalLength;NominalWidth;;ProductionYear;Reference;ReplacementCost;Shape;Size;SustainabilityPerformance;WarrantyDescription;WarrantyDurationLabor;WarrantyDurationParts;WarrantyGuarantorLabor;WarrantyGuarantorParts;;;;;;;;;;;;;;;;;;;;;;;;;;;;;;;;;;;;;;;;;;;;;;;;;;;;;;;;;;;;True;False;False;Basic Wall:Interior - Furring (152 mm Stud);;;
0iEHWY1$XA8eQeeULq4j_U;IfcWallStandardCase;IfcWallStandardCase;Basic Wall:Interior - Furring (152 mm Stud):189901;;Metal - Stud Layer;Level 1;False;;;;;;;;;1;23-25 40 11 11 11;Metal-Framed Gypsum Board Fixed Partitions;;;;;Level 1;0.0;;0.0;;False;;;;;;;;;;2.0;;;;;False;True;;;;0.0;;0.0;False;3.100000000000196;;;;;;;;;;;;;6.643300000000551;;;2.508000000000044;;;;;;;1.009781600000084;;;;;;;;;;;AssetIdentifier;BarCode;;;InstallationDate;SerialNumber;;TagNumber;WarrantyStartDate;New Construction;;;;;;;;;;;;;;;;;;;;;;;;;0.0;;;;;;0.0;;;;;;;;;;;0.152;0.0;0.0;;;;;;;;;;;;;;;;;;;;;;;;;;;;;0.0;;;;;;;Manufacturer;;;;;;;;;;;;;;;;;;;;;;;;;AccessibilityPerformance;;FIXED;23-25 40 11 11 11;Metal-Framed Gypsum Board Fixed Partitions;CodePerformance;Color;;Constituents;;ExpectedLife;Features;Finish;;;Grade;;Material;ModelLabel;ModelReference;NominalHeight;NominalLength;NominalWidth;;ProductionYear;Reference;ReplacementCost;Shape;Size;SustainabilityPerformance;WarrantyDescription;WarrantyDurationLabor;WarrantyDurationParts;WarrantyGuarantorLabor;WarrantyGuarantorParts;;;;;;;;;;;;;;;;;;;;;;;;;;;;;;;;;;;;;;;;;;;;;;;;;;;;;;;;;;;;False;False;False;Basic Wall:Interior - Furring (152 mm Stud);;;
0iEHWY1$XA8eQeeULq4jpl;IfcWallStandardCase;IfcWallStandardCase;Basic Wall:Interior - Partition (92mm Stud):190140;;Plasterboard;Level 1;False;;;;;;;;;1;23-25 40 11 11 11;Metal-Framed Gypsum Board Fixed Partitions;;;;;Level 1;0.0;;0.0;;False;;;;;;;;;;3.0;;;;;False;True;;;Up to level: Level 2;0.0;;-0.3050000000000001;False;2.795000000000378;;;;;;;;;;;;;4.06952000000029;;;1.594000000000002;;;;;;;0.5046204800000358;;;;;;;;;;;AssetIdentifier;BarCode;;;InstallationDate;SerialNumber;;TagNumber;WarrantyStartDate;New Construction;;;;;;;;;;;;;;;;;;;;;;;;;0.0;;;;;;0.0;;;;;;;;;;;0.124;2.0;0.0;;;;;;;;;;;;;;;;;;;;;;;;;;;;;0.0;;;;;;;Manufacturer;;;;;;;;;;;;;;;;;;;;;;;;;AccessibilityPerformance;;FIXED;23-25 40 11 11 11;Metal-Framed Gypsum Board Fixed Partitions;CodePerformance;Color;;Constituents;;ExpectedLife;Features;Finish;;;Grade;;Material;ModelLabel;ModelReference;NominalHeight;NominalLength;NominalWidth;;ProductionYear;Reference;ReplacementCost;Shape;Size;SustainabilityPerformance;WarrantyDescription;WarrantyDurationLabor;WarrantyDurationParts;WarrantyGuarantorLabor;WarrantyGuarantorParts;;;;;;;;;;;;;;;;;;;;;;;;;;;;;;;;;;;;;;;;;;;;;;;;;;;;;;;;;;;;False;False;False;Basic Wall:Interior - Partition (92mm Stud);;;
0iEHWY1$XA8eQeeULq4jDb;IfcWallStandardCase;IfcWallStandardCase;Basic Wall:Interior - Furring (152 mm Stud):190774;;Metal - Stud Layer;Level 1;False;;;;;;;;;1;23-25 40 11 11 11;Metal-Framed Gypsum Board Fixed Partitions;;;;;Level 1;0.0;;0.0;;False;;;;;;;;;;2.0;;;;;False;True;;;Up to level: Level 2;0.0;;-0.3050000000000001;False;2.795000000000378;;;;;;;;;;;;;6.414525000000523;;;2.508000000000034;;;;;;;0.97500780000008;;;;;;;;;;;AssetIdentifier;BarCode;;;InstallationDate;SerialNumber;;TagNumber;WarrantyStartDate;New Construction;;;;;;;;;;;;;;;;;;;;;;;;;0.0;;;;;;0.0;;;;;;;;;;;0.152;0.0;0.0;;;;;;;;;;;;;;;;;;;;;;;;;;;;;0.0;;;;;;;Manufacturer;;;;;;;;;;;;;;;;;;;;;;;;;AccessibilityPerformance;;FIXED;23-25 40 11 11 11;Metal-Framed Gypsum Board Fixed Partitions;CodePerformance;Color;;Constituents;;ExpectedLife;Features;Finish;;;Grade;;Material;ModelLabel;ModelReference;NominalHeight;NominalLength;NominalWidth;;ProductionYear;Reference;ReplacementCost;Shape;Size;SustainabilityPerformance;WarrantyDescription;WarrantyDurationLabor;WarrantyDurationParts;WarrantyGuarantorLabor;WarrantyGuarantorParts;;;;;;;;;;;;;;;;;;;;;;;;;;;;;;;;;;;;;;;;;;;;;;;;;;;;;;;;;;;;False;False;False;Basic Wall:Interior - Furring (152 mm Stud);;;
0iEHWY1$XA8eQeeULq4jE6;IfcWallStandardCase;IfcWallStandardCase;Basic Wall:Interior - Furring (152 mm Stud):190933;;Metal - Stud Layer;Level 1;False;;;;;;;;;1;23-25 40 11 11 11;Metal-Framed Gypsum Board Fixed Partitions;;;;;Level 1;0.0;;0.0;;False;;;;;;;;;;2.0;;;;;False;True;;;Up to level: Level 2;0.0;;-0.3050000000000001;False;2.795000000000378;;;;;;;;;;;;;11.74179500000082;;;4.485499999999999;;;;;;;1.784752840000126;;;;;;;;;;;AssetIdentifier;BarCode;;;InstallationDate;SerialNumber;;TagNumber;WarrantyStartDate;New Construction;;;;;;;;;;;;;;;;;;;;;;;;;0.0;;;;;;0.0;;;;;;;;;;;0.152;0.0;0.0;;;;;;;;;;;;;;;;;;;;;;;;;;;;;0.0;;;;;;;Manufacturer;;;;;;;;;;;;;;;;;;;;;;;;;AccessibilityPerformance;;FIXED;23-25 40 11 11 11;Metal-Framed Gypsum Board Fixed Partitions;CodePerformance;Color;;Constituents;;ExpectedLife;Features;Finish;;;Grade;;Material;ModelLabel;ModelReference;NominalHeight;NominalLength;NominalWidth;;ProductionYear;Reference;ReplacementCost;Shape;Size;SustainabilityPerformance;WarrantyDescription;WarrantyDurationLabor;WarrantyDurationParts;WarrantyGuarantorLabor;WarrantyGuarantorParts;;;;;;;;;;;;;;;;;;;;;;;;;;;;;;;;;;;;;;;;;;;;;;;;;;;;;;;;;;;;False;False;False;Basic Wall:Interior - Furring (152 mm Stud);;;
0dxE1Sy6nDqfpDb5vIMNiA;IfcWallStandardCase;IfcWallStandardCase;Basic Wall:Interior - Furring (152 mm Stud):193247;;Metal - Stud Layer;Level 2;False;;;;;;;;;1;23-25 40 11 11 11;Metal-Framed Gypsum Board Fixed Partitions;;;;;Level 2;0.0;;0.0;;False;;;;;;;;;;2.0;;;;;False;True;;;Up to level: Roof;0.0;;-0.3050000000000001;False;2.595000000000013;;;;;;;;;;;;;10.79520000000006;;;4.314000000000004;;;;;;;1.64087040000001;;;;;;;;;;;AssetIdentifier;BarCode;;;InstallationDate;SerialNumber;;TagNumber;WarrantyStartDate;New Construction;;;;;;;;;;;;;;;;;;;;;;;;;0.0;;;;;;0.0;;;;;;;;;;;0.152;0.0;0.0;;;;;;;;;;;;;;;;;;;;;;;;;;;;;0.0;;;;;;;Manufacturer;;;;;;;;;;;;;;;;;;;;;;;;;AccessibilityPerformance;;FIXED;23-25 40 11 11 11;Metal-Framed Gypsum Board Fixed Partitions;CodePerformance;Color;;Constituents;;ExpectedLife;Features;Finish;;;Grade;;Material;ModelLabel;ModelReference;NominalHeight;NominalLength;NominalWidth;;ProductionYear;Reference;ReplacementCost;Shape;Size;SustainabilityPerformance;WarrantyDescription;WarrantyDurationLabor;WarrantyDurationParts;WarrantyGuarantorLabor;WarrantyGuarantorParts;;;;;;;;;;;;;;;;;;;;;;;;;;;;;;;;;;;;;;;;;;;;;;;;;;;;;;;;;;;;False;False;False;Basic Wall:Interior - Furring (152 mm Stud);;;
0dxE1Sy6nDqfpDb5vIMN_Z;IfcWallStandardCase;IfcWallStandardCase;Basic Wall:Interior - Furring (152 mm Stud):194166;;Metal - Stud Layer;Level 2;False;;;;;;;;;1;23-25 40 11 11 11;Metal-Framed Gypsum Board Fixed Partitions;;;;;Level 2;0.0;;0.0;;False;;;;;;;;;;2.0;;;;;False;True;;;Up to level: Roof;0.0;;-0.3050000000000001;False;2.595000000000013;;;;;;;;;;;;;10.79520000000004;;;4.313999999999995;;;;;;;1.640870400000006;;;;;;;;;;;AssetIdentifier;BarCode;;;InstallationDate;SerialNumber;;TagNumber;WarrantyStartDate;New Construction;;;;;;;;;;;;;;;;;;;;;;;;;0.0;;;;;;0.0;;;;;;;;;;;0.152;0.0;0.0;;;;;;;;;;;;;;;;;;;;;;;;;;;;;0.0;;;;;;;Manufacturer;;;;;;;;;;;;;;;;;;;;;;;;;AccessibilityPerformance;;FIXED;23-25 40 11 11 11;Metal-Framed Gypsum Board Fixed Partitions;CodePerformance;Color;;Constituents;;ExpectedLife;Features;Finish;;;Grade;;Material;ModelLabel;ModelReference;NominalHeight;NominalLength;NominalWidth;;ProductionYear;Reference;ReplacementCost;Shape;Size;SustainabilityPerformance;WarrantyDescription;WarrantyDurationLabor;WarrantyDurationParts;WarrantyGuarantorLabor;WarrantyGuarantorParts;;;;;;;;;;;;;;;;;;;;;;;;;;;;;;;;;;;;;;;;;;;;;;;;;;;;;;;;;;;;False;False;False;Basic Wall:Interior - Furring (152 mm Stud);;;
1aj$VJZFn2TxepZUBcKpvt;IfcWallStandardCase;IfcWallStandardCase;Basic Wall:Interior - Partition (92mm Stud):203347;;Plasterboard;Level 2;False;;;;;;;;;1;23-25 40 11 11 11;Metal-Framed Gypsum Board Fixed Partitions;;;;;Level 2;0.0;;0.0;;False;;;;;;;;;;3.0;;;;;False;True;;;Up to level: Roof;0.0;;0.0;False;2.900000000000013;;;;;;;;;;;;;2.87121599999999;;;1.66199999999999;;;;;;;0.3560307839999987;;;;;;;;;;;AssetIdentifier;BarCode;;;InstallationDate;SerialNumber;;TagNumber;WarrantyStartDate;New Construction;;;;;;;;;;;;;;;;;;;;;;;;;0.0;;;;;;0.0;;;;;;;;;;;0.124;2.0;0.0;;;;;;;;;;;;;;;;;;;;;;;;;;;;;0.0;;;;;;;Manufacturer;;;;;;;;;;;;;;;;;;;;;;;;;AccessibilityPerformance;;FIXED;23-25 40 11 11 11;Metal-Framed Gypsum Board Fixed Partitions;CodePerformance;Color;;Constituents;;ExpectedLife;Features;Finish;;;Grade;;Material;ModelLabel;ModelReference;NominalHeight;NominalLength;NominalWidth;;ProductionYear;Reference;ReplacementCost;Shape;Size;SustainabilityPerformance;WarrantyDescription;WarrantyDurationLabor;WarrantyDurationParts;WarrantyGuarantorLabor;WarrantyGuarantorParts;;;;;;;;;;;;;;;;;;;;;;;;;;;;;;;;;;;;;;;;;;;;;;;;;;;;;;;;;;;;False;False;False;Basic Wall:Interior - Partition (92mm Stud);;;
1aj$VJZFn2TxepZUBcKpZw;IfcWallStandardCase;IfcWallStandardCase;Basic Wall:Interior - Partition (92mm Stud):203998;;Plasterboard;Level 2;False;;;;;;;;;1;23-25 40 11 11 11;Metal-Framed Gypsum Board Fixed Partitions;;;;;Level 2;0.0;;0.0;;False;;;;;;;;;;2.0;;;;;False;True;;;Up to level: Roof;0.0;;0.0;False;2.900000000000013;;;;;;;;;;;;;2.871216000000071;;;1.662000000000019;;;;;;;0.3560307840000087;;;;;;;;;;;AssetIdentifier;BarCode;;;InstallationDate;SerialNumber;;TagNumber;WarrantyStartDate;New Construction;;;;;;;;;;;;;;;;;;;;;;;;;0.0;;;;;;0.0;;;;;;;;;;;0.124;2.0;0.0;;;;;;;;;;;;;;;;;;;;;;;;;;;;;0.0;;;;;;;Manufacturer;;;;;;;;;;;;;;;;;;;;;;;;;AccessibilityPerformance;;FIXED;23-25 40 11 11 11;Metal-Framed Gypsum Board Fixed Partitions;CodePerformance;Color;;Constituents;;ExpectedLife;Features;Finish;;;Grade;;Material;ModelLabel;ModelReference;NominalHeight;NominalLength;NominalWidth;;ProductionYear;Reference;ReplacementCost;Shape;Size;SustainabilityPerformance;WarrantyDescription;WarrantyDurationLabor;WarrantyDurationParts;WarrantyGuarantorLabor;WarrantyGuarantorParts;;;;;;;;;;;;;;;;;;;;;;;;;;;;;;;;;;;;;;;;;;;;;;;;;;;;;;;;;;;;False;False;False;Basic Wall:Interior - Partition (92mm Stud);;;
1aj$VJZFn2TxepZUBcKpee;IfcWallStandardCase;IfcWallStandardCase;Basic Wall:Interior - Partition (92mm Stud):204300;;Plasterboard;Level 1;False;;;;;;;;;1;23-25 40 11 11 11;Metal-Framed Gypsum Board Fixed Partitions;;;;;Level 2;0.0;;-0.4880000000001955;;False;;;;;;;;;;3.0;;;;;False;True;;;Up to level: Level 2;0.0;;0.0;False;0.4880000000001955;;;;;;;;;;;;;1.69580000000068;;;3.812000000000002;;;;;;;0.2102792000000843;;;;;;;;;;;AssetIdentifier;BarCode;;;InstallationDate;SerialNumber;;TagNumber;WarrantyStartDate;New Construction;;;;;;;;;;;;;;;;;;;;;;;;;0.0;;;;;;0.0;;;;;;;;;;;0.124;2.0;0.0;;;;;;;;;;;;;;;;;;;;;;;;;;;;;0.0;;;;;;;Manufacturer;;;;;;;;;;;;;;;;;;;;;;;;;AccessibilityPerformance;;FIXED;23-25 40 11 11 11;Metal-Framed Gypsum Board Fixed Partitions;CodePerformance;Color;;Constituents;;ExpectedLife;Features;Finish;;;Grade;;Material;ModelLabel;ModelReference;NominalHeight;NominalLength;NominalWidth;;ProductionYear;Reference;ReplacementCost;Shape;Size;SustainabilityPerformance;WarrantyDescription;WarrantyDurationLabor;WarrantyDurationParts;WarrantyGuarantorLabor;WarrantyGuarantorParts;;;;;;;;;;;;;;;;;;;;;;;;;;;;;;;;;;;;;;;;;;;;;;;;;;;;;;;;;;;;False;False;False;Basic Wall:Interior - Partition (92mm Stud);;;
1aj$VJZFn2TxepZUBcKphf;IfcWallStandardCase;IfcWallStandardCase;Basic Wall:Interior - Partition (92mm Stud):204493;;Plasterboard;Level 1;False;;;;;;;;;1;23-25 40 11 11 11;Metal-Framed Gypsum Board Fixed Partitions;;;;;Level 2;0.0;;-0.4880000000001955;;False;;;;;;;;;;3.0;;;;;False;True;;;Up to level: Level 2;0.0;;0.0;False;0.4880000000001955;;;;;;;;;;;;;1.695800000000679;;;3.812000000000002;;;;;;;0.2102792000000842;;;;;;;;;;;AssetIdentifier;BarCode;;;InstallationDate;SerialNumber;;TagNumber;WarrantyStartDate;New Construction;;;;;;;;;;;;;;;;;;;;;;;;;0.0;;;;;;0.0;;;;;;;;;;;0.124;2.0;0.0;;;;;;;;;;;;;;;;;;;;;;;;;;;;;0.0;;;;;;;Manufacturer;;;;;;;;;;;;;;;;;;;;;;;;;AccessibilityPerformance;;FIXED;23-25 40 11 11 11;Metal-Framed Gypsum Board Fixed Partitions;CodePerformance;Color;;Constituents;;ExpectedLife;Features;Finish;;;Grade;;Material;ModelLabel;ModelReference;NominalHeight;NominalLength;NominalWidth;;ProductionYear;Reference;ReplacementCost;Shape;Size;SustainabilityPerformance;WarrantyDescription;WarrantyDurationLabor;WarrantyDurationParts;WarrantyGuarantorLabor;WarrantyGuarantorParts;;;;;;;;;;;;;;;;;;;;;;;;;;;;;;;;;;;;;;;;;;;;;;;;;;;;;;;;;;;;False;False;False;Basic Wall:Interior - Partition (92mm Stud);;;
3Y4YRln2r91vflHcHE5IVS;IfcWallStandardCase;IfcWallStandardCase;Basic Wall:Interior - Furring (38 mm Stud):217414;;Metal - Stud Layer;Level 2;False;;;;;;;;;1;23-25 40 11 11 11;Metal-Framed Gypsum Board Fixed Partitions;;;;;Level 2;0.0;;2.612;;False;;;;;;;;;;3.0;;;;;False;True;;;Up to level: Roof;0.0;;0.0;False;0.2880000000000125;;;;;;;;;;;;;0.3119328000000137;;;1.083099999999999;;;;;;;0.01684437120000063;;;;;;;;;;;AssetIdentifier;BarCode;;;InstallationDate;SerialNumber;;TagNumber;WarrantyStartDate;New Construction;;;;;;;;;;;;;;;;;;;;;;;;;0.0;;;;;;0.0;;;;;;;;;;;0.05400000000000001;0.0;0.0;;;;;;;;;;;;;;;;;;;;;;;;;;;;;0.0;;;;;;;;;;;;;;;;;;;;;;;;;;;;;;;;;;;23-25 40 11 11 11;Metal-Framed Gypsum Board Fixed Partitions;;;;;;;;;;;;;;;;;;;;;;;;;;;;;;;;;;;;;;;;;;;;;;;;;;;;;;;;;;;;;;;;;;;;;;;;;;;;;;;;;;;;;;;;;;False;False;False;Basic Wall:Interior - Furring (38 mm Stud);;;
3Y4YRln2r91vflHcHE5IVT;IfcWallStandardCase;IfcWallStandardCase;Basic Wall:Interior - Furring (38 mm Stud):217415;;Metal - Stud Layer;Level 2;False;;;;;;;;;1;23-25 40 11 11 11;Metal-Framed Gypsum Board Fixed Partitions;;;;;Level 2;0.0;;2.612;;False;;;;;;;;;;3.0;;;;;False;True;;;Up to level: Roof;0.0;;0.0;False;0.2880000000000125;;;;;;;;;;;;;0.3269088000000021;;;1.135099999999957;;;;;;;0.01765307519999999;;;;;;;;;;;AssetIdentifier;BarCode;;;InstallationDate;SerialNumber;;TagNumber;WarrantyStartDate;New Construction;;;;;;;;;;;;;;;;;;;;;;;;;0.0;;;;;;0.0;;;;;;;;;;;0.05400000000000001;0.0;0.0;;;;;;;;;;;;;;;;;;;;;;;;;;;;;0.0;;;;;;;;;;;;;;;;;;;;;;;;;;;;;;;;;;;23-25 40 11 11 11;Metal-Framed Gypsum Board Fixed Partitions;;;;;;;;;;;;;;;;;;;;;;;;;;;;;;;;;;;;;;;;;;;;;;;;;;;;;;;;;;;;;;;;;;;;;;;;;;;;;;;;;;;;;;;;;;False;False;False;Basic Wall:Interior - Furring (38 mm Stud);;;
3Y4YRln2r91vflHcHE5IVI;IfcWallStandardCase;IfcWallStandardCase;Basic Wall:Interior - Furring (38 mm Stud):217416;;Metal - Stud Layer;Level 2;False;;;;;;;;;1;23-25 40 11 11 11;Metal-Framed Gypsum Board Fixed Partitions;;;;;Level 2;0.0;;2.612;;False;;;;;;;;;;3.0;;;;;False;True;;;Up to level: Roof;0.0;;0.0;False;0.2880000000000125;;;;;;;;;;;;;0.3119328000000137;;;1.083099999999999;;;;;;;0.01684437120000063;;;;;;;;;;;AssetIdentifier;BarCode;;;InstallationDate;SerialNumber;;TagNumber;WarrantyStartDate;New Construction;;;;;;;;;;;;;;;;;;;;;;;;;0.0;;;;;;0.0;;;;;;;;;;;0.05400000000000001;0.0;0.0;;;;;;;;;;;;;;;;;;;;;;;;;;;;;0.0;;;;;;;;;;;;;;;;;;;;;;;;;;;;;;;;;;;23-25 40 11 11 11;Metal-Framed Gypsum Board Fixed Partitions;;;;;;;;;;;;;;;;;;;;;;;;;;;;;;;;;;;;;;;;;;;;;;;;;;;;;;;;;;;;;;;;;;;;;;;;;;;;;;;;;;;;;;;;;;False;False;False;Basic Wall:Interior - Furring (38 mm Stud);;;
3Y4YRln2r91vflHcHE5IVJ;IfcWallStandardCase;IfcWallStandardCase;Basic Wall:Interior - Furring (38 mm Stud):217417;;Metal - Stud Layer;Level 2;False;;;;;;;;;1;23-25 40 11 11 11;Metal-Framed Gypsum Board Fixed Partitions;;;;;Level 2;0.0;;2.612;;False;;;;;;;;;;3.0;;;;;False;True;;;Up to level: Roof;0.0;;0.0;False;0.2880000000000125;;;;;;;;;;;;;0.3269088000000026;;;1.135099999999959;;;;;;;0.01765307520000002;;;;;;;;;;;AssetIdentifier;BarCode;;;InstallationDate;SerialNumber;;TagNumber;WarrantyStartDate;New Construction;;;;;;;;;;;;;;;;;;;;;;;;;0.0;;;;;;0.0;;;;;;;;;;;0.05400000000000001;0.0;0.0;;;;;;;;;;;;;;;;;;;;;;;;;;;;;0.0;;;;;;;;;;;;;;;;;;;;;;;;;;;;;;;;;;;23-25 40 11 11 11;Metal-Framed Gypsum Board Fixed Partitions;;;;;;;;;;;;;;;;;;;;;;;;;;;;;;;;;;;;;;;;;;;;;;;;;;;;;;;;;;;;;;;;;;;;;;;;;;;;;;;;;;;;;;;;;;False;False;False;Basic Wall:Interior - Furring (38 mm Stud);;;
3Y4YRln2r91vflHcHE5ITp;IfcWallStandardCase;IfcWallStandardCase;Basic Wall:Interior - Furring (38 mm Stud):217577;;Metal - Stud Layer;Level 2;False;;;;;;;;;1;23-25 40 11 11 11;Metal-Framed Gypsum Board Fixed Partitions;;;;;Level 2;0.0;;2.612;;False;;;;;;;;;;3.0;;;;;False;True;;;Up to level: Roof;0.0;;0.0;False;0.2880000000000125;;;;;;;;;;;;;0.3119328000000134;;;1.083099999999999;;;;;;;0.01684437120000095;;;;;;;;;;;AssetIdentifier;BarCode;;;InstallationDate;SerialNumber;;TagNumber;WarrantyStartDate;New Construction;;;;;;;;;;;;;;;;;;;;;;;;;0.0;;;;;;0.0;;;;;;;;;;;0.05400000000000001;0.0;0.0;;;;;;;;;;;;;;;;;;;;;;;;;;;;;0.0;;;;;;;;;;;;;;;;;;;;;;;;;;;;;;;;;;;23-25 40 11 11 11;Metal-Framed Gypsum Board Fixed Partitions;;;;;;;;;;;;;;;;;;;;;;;;;;;;;;;;;;;;;;;;;;;;;;;;;;;;;;;;;;;;;;;;;;;;;;;;;;;;;;;;;;;;;;;;;;False;False;False;Basic Wall:Interior - Furring (38 mm Stud);;;
3Y4YRln2r91vflHcHE5ITm;IfcWallStandardCase;IfcWallStandardCase;Basic Wall:Interior - Furring (38 mm Stud):217578;;Metal - Stud Layer;Level 2;False;;;;;;;;;1;23-25 40 11 11 11;Metal-Framed Gypsum Board Fixed Partitions;;;;;Level 2;0.0;;2.612;;False;;;;;;;;;;3.0;;;;;False;True;;;Up to level: Roof;0.0;;0.0;False;0.2880000000000125;;;;;;;;;;;;;0.3269088000000016;;;1.135099999999957;;;;;;;0.0176530752000001;;;;;;;;;;;AssetIdentifier;BarCode;;;InstallationDate;SerialNumber;;TagNumber;WarrantyStartDate;New Construction;;;;;;;;;;;;;;;;;;;;;;;;;0.0;;;;;;0.0;;;;;;;;;;;0.05400000000000001;0.0;0.0;;;;;;;;;;;;;;;;;;;;;;;;;;;;;0.0;;;;;;;;;;;;;;;;;;;;;;;;;;;;;;;;;;;23-25 40 11 11 11;Metal-Framed Gypsum Board Fixed Partitions;;;;;;;;;;;;;;;;;;;;;;;;;;;;;;;;;;;;;;;;;;;;;;;;;;;;;;;;;;;;;;;;;;;;;;;;;;;;;;;;;;;;;;;;;;False;False;False;Basic Wall:Interior - Furring (38 mm Stud);;;
3Y4YRln2r91vflHcHE5ITn;IfcWallStandardCase;IfcWallStandardCase;Basic Wall:Interior - Furring (38 mm Stud):217579;;Metal - Stud Layer;Level 2;False;;;;;;;;;1;23-25 40 11 11 11;Metal-Framed Gypsum Board Fixed Partitions;;;;;Level 2;0.0;;2.612;;False;;;;;;;;;;3.0;;;;;False;True;;;Up to level: Roof;0.0;;0.0;False;0.2880000000000125;;;;;;;;;;;;;0.3119328000000134;;;1.083099999999999;;;;;;;0.01684437120000095;;;;;;;;;;;AssetIdentifier;BarCode;;;InstallationDate;SerialNumber;;TagNumber;WarrantyStartDate;New Construction;;;;;;;;;;;;;;;;;;;;;;;;;0.0;;;;;;0.0;;;;;;;;;;;0.05400000000000001;0.0;0.0;;;;;;;;;;;;;;;;;;;;;;;;;;;;;0.0;;;;;;;;;;;;;;;;;;;;;;;;;;;;;;;;;;;23-25 40 11 11 11;Metal-Framed Gypsum Board Fixed Partitions;;;;;;;;;;;;;;;;;;;;;;;;;;;;;;;;;;;;;;;;;;;;;;;;;;;;;;;;;;;;;;;;;;;;;;;;;;;;;;;;;;;;;;;;;;False;False;False;Basic Wall:Interior - Furring (38 mm Stud);;;
3Y4YRln2r91vflHcHE5ITs;IfcWallStandardCase;IfcWallStandardCase;Basic Wall:Interior - Furring (38 mm Stud):217580;;Metal - Stud Layer;Level 2;False;;;;;;;;;1;23-25 40 11 11 11;Metal-Framed Gypsum Board Fixed Partitions;;;;;Level 2;0.0;;2.612;;False;;;;;;;;;;3.0;;;;;False;True;;;Up to level: Roof;0.0;;0.0;False;0.2880000000000125;;;;;;;;;;;;;0.3269088000000023;;;1.135099999999959;;;;;;;0.01765307520000009;;;;;;;;;;;AssetIdentifier;BarCode;;;InstallationDate;SerialNumber;;TagNumber;WarrantyStartDate;New Construction;;;;;;;;;;;;;;;;;;;;;;;;;0.0;;;;;;0.0;;;;;;;;;;;0.05400000000000001;0.0;0.0;;;;;;;;;;;;;;;;;;;;;;;;;;;;;0.0;;;;;;;;;;;;;;;;;;;;;;;;;;;;;;;;;;;23-25 40 11 11 11;Metal-Framed Gypsum Board Fixed Partitions;;;;;;;;;;;;;;;;;;;;;;;;;;;;;;;;;;;;;;;;;;;;;;;;;;;;;;;;;;;;;;;;;;;;;;;;;;;;;;;;;;;;;;;;;;False;False;False;Basic Wall:Interior - Furring (38 mm Stud);;;
2O2Fr$t4X7Zf8NOew3FNld;IfcWallStandardCase;IfcWallStandardCase;Basic Wall:Interior - Partition (92mm Stud):138584;;Plasterboard;Level 1;False;;;;;;;;;1;23-25 40 11 11 11;Metal-Framed Gypsum Board Fixed Partitions;;;;;Level 1;0.0;;0.0;;False;;;;;;;;;;2.0;;;;;False;True;;;Up to level: Level 2;0.0;;-0.3050000000000001;False;2.795000000000378;;;;;;;;;;;;;10.01448500000069;;;3.791499999999996;;;;;;;1.241796140000085;;;;;;;;;;;AssetIdentifier;BarCode;;;InstallationDate;SerialNumber;;TagNumber;WarrantyStartDate;New Construction;;;;;;;;;;;;;;;;;;;;;;;;;0.0;;;;;;0.0;;;;;;;;;;;0.124;2.0;0.0;;;;;;;;;;;;;;;;;;;;;;;;;;;;;0.0;;;;;;;Manufacturer;;;;;;;;;;;;;;;;;;;;;;;;;AccessibilityPerformance;;FIXED;23-25 40 11 11 11;Metal-Framed Gypsum Board Fixed Partitions;CodePerformance;Color;;Constituents;;ExpectedLife;Features;Finish;;;Grade;;Material;ModelLabel;ModelReference;NominalHeight;NominalLength;NominalWidth;;ProductionYear;Reference;ReplacementCost;Shape;Size;SustainabilityPerformance;WarrantyDescription;WarrantyDurationLabor;WarrantyDurationParts;WarrantyGuarantorLabor;WarrantyGuarantorParts;;;;;;;;;;;;;;;;;;;;;;;;;;;;;;;;;;;;;;;;;;;;;;;;;;;;;;;;;;;;False;False;False;Basic Wall:Interior - Partition (92mm Stud);;;
2O2Fr$t4X7Zf8NOew3FNbT;IfcWallStandardCase;IfcWallStandardCase;Basic Wall:Party Wall - CMU Residential Unit Dimising Wall:139234;;Plasterboard;Level 1;True;;;;;;;;;1;23-25 30 24 14;Masonry Structural Walls;;;;;Level 1;0.0;;0.0;;False;;;;;;;;;;0.0;;;;;False;True;;;Up to level: Level 2;0.0;;-0.3050000000000002;False;2.795000000000378;;;;;;;;;;;;;11.74179500000078;;;4.191499999999984;;;;;;;5.788704935000469;;;;;;;;;;;AssetIdentifier;BarCode;;;InstallationDate;SerialNumber;;TagNumber;WarrantyStartDate;New Construction;;;;;;;;;;;;;;;;;;;;;;;;;0.0;;;;;;5.0;;;;;;;;;;;0.5500000000000002;0.0;0.0;;;;;;;;;;;;;;;;;;;;;;;;;;;;;0.0;;;;;;;Manufacturer;;;;;;;;;;;;;;;;;;;;;;;;;AccessibilityPerformance;;FIXED;23-25 30 24 14;Masonry Structural Walls;CodePerformance;Color;;Constituents;;ExpectedLife;Features;Finish;;;Grade;;Material;ModelLabel;ModelReference;NominalHeight;NominalLength;NominalWidth;;ProductionYear;Reference;ReplacementCost;Shape;Size;SustainabilityPerformance;WarrantyDescription;WarrantyDurationLabor;WarrantyDurationParts;WarrantyGuarantorLabor;WarrantyGuarantorParts;;;;;;;;;;;;;;;;;;;;;;;;;;;;;;;;;;;;;;;;;;;;;;;;;;;;;;;;;;;;False;True;False;Basic Wall:Party Wall - CMU Residential Unit Dimising Wall;;;
2O2Fr$t4X7Zf8NOew3FKRi;IfcWallStandardCase;IfcWallStandardCase;Basic Wall:Party Wall - CMU Residential Unit Dimising Wall:139347;;Plasterboard;Level 1;True;;;;;;;;;1;23-25 30 24 14;Masonry Structural Walls;;;;;Level 1;0.0;;0.0;;False;;;;;;;;;;0.0;;;;;False;True;;;Up to level: Level 2;0.0;;-0.3050000000000001;False;2.795000000000378;;;;;;;;;;;;;11.74179500000083;;;4.1915;;;;;;;5.788704935000408;;;;;;;;;;;AssetIdentifier;BarCode;;;InstallationDate;SerialNumber;;TagNumber;WarrantyStartDate;New Construction;;;;;;;;;;;;;;;;;;;;;;;;;0.0;;;;;;5.0;;;;;;;;;;;0.5500000000000002;0.0;0.0;;;;;;;;;;;;;;;;;;;;;;;;;;;;;0.0;;;;;;;Manufacturer;;;;;;;;;;;;;;;;;;;;;;;;;AccessibilityPerformance;;FIXED;23-25 30 24 14;Masonry Structural Walls;CodePerformance;Color;;Constituents;;ExpectedLife;Features;Finish;;;Grade;;Material;ModelLabel;ModelReference;NominalHeight;NominalLength;NominalWidth;;ProductionYear;Reference;ReplacementCost;Shape;Size;SustainabilityPerformance;WarrantyDescription;WarrantyDurationLabor;WarrantyDurationParts;WarrantyGuarantorLabor;WarrantyGuarantorParts;;;;;;;;;;;;;;;;;;;;;;;;;;;;;;;;;;;;;;;;;;;;;;;;;;;;;;;;;;;;False;True;False;Basic Wall:Party Wall - CMU Residential Unit Dimising Wall;;;
2O2Fr$t4X7Zf8NOew3FKRH;IfcWallStandardCase;IfcWallStandardCase;Basic Wall:Party Wall - CMU Residential Unit Dimising Wall:139374;;Plasterboard;Level 1;True;;;;;;;;;1;23-25 30 24 14;Masonry Structural Walls;;;;;Level 1;0.0;;0.0;;False;;;;;;;;;;0.0;;;;;False;True;;;Up to level: Level 2;0.0;;-0.3050000000000001;False;2.795000000000378;;;;;;;;;;;;;;;;2.200000000000027;;;;;;;2.010723000000178;;;;;;;;;;;AssetIdentifier;BarCode;;;InstallationDate;SerialNumber;;TagNumber;WarrantyStartDate;New Construction;;;;;;;;;;;;;;;;;;;;;;;;;0.0;;;;;;5.0;;;;;;;;;;;0.5500000000000002;0.0;0.0;;;;;;;;;;;;;;;;;;;;;;;;;;;;;0.0;;;;;;;Manufacturer;;;;;;;;;;;;;;;;;;;;;;;;;AccessibilityPerformance;;FIXED;23-25 30 24 14;Masonry Structural Walls;CodePerformance;Color;;Constituents;;ExpectedLife;Features;Finish;;;Grade;;Material;ModelLabel;ModelReference;NominalHeight;NominalLength;NominalWidth;;ProductionYear;Reference;ReplacementCost;Shape;Size;SustainabilityPerformance;WarrantyDescription;WarrantyDurationLabor;WarrantyDurationParts;WarrantyGuarantorLabor;WarrantyGuarantorParts;;;;;;;;;;;;;;;;;;;;;;;;;;;;;;;;;;;;;;;;;;;;;;;;;;;;;;;;;;;;False;True;False;Basic Wall:Party Wall - CMU Residential Unit Dimising Wall;;;
2O2Fr$t4X7Zf8NOew3FKIu;IfcWallStandardCase;IfcWallStandardCase;Basic Wall:Interior - Partition (92mm Stud):139783;;Plasterboard;Level 1;False;;;;;;;;;1;23-25 40 11 11 11;Metal-Framed Gypsum Board Fixed Partitions;;;;;Level 1;0.0;;0.0;;False;;;;;;;;;;3.0;;;;;False;True;;;Up to level: Level 2;0.0;;-0.3050000000000001;False;2.795000000000378;;;;;;;;;;;;;4.069520000000288;;;1.594;;;;;;;0.5046204800000355;;;;;;;;;;;AssetIdentifier;BarCode;;;InstallationDate;SerialNumber;;TagNumber;WarrantyStartDate;New Construction;;;;;;;;;;;;;;;;;;;;;;;;;0.0;;;;;;0.0;;;;;;;;;;;0.124;2.0;0.0;;;;;;;;;;;;;;;;;;;;;;;;;;;;;0.0;;;;;;;Manufacturer;;;;;;;;;;;;;;;;;;;;;;;;;AccessibilityPerformance;;FIXED;23-25 40 11 11 11;Metal-Framed Gypsum Board Fixed Partitions;CodePerformance;Color;;Constituents;;ExpectedLife;Features;Finish;;;Grade;;Material;ModelLabel;ModelReference;NominalHeight;NominalLength;NominalWidth;;ProductionYear;Reference;ReplacementCost;Shape;Size;SustainabilityPerformance;WarrantyDescription;WarrantyDurationLabor;WarrantyDurationParts;WarrantyGuarantorLabor;WarrantyGuarantorParts;;;;;;;;;;;;;;;;;;;;;;;;;;;;;;;;;;;;;;;;;;;;;;;;;;;;;;;;;;;;False;False;False;Basic Wall:Interior - Partition (92mm Stud);;;
2O2Fr$t4X7Zf8NOew3FKGS;IfcWallStandardCase;IfcWallStandardCase;Basic Wall:Interior - Partition (92mm Stud):139939;;Plasterboard;Level 1;False;;;;;;;;;1;23-25 40 11 11 11;Metal-Framed Gypsum Board Fixed Partitions;;;;;Level 1;0.0;;0.0;;False;;;;;;;;;;3.0;;;;;False;True;;;Up to level: Level 2;0.0;;-0.3050000000000001;False;2.795000000000378;;;;;;;;;;;;;10.01448500000068;;;3.791499999999991;;;;;;;1.241796140000083;;;;;;;;;;;AssetIdentifier;BarCode;;;InstallationDate;SerialNumber;;TagNumber;WarrantyStartDate;New Construction;;;;;;;;;;;;;;;;;;;;;;;;;0.0;;;;;;0.0;;;;;;;;;;;0.124;2.0;0.0;;;;;;;;;;;;;;;;;;;;;;;;;;;;;0.0;;;;;;;Manufacturer;;;;;;;;;;;;;;;;;;;;;;;;;AccessibilityPerformance;;FIXED;23-25 40 11 11 11;Metal-Framed Gypsum Board Fixed Partitions;CodePerformance;Color;;Constituents;;ExpectedLife;Features;Finish;;;Grade;;Material;ModelLabel;ModelReference;NominalHeight;NominalLength;NominalWidth;;ProductionYear;Reference;ReplacementCost;Shape;Size;SustainabilityPerformance;WarrantyDescription;WarrantyDurationLabor;WarrantyDurationParts;WarrantyGuarantorLabor;WarrantyGuarantorParts;;;;;;;;;;;;;;;;;;;;;;;;;;;;;;;;;;;;;;;;;;;;;;;;;;;;;;;;;;;;False;False;False;Basic Wall:Interior - Partition (92mm Stud);;;
2O2Fr$t4X7Zf8NOew3FK80;IfcWallStandardCase;IfcWallStandardCase;Basic Wall:Foundation - Concrete (417mm):140479;;Concrete - Cast In Situ;T/FDN;True;;;;;;;;;1;23-25 30 24 11;Concrete Structural Walls;True;;;;T/FDN;0.0;;0.0;;False;;;;;;;;;;3.0;;;;;False;True;;;Up to level: Level 1;0.0;;0.0;False;1.25;;;;;;;;;;;;;11.0;;;8.383000000000003;;;;;;;4.587000000000002;;;;;;;;;;;AssetIdentifier;BarCode;;;InstallationDate;SerialNumber;;TagNumber;WarrantyStartDate;New Construction;;;;;;;;;;;;;;;;;;;Rebar Cover 1 <0.025>;Rebar Cover 1 <0.025>;Rebar Cover 1 <0.025>;;;;1.0;;;;;;2.0;;;;;;;;;;;0.417;0.0;0.0;;;;;;;;;;;;;;;;;;;;;;;;;;;;;0.0;Concrete;;;;;;Manufacturer;;;;;;;;;;;;;;;;;;;;;;;;;AccessibilityPerformance;;FIXED;23-25 30 24 11;Concrete Structural Walls;CodePerformance;Color;;Constituents;;ExpectedLife;Features;Finish;;;Grade;;Material;ModelLabel;ModelReference;NominalHeight;NominalLength;NominalWidth;;ProductionYear;Reference;ReplacementCost;Shape;Size;SustainabilityPerformance;WarrantyDescription;WarrantyDurationLabor;WarrantyDurationParts;WarrantyGuarantorLabor;WarrantyGuarantorParts;;;;;;;;;;;;;;;;;;;;;;;;;;;;;;;;;;;;;;;;;;;;;;;;;;;;;;;;;;;;False;True;True;Basic Wall:Foundation - Concrete (417mm);;;
2O2Fr$t4X7Zf8NOew3FK9N;IfcWallStandardCase;IfcWallStandardCase;Basic Wall:Foundation - Concrete (417mm):140520;;Concrete - Cast In Situ;T/FDN;True;;;;;;;;;1;23-25 30 24 11;Concrete Structural Walls;True;;;;T/FDN;0.0;;0.0;;False;;;;;;;;;;3.0;;;;;False;True;;;Up to level: Level 1;0.0;;0.0;False;1.25;;;;;;;;;;;;;21.72874999999998;;;17.38299999999999;;;;;;;9.06088875;;;;;;;;;;;AssetIdentifier;BarCode;;;InstallationDate;SerialNumber;;TagNumber;WarrantyStartDate;New Construction;;;;;;;;;;;;;;;;;;;Rebar Cover 1 <0.025>;Rebar Cover 1 <0.025>;Rebar Cover 1 <0.025>;;;;1.0;;;;;;2.0;;;;;;;;;;;0.417;0.0;0.0;;;;;;;;;;;;;;;;;;;;;;;;;;;;;0.0;Concrete;;;;;;Manufacturer;;;;;;;;;;;;;;;;;;;;;;;;;AccessibilityPerformance;;FIXED;23-25 30 24 11;Concrete Structural Walls;CodePerformance;Color;;Constituents;;ExpectedLife;Features;Finish;;;Grade;;Material;ModelLabel;ModelReference;NominalHeight;NominalLength;NominalWidth;;ProductionYear;Reference;ReplacementCost;Shape;Size;SustainabilityPerformance;WarrantyDescription;WarrantyDurationLabor;WarrantyDurationParts;WarrantyGuarantorLabor;WarrantyGuarantorParts;;;;;;;;;;;;;;;;;;;;;;;;;;;;;;;;;;;;;;;;;;;;;;;;;;;;;;;;;;;;False;True;True;Basic Wall:Foundation - Concrete (417mm);;;
2O2Fr$t4X7Zf8NOew3FKEr;IfcWallStandardCase;IfcWallStandardCase;Basic Wall:Foundation - Concrete (417mm):140554;;Concrete - Cast In Situ;T/FDN;True;;;;;;;;;1;23-25 30 24 11;Concrete Structural Walls;True;;;;T/FDN;0.0;;0.0;;False;;;;;;;;;;3.0;;;;;False;True;;;Up to level: Level 1;0.0;;0.0;False;1.25;;;;;;;;;;;;;10.47874999999997;;;8.382999999999976;;;;;;;4.36963874999999;;;;;;;;;;;AssetIdentifier;BarCode;;;InstallationDate;SerialNumber;;TagNumber;WarrantyStartDate;New Construction;;;;;;;;;;;;;;;;;;;Rebar Cover 1 <0.025>;Rebar Cover 1 <0.025>;Rebar Cover 1 <0.025>;;;;1.0;;;;;;2.0;;;;;;;;;;;0.417;0.0;0.0;;;;;;;;;;;;;;;;;;;;;;;;;;;;;0.0;Concrete;;;;;;Manufacturer;;;;;;;;;;;;;;;;;;;;;;;;;AccessibilityPerformance;;FIXED;23-25 30 24 11;Concrete Structural Walls;CodePerformance;Color;;Constituents;;ExpectedLife;Features;Finish;;;Grade;;Material;ModelLabel;ModelReference;NominalHeight;NominalLength;NominalWidth;;ProductionYear;Reference;ReplacementCost;Shape;Size;SustainabilityPerformance;WarrantyDescription;WarrantyDurationLabor;WarrantyDurationParts;WarrantyGuarantorLabor;WarrantyGuarantorParts;;;;;;;;;;;;;;;;;;;;;;;;;;;;;;;;;;;;;;;;;;;;;;;;;;;;;;;;;;;;False;True;True;Basic Wall:Foundation - Concrete (417mm);;;
2O2Fr$t4X7Zf8NOew3FKE5;IfcWallStandardCase;IfcWallStandardCase;Basic Wall:Foundation - Concrete (417mm):140602;;Concrete - Cast In Situ;T/FDN;True;;;;;;;;;1;23-25 30 24 11;Concrete Structural Walls;True;;;;T/FDN;0.0;;0.0;;False;;;;;;;;;;3.0;;;;;False;True;;;Up to level: Level 1;0.0;;0.0;False;1.25;;;;;;;;;;;;;21.20749999999998;;;17.38299999999999;;;;;;;8.84352749999999;;;;;;;;;;;AssetIdentifier;BarCode;;;InstallationDate;SerialNumber;;TagNumber;WarrantyStartDate;New Construction;;;;;;;;;;;;;;;;;;;Rebar Cover 1 <0.025>;Rebar Cover 1 <0.025>;Rebar Cover 1 <0.025>;;;;1.0;;;;;;2.0;;;;;;;;;;;0.417;0.0;0.0;;;;;;;;;;;;;;;;;;;;;;;;;;;;;0.0;Concrete;;;;;;Manufacturer;;;;;;;;;;;;;;;;;;;;;;;;;AccessibilityPerformance;;FIXED;23-25 30 24 11;Concrete Structural Walls;CodePerformance;Color;;Constituents;;ExpectedLife;Features;Finish;;;Grade;;Material;ModelLabel;ModelReference;NominalHeight;NominalLength;NominalWidth;;ProductionYear;Reference;ReplacementCost;Shape;Size;SustainabilityPerformance;WarrantyDescription;WarrantyDurationLabor;WarrantyDurationParts;WarrantyGuarantorLabor;WarrantyGuarantorParts;;;;;;;;;;;;;;;;;;;;;;;;;;;;;;;;;;;;;;;;;;;;;;;;;;;;;;;;;;;;False;True;True;Basic Wall:Foundation - Concrete (417mm);;;
2O2Fr$t4X7Zf8NOew3FK3E;IfcWallStandardCase;IfcWallStandardCase;Basic Wall:Foundation - Concrete (435mm):140913;;Concrete - Cast In Situ;T/FDN;True;;;;;;;;;1;23-25 30 24 11;Concrete Structural Walls;True;;;;T/FDN;0.0;;0.0;;False;;;;;;;;;;0.0;;;;;False;True;;;Up to level: Level 1;0.0;;0.0;False;1.25;;;;;;;;;;;;;5.250624999999992;;;4.191499999999992;;;;;;;2.284021874999995;;;;;;;;;;;AssetIdentifier;BarCode;;;InstallationDate;SerialNumber;;TagNumber;WarrantyStartDate;New Construction;;;;;;;;;;;;;;;;;;;Rebar Cover 1 <0.025>;Rebar Cover 1 <0.025>;Rebar Cover 1 <0.025>;;;;1.0;;;;;;2.0;;;;;;;;;;;0.435;0.0;0.0;;;;;;;;;;;;;;;;;;;;;;;;;;;;;0.0;Concrete;;;;;;Manufacturer;;;;;;;;;;;;;;;;;;;;;;;;;AccessibilityPerformance;;FIXED;23-25 30 24 11;Concrete Structural Walls;CodePerformance;Color;;Constituents;;ExpectedLife;Features;Finish;;;Grade;;Material;ModelLabel;ModelReference;NominalHeight;NominalLength;NominalWidth;;ProductionYear;Reference;ReplacementCost;Shape;Size;SustainabilityPerformance;WarrantyDescription;WarrantyDurationLabor;WarrantyDurationParts;WarrantyGuarantorLabor;WarrantyGuarantorParts;;;;;;;;;;;;;;;;;;;;;;;;;;;;;;;;;;;;;;;;;;;;;;;;;;;;;;;;;;;;False;True;True;Basic Wall:Foundation - Concrete (435mm);;;
2O2Fr$t4X7Zf8NOew3FK04;IfcWallStandardCase;IfcWallStandardCase;Basic Wall:Foundation - Concrete (435mm):140987;;Concrete - Cast In Situ;T/FDN;True;;;;;;;;;1;23-25 30 24 11;Concrete Structural Walls;True;;;;T/FDN;0.0;;0.0;;False;;;;;;;;;;0.0;;;;;False;True;;;Up to level: Level 1;0.0;;0.0;False;1.25;;;;;;;;;;;;;5.25062499999999;;;4.191499999999992;;;;;;;2.284021875;;;;;;;;;;;AssetIdentifier;BarCode;;;InstallationDate;SerialNumber;;TagNumber;WarrantyStartDate;New Construction;;;;;;;;;;;;;;;;;;;Rebar Cover 1 <0.025>;Rebar Cover 1 <0.025>;Rebar Cover 1 <0.025>;;;;1.0;;;;;;2.0;;;;;;;;;;;0.435;0.0;0.0;;;;;;;;;;;;;;;;;;;;;;;;;;;;;0.0;Concrete;;;;;;Manufacturer;;;;;;;;;;;;;;;;;;;;;;;;;AccessibilityPerformance;;FIXED;23-25 30 24 11;Concrete Structural Walls;CodePerformance;Color;;Constituents;;ExpectedLife;Features;Finish;;;Grade;;Material;ModelLabel;ModelReference;NominalHeight;NominalLength;NominalWidth;;ProductionYear;Reference;ReplacementCost;Shape;Size;SustainabilityPerformance;WarrantyDescription;WarrantyDurationLabor;WarrantyDurationParts;WarrantyGuarantorLabor;WarrantyGuarantorParts;;;;;;;;;;;;;;;;;;;;;;;;;;;;;;;;;;;;;;;;;;;;;;;;;;;;;;;;;;;;False;True;True;Basic Wall:Foundation - Concrete (435mm);;;
2O2Fr$t4X7Zf8NOew3FK1b;IfcWallStandardCase;IfcWallStandardCase;Basic Wall:Foundation - Concrete (435mm):141018;;Concrete - Cast In Situ;T/FDN;True;;;;;;;;;1;23-25 30 24 11;Concrete Structural Walls;True;;;;T/FDN;0.0;;0.0;;False;;;;;;;;;;0.0;;;;;False;True;;;Up to level: Level 1;0.0;;-0.127;False;1.123;;;;;;;;;;;;;1.982095000000031;;;2.200000000000026;;;;;;;0.8622113250000139;;;;;;;;;;;AssetIdentifier;BarCode;;;InstallationDate;SerialNumber;;TagNumber;WarrantyStartDate;New Construction;;;;;;;;;;;;;;;;;;;Rebar Cover 1 <0.025>;Rebar Cover 1 <0.025>;Rebar Cover 1 <0.025>;;;;1.0;;;;;;2.0;;;;;;;;;;;0.435;0.0;0.0;;;;;;;;;;;;;;;;;;;;;;;;;;;;;0.0;Concrete;;;;;;Manufacturer;;;;;;;;;;;;;;;;;;;;;;;;;AccessibilityPerformance;;FIXED;23-25 30 24 11;Concrete Structural Walls;CodePerformance;Color;;Constituents;;ExpectedLife;Features;Finish;;;Grade;;Material;ModelLabel;ModelReference;NominalHeight;NominalLength;NominalWidth;;ProductionYear;Reference;ReplacementCost;Shape;Size;SustainabilityPerformance;WarrantyDescription;WarrantyDurationLabor;WarrantyDurationParts;WarrantyGuarantorLabor;WarrantyGuarantorParts;;;;;;;;;;;;;;;;;;;;;;;;;;;;;;;;;;;;;;;;;;;;;;;;;;;;;;;;;;;;False;True;True;Basic Wall:Foundation - Concrete (435mm);;;
2O2Fr$t4X7Zf8NOew3FLMr;IfcWallStandardCase;IfcWallStandardCase;Basic Wall:Interior - Plumbing (152mm Stud):144138;;Plasterboard;Level 2;False;;;;;;;;;1;23-25 40 11 11 11;Metal-Framed Gypsum Board Fixed Partitions;;;;;Level 2;0.0;;0.0;;False;;;;;;;;;;2.0;;;;;False;True;;;Up to level: Roof;0.0;;0.0;False;2.900000000000013;;;;;;;;;;;;;4.69509999999999;;;1.95599999999999;;;;;;;0.8638984000000003;;;;;;;;;;;AssetIdentifier;BarCode;;;InstallationDate;SerialNumber;;TagNumber;WarrantyStartDate;New Construction;;;;;;;;;;;;;;;;;;;;;;;;;0.0;;;;;;0.0;;;;;;;;;;;0.184;0.0;0.0;;;;;;;;;;;;;;;;;;;;;;;;;;;;;0.0;;;;;;;Manufacturer;;;;;;;;;;;;;;;;;;;;;;;;;AccessibilityPerformance;;FIXED;23-25 40 11 11 11;Metal-Framed Gypsum Board Fixed Partitions;CodePerformance;Color;;Constituents;;ExpectedLife;Features;Finish;;;Grade;;Material;ModelLabel;ModelReference;NominalHeight;NominalLength;NominalWidth;;ProductionYear;Reference;ReplacementCost;Shape;Size;SustainabilityPerformance;WarrantyDescription;WarrantyDurationLabor;WarrantyDurationParts;WarrantyGuarantorLabor;WarrantyGuarantorParts;;;;;;;;;;;;;;;;;;;;;;;;;;;;;;;;;;;;;;;;;;;;;;;;;;;;;;;;;;;;False;False;False;Basic Wall:Interior - Plumbing (152mm Stud);;;
2O2Fr$t4X7Zf8NOew3FLKI;IfcWallStandardCase;IfcWallStandardCase;Basic Wall:Interior - Partition (92mm Stud):144301;;Plasterboard;Level 2;False;;;;;;;;;1;23-25 40 11 11 11;Metal-Framed Gypsum Board Fixed Partitions;;;;;Level 2;0.0;;0.0;;False;;;;;;;;;;2.0;;;;;False;True;;;Up to level: Roof;0.0;;0.0;False;2.900000000000013;;;;;;;;;;;;;4.69509999999999;;;1.95599999999999;;;;;;;0.5821923999999986;;;;;;;;;;;AssetIdentifier;BarCode;;;InstallationDate;SerialNumber;;TagNumber;WarrantyStartDate;New Construction;;;;;;;;;;;;;;;;;;;;;;;;;0.0;;;;;;0.0;;;;;;;;;;;0.124;2.0;0.0;;;;;;;;;;;;;;;;;;;;;;;;;;;;;0.0;;;;;;;Manufacturer;;;;;;;;;;;;;;;;;;;;;;;;;AccessibilityPerformance;;FIXED;23-25 40 11 11 11;Metal-Framed Gypsum Board Fixed Partitions;CodePerformance;Color;;Constituents;;ExpectedLife;Features;Finish;;;Grade;;Material;ModelLabel;ModelReference;NominalHeight;NominalLength;NominalWidth;;ProductionYear;Reference;ReplacementCost;Shape;Size;SustainabilityPerformance;WarrantyDescription;WarrantyDurationLabor;WarrantyDurationParts;WarrantyGuarantorLabor;WarrantyGuarantorParts;;;;;;;;;;;;;;;;;;;;;;;;;;;;;;;;;;;;;;;;;;;;;;;;;;;;;;;;;;;;False;False;False;Basic Wall:Interior - Partition (92mm Stud);;;
2O2Fr$t4X7Zf8NOew3FLEJ;IfcWallStandardCase;IfcWallStandardCase;Basic Wall:Interior - Partition (92mm Stud):144684;;Plasterboard;Level 2;False;;;;;;;;;1;23-25 40 11 11 11;Metal-Framed Gypsum Board Fixed Partitions;;;;;Level 2;0.0;;0.0;;False;;;;;;;;;;2.0;;;;;False;True;;;Up to level: Roof;0.0;;0.0;False;2.900000000000013;;;;;;;;;;;;;4.695100000000069;;;1.956000000000018;;;;;;;0.5821924000000085;;;;;;;;;;;AssetIdentifier;BarCode;;;InstallationDate;SerialNumber;;TagNumber;WarrantyStartDate;New Construction;;;;;;;;;;;;;;;;;;;;;;;;;0.0;;;;;;0.0;;;;;;;;;;;0.124;2.0;0.0;;;;;;;;;;;;;;;;;;;;;;;;;;;;;0.0;;;;;;;Manufacturer;;;;;;;;;;;;;;;;;;;;;;;;;AccessibilityPerformance;;FIXED;23-25 40 11 11 11;Metal-Framed Gypsum Board Fixed Partitions;CodePerformance;Color;;Constituents;;ExpectedLife;Features;Finish;;;Grade;;Material;ModelLabel;ModelReference;NominalHeight;NominalLength;NominalWidth;;ProductionYear;Reference;ReplacementCost;Shape;Size;SustainabilityPerformance;WarrantyDescription;WarrantyDurationLabor;WarrantyDurationParts;WarrantyGuarantorLabor;WarrantyGuarantorParts;;;;;;;;;;;;;;;;;;;;;;;;;;;;;;;;;;;;;;;;;;;;;;;;;;;;;;;;;;;;False;False;False;Basic Wall:Interior - Partition (92mm Stud);;;
2O2Fr$t4X7Zf8NOew3FLCm;IfcWallStandardCase;IfcWallStandardCase;Basic Wall:Interior - Plumbing (152mm Stud):144783;;Plasterboard;Level 2;False;;;;;;;;;1;23-25 40 11 11 11;Metal-Framed Gypsum Board Fixed Partitions;;;;;Level 2;0.0;;0.0;;False;;;;;;;;;;2.0;;;;;False;True;;;Up to level: Roof;0.0;;0.0;False;2.900000000000013;;;;;;;;;;;;;4.695100000000073;;;1.956000000000018;;;;;;;0.8638984000000101;;;;;;;;;;;AssetIdentifier;BarCode;;;InstallationDate;SerialNumber;;TagNumber;WarrantyStartDate;New Construction;;;;;;;;;;;;;;;;;;;;;;;;;0.0;;;;;;0.0;;;;;;;;;;;0.184;0.0;0.0;;;;;;;;;;;;;;;;;;;;;;;;;;;;;0.0;;;;;;;Manufacturer;;;;;;;;;;;;;;;;;;;;;;;;;AccessibilityPerformance;;FIXED;23-25 40 11 11 11;Metal-Framed Gypsum Board Fixed Partitions;CodePerformance;Color;;Constituents;;ExpectedLife;Features;Finish;;;Grade;;Material;ModelLabel;ModelReference;NominalHeight;NominalLength;NominalWidth;;ProductionYear;Reference;ReplacementCost;Shape;Size;SustainabilityPerformance;WarrantyDescription;WarrantyDurationLabor;WarrantyDurationParts;WarrantyGuarantorLabor;WarrantyGuarantorParts;;;;;;;;;;;;;;;;;;;;;;;;;;;;;;;;;;;;;;;;;;;;;;;;;;;;;;;;;;;;False;False;False;Basic Wall:Interior - Plumbing (152mm Stud);;;
2O2Fr$t4X7Zf8NOew3FNqI;IfcWallStandardCase;IfcWallStandardCase;Basic Wall:Exterior - Brick on Block:138157;;Masonry - Brick;Level 1;True;;;;;;;;;1;23-25 30 24 14;Masonry Structural Walls;;;;;Level 1;0.0;;0.0;;False;;;;;;;;;;2.0;;;;;False;True;;;Up to level: Level 2;0.0;;0.0;False;3.100000000000378;;;;;;;;;;;;;49.72480000000331;;;17.38299999999997;;;;;;;20.73524160000141;;;;;;;;;;;AssetIdentifier;BarCode;;;InstallationDate;SerialNumber;;TagNumber;WarrantyStartDate;New Construction;;;;;;;;;;;;;;;;;;;;;;;;;0.0;;;;;;1.0;;;;;;;;;;;0.4170000000000001;0.0;0.0;;;;;;;;;;;;;;;;;;;;;;;;;;;;;0.0;;;;;;;Manufacturer;;;;;;;;;;;;;;;;;;;;;;;;;AccessibilityPerformance;;FIXED;23-25 30 24 14;Masonry Structural Walls;CodePerformance;Color;;Constituents;;ExpectedLife;Features;Finish;;;Grade;;Material;ModelLabel;ModelReference;NominalHeight;NominalLength;NominalWidth;;ProductionYear;Reference;ReplacementCost;Shape;Size;SustainabilityPerformance;WarrantyDescription;WarrantyDurationLabor;WarrantyDurationParts;WarrantyGuarantorLabor;WarrantyGuarantorParts;;;;;;;;;;;;;;;;;;;;;;;;;;;;;;;;;;;;;;;;;;;;;;;;;;;;;;;;;;;;False;True;False;Basic Wall:Exterior - Brick on Block;;;
2O2Fr$t4X7Zf8NOew3FNhv;IfcWallStandardCase;IfcWallStandardCase;Basic Wall:Exterior - Brick on Block:138310;;Masonry - Brick;Level 1;True;;;;;;;;;1;23-25 30 24 14;Masonry Structural Walls;;;;;Level 1;0.0;;0.0;;False;;;;;;;;;;2.0;;;;;False;True;;;Up to level: Level 2;0.0;;0.0;False;3.100000000000378;;;;;;;;;;;;;48.43210000000325;;;17.38299999999997;;;;;;;20.19618570000135;;;;;;;;;;;AssetIdentifier;BarCode;;;InstallationDate;SerialNumber;;TagNumber;WarrantyStartDate;New Construction;;;;;;;;;;;;;;;;;;;;;;;;;0.0;;;;;;1.0;;;;;;;;;;;0.4170000000000001;0.0;0.0;;;;;;;;;;;;;;;;;;;;;;;;;;;;;0.0;;;;;;;Manufacturer;;;;;;;;;;;;;;;;;;;;;;;;;AccessibilityPerformance;;FIXED;23-25 30 24 14;Masonry Structural Walls;CodePerformance;Color;;Constituents;;ExpectedLife;Features;Finish;;;Grade;;Material;ModelLabel;ModelReference;NominalHeight;NominalLength;NominalWidth;;ProductionYear;Reference;ReplacementCost;Shape;Size;SustainabilityPerformance;WarrantyDescription;WarrantyDurationLabor;WarrantyDurationParts;WarrantyGuarantorLabor;WarrantyGuarantorParts;;;;;;;;;;;;;;;;;;;;;;;;;;;;;;;;;;;;;;;;;;;;;;;;;;;;;;;;;;;;False;True;False;Basic Wall:Exterior - Brick on Block;;;
2O2Fr$t4X7Zf8NOew3FLQD;IfcWallStandardCase;IfcWallStandardCase;Basic Wall:Exterior - Brick on Block:143410;;Masonry - Brick;Level 2;True;;;;;;;;;1;23-25 30 24 14;Masonry Structural Walls;;;;;Level 2;0.0;;0.0;;False;;;;;;;;;;2.0;;;;;False;True;;;Up to level: Roof;0.0;;0.0;False;2.900000000000013;;;;;;;;;;;;;16.90713700000012;;;8.383000000000001;;;;;;;6.54599802900005;;;;;;;;;;;AssetIdentifier;BarCode;;;InstallationDate;SerialNumber;;TagNumber;WarrantyStartDate;New Construction;;;;;;;;;;;;;;;;;;;;;;;;;0.0;;;;;;1.0;;;;;;;;;;;0.4170000000000001;0.0;0.0;;;;;;;;;;;;;;;;;;;;;;;;;;;;;0.0;;;;;;;Manufacturer;;;;;;;;;;;;;;;;;;;;;;;;;AccessibilityPerformance;;FIXED;23-25 30 24 14;Masonry Structural Walls;CodePerformance;Color;;Constituents;;ExpectedLife;Features;Finish;;;Grade;;Material;ModelLabel;ModelReference;NominalHeight;NominalLength;NominalWidth;;ProductionYear;Reference;ReplacementCost;Shape;Size;SustainabilityPerformance;WarrantyDescription;WarrantyDurationLabor;WarrantyDurationParts;WarrantyGuarantorLabor;WarrantyGuarantorParts;;;;;;;;;;;;;;;;;;;;;;;;;;;;;;;;;;;;;;;;;;;;;;;;;;;;;;;;;;;;False;True;False;Basic Wall:Exterior - Brick on Block;;;
2O2Fr$t4X7Zf8NOew3FLOH;IfcWallStandardCase;IfcWallStandardCase;Basic Wall:Exterior - Brick on Block:143534;;Masonry - Brick;Level 2;True;;;;;;;;;1;23-25 30 24 14;Masonry Structural Walls;;;;;Level 2;0.0;;0.0;;False;;;;;;;;;;2.0;;;;;False;True;;;Up to level: Roof;0.0;;0.0;False;2.900000000000013;;;;;;;;;;;;;16.90713700000003;;;8.382999999999972;;;;;;;6.54599802900002;;;;;;;;;;;AssetIdentifier;BarCode;;;InstallationDate;SerialNumber;;TagNumber;WarrantyStartDate;New Construction;;;;;;;;;;;;;;;;;;;;;;;;;0.0;;;;;;1.0;;;;;;;;;;;0.4170000000000001;0.0;0.0;;;;;;;;;;;;;;;;;;;;;;;;;;;;;0.0;;;;;;;Manufacturer;;;;;;;;;;;;;;;;;;;;;;;;;AccessibilityPerformance;;FIXED;23-25 30 24 14;Masonry Structural Walls;CodePerformance;Color;;Constituents;;ExpectedLife;Features;Finish;;;Grade;;Material;ModelLabel;ModelReference;NominalHeight;NominalLength;NominalWidth;;ProductionYear;Reference;ReplacementCost;Shape;Size;SustainabilityPerformance;WarrantyDescription;WarrantyDurationLabor;WarrantyDurationParts;WarrantyGuarantorLabor;WarrantyGuarantorParts;;;;;;;;;;;;;;;;;;;;;;;;;;;;;;;;;;;;;;;;;;;;;;;;;;;;;;;;;;;;False;True;False;Basic Wall:Exterior - Brick on Block;;;
2O2Fr$t4X7Zf8NOew3FKST;IfcWallStandardCase;IfcWallStandardCase;Basic Wall:Interior - Partition (92mm Stud):139682;;Plasterboard;Level 1;False;;;;;;;;;1;23-25 40 11 11 11;Metal-Framed Gypsum Board Fixed Partitions;;;;;Level 1;0.0;;0.0;;False;;;;;;;;;;3.0;;;;;False;True;;;Up to level: Level 2;0.0;;-0.3050000000000001;False;2.795000000000378;;;;;;;;;;;;;6.613016000000686;;;3.19500000000004;;;;;;;0.8200139840000846;;;;;;;;;;;AssetIdentifier;BarCode;;;InstallationDate;SerialNumber;;TagNumber;WarrantyStartDate;New Construction;;;;;;;;;;;;;;;;;;;;;;;;;0.0;;;;;;0.0;;;;;;;;;;;0.124;2.0;0.0;;;;;;;;;;;;;;;;;;;;;;;;;;;;;0.0;;;;;;;Manufacturer;;;;;;;;;;;;;;;;;;;;;;;;;AccessibilityPerformance;;FIXED;23-25 40 11 11 11;Metal-Framed Gypsum Board Fixed Partitions;CodePerformance;Color;;Constituents;;ExpectedLife;Features;Finish;;;Grade;;Material;ModelLabel;ModelReference;NominalHeight;NominalLength;NominalWidth;;ProductionYear;Reference;ReplacementCost;Shape;Size;SustainabilityPerformance;WarrantyDescription;WarrantyDurationLabor;WarrantyDurationParts;WarrantyGuarantorLabor;WarrantyGuarantorParts;;;;;;;;;;;;;;;;;;;;;;;;;;;;;;;;;;;;;;;;;;;;;;;;;;;;;;;;;;;;False;False;False;Basic Wall:Interior - Partition (92mm Stud);;;
2O2Fr$t4X7Zf8NOew3FNau;IfcWallStandardCase;IfcWallStandardCase;Basic Wall:Interior - Partition (92mm Stud):139143;;Plasterboard;Level 1;False;;;;;;;;;1;23-25 40 11 11 11;Metal-Framed Gypsum Board Fixed Partitions;;;;;Level 1;0.0;;0.0;;False;;;;;;;;;;3.0;;;;;False;True;;;Up to level: Level 2;0.0;;-0.3050000000000001;False;2.795000000000378;;;;;;;;;;;;;6.613016000000691;;;3.195000000000043;;;;;;;0.8200139840000854;;;;;;;;;;;AssetIdentifier;BarCode;;;InstallationDate;SerialNumber;;TagNumber;WarrantyStartDate;New Construction;;;;;;;;;;;;;;;;;;;;;;;;;0.0;;;;;;0.0;;;;;;;;;;;0.124;2.0;0.0;;;;;;;;;;;;;;;;;;;;;;;;;;;;;0.0;;;;;;;Manufacturer;;;;;;;;;;;;;;;;;;;;;;;;;AccessibilityPerformance;;FIXED;23-25 40 11 11 11;Metal-Framed Gypsum Board Fixed Partitions;CodePerformance;Color;;Constituents;;ExpectedLife;Features;Finish;;;Grade;;Material;ModelLabel;ModelReference;NominalHeight;NominalLength;NominalWidth;;ProductionYear;Reference;ReplacementCost;Shape;Size;SustainabilityPerformance;WarrantyDescription;WarrantyDurationLabor;WarrantyDurationParts;WarrantyGuarantorLabor;WarrantyGuarantorParts;;;;;;;;;;;;;;;;;;;;;;;;;;;;;;;;;;;;;;;;;;;;;;;;;;;;;;;;;;;;False;False;False;Basic Wall:Interior - Partition (92mm Stud);;;
2O2Fr$t4X7Zf8NOew3FLTF;IfcWallStandardCase;IfcWallStandardCase;Basic Wall:Interior - Partition (92mm Stud):143856;;Plasterboard;Level 1;False;;;;;;;;;1;23-25 40 11 11 11;Metal-Framed Gypsum Board Fixed Partitions;;;;;Level 2;0.0;;-0.4880000000001955;;False;;;;;;;;;;3.0;;;;;False;True;;;Up to level: Roof;0.0;;0.0;False;3.388000000000208;;;;;;;;;;;;;5.321884000000435;;;2.2355;;;;;;;0.6599136160000535;;;;;;;;;;;AssetIdentifier;BarCode;;;InstallationDate;SerialNumber;;TagNumber;WarrantyStartDate;New Construction;;;;;;;;;;;;;;;;;;;;;;;;;0.0;;;;;;0.0;;;;;;;;;;;0.124;2.0;0.0;;;;;;;;;;;;;;;;;;;;;;;;;;;;;0.0;;;;;;;Manufacturer;;;;;;;;;;;;;;;;;;;;;;;;;AccessibilityPerformance;;FIXED;23-25 40 11 11 11;Metal-Framed Gypsum Board Fixed Partitions;CodePerformance;Color;;Constituents;;ExpectedLife;Features;Finish;;;Grade;;Material;ModelLabel;ModelReference;NominalHeight;NominalLength;NominalWidth;;ProductionYear;Reference;ReplacementCost;Shape;Size;SustainabilityPerformance;WarrantyDescription;WarrantyDurationLabor;WarrantyDurationParts;WarrantyGuarantorLabor;WarrantyGuarantorParts;;;;;;;;;;;;;;;;;;;;;;;;;;;;;;;;;;;;;;;;;;;;;;;;;;;;;;;;;;;;False;False;False;Basic Wall:Interior - Partition (92mm Stud);;;
2O2Fr$t4X7Zf8NOew3FL8v;IfcWallStandardCase;IfcWallStandardCase;Basic Wall:Interior - Partition (92mm Stud):144518;;Plasterboard;Level 1;False;;;;;;;;;1;23-25 40 11 11 11;Metal-Framed Gypsum Board Fixed Partitions;;;;;Level 2;0.0;;-0.488;;False;;;;;;;;;;3.0;;;;;False;True;;;Up to level: Roof;0.0;;0.0;False;3.388000000000012;;;;;;;;;;;;;5.321883999999962;;;2.235499999999981;;;;;;;0.659913615999995;;;;;;;;;;;AssetIdentifier;BarCode;;;InstallationDate;SerialNumber;;TagNumber;WarrantyStartDate;New Construction;;;;;;;;;;;;;;;;;;;;;;;;;0.0;;;;;;0.0;;;;;;;;;;;0.124;2.0;0.0;;;;;;;;;;;;;;;;;;;;;;;;;;;;;0.0;;;;;;;Manufacturer;;;;;;;;;;;;;;;;;;;;;;;;;AccessibilityPerformance;;FIXED;23-25 40 11 11 11;Metal-Framed Gypsum Board Fixed Partitions;CodePerformance;Color;;Constituents;;ExpectedLife;Features;Finish;;;Grade;;Material;ModelLabel;ModelReference;NominalHeight;NominalLength;NominalWidth;;ProductionYear;Reference;ReplacementCost;Shape;Size;SustainabilityPerformance;WarrantyDescription;WarrantyDurationLabor;WarrantyDurationParts;WarrantyGuarantorLabor;WarrantyGuarantorParts;;;;;;;;;;;;;;;;;;;;;;;;;;;;;;;;;;;;;;;;;;;;;;;;;;;;;;;;;;;;False;False;False;Basic Wall:Interior - Partition (92mm Stud);;;
2O2Fr$t4X7Zf8NOew3FLJd;IfcWallStandardCase;IfcWallStandardCase;Basic Wall:Interior - Partition (92mm Stud):143960;;Plasterboard;Level 2;False;;;;;;;;;1;23-25 40 11 11 11;Metal-Framed Gypsum Board Fixed Partitions;;;;;Level 2;0.0;;0.0;;False;;;;;;;;;;3.0;;;;;False;True;;;Up to level: Roof;0.0;;0.0;False;2.900000000000013;;;;;;;;;;;;;3.942852000000001;;;2.235499999999992;;;;;;;0.488913648;;;;;;;;;;;AssetIdentifier;BarCode;;;InstallationDate;SerialNumber;;TagNumber;WarrantyStartDate;New Construction;;;;;;;;;;;;;;;;;;;;;;;;;0.0;;;;;;0.0;;;;;;;;;;;0.124;2.0;0.0;;;;;;;;;;;;;;;;;;;;;;;;;;;;;0.0;;;;;;;Manufacturer;;;;;;;;;;;;;;;;;;;;;;;;;AccessibilityPerformance;;FIXED;23-25 40 11 11 11;Metal-Framed Gypsum Board Fixed Partitions;CodePerformance;Color;;Constituents;;ExpectedLife;Features;Finish;;;Grade;;Material;ModelLabel;ModelReference;NominalHeight;NominalLength;NominalWidth;;ProductionYear;Reference;ReplacementCost;Shape;Size;SustainabilityPerformance;WarrantyDescription;WarrantyDurationLabor;WarrantyDurationParts;WarrantyGuarantorLabor;WarrantyGuarantorParts;;;;;;;;;;;;;;;;;;;;;;;;;;;;;;;;;;;;;;;;;;;;;;;;;;;;;;;;;;;;False;False;False;Basic Wall:Interior - Partition (92mm Stud);;;
2O2Fr$t4X7Zf8NOew3FL96;IfcWallStandardCase;IfcWallStandardCase;Basic Wall:Interior - Partition (92mm Stud):144633;;Plasterboard;Level 2;False;;;;;;;;;1;23-25 40 11 11 11;Metal-Framed Gypsum Board Fixed Partitions;;;;;Level 2;0.0;;0.0;;False;;;;;;;;;;3.0;;;;;False;True;;;Up to level: Roof;0.0;;0.0;False;2.900000000000013;;;;;;;;;;;;;3.942851999999971;;;2.235499999999982;;;;;;;0.4889136479999963;;;;;;;;;;;AssetIdentifier;BarCode;;;InstallationDate;SerialNumber;;TagNumber;WarrantyStartDate;New Construction;;;;;;;;;;;;;;;;;;;;;;;;;0.0;;;;;;0.0;;;;;;;;;;;0.124;2.0;0.0;;;;;;;;;;;;;;;;;;;;;;;;;;;;;0.0;;;;;;;Manufacturer;;;;;;;;;;;;;;;;;;;;;;;;;AccessibilityPerformance;;FIXED;23-25 40 11 11 11;Metal-Framed Gypsum Board Fixed Partitions;CodePerformance;Color;;Constituents;;ExpectedLife;Features;Finish;;;Grade;;Material;ModelLabel;ModelReference;NominalHeight;NominalLength;NominalWidth;;ProductionYear;Reference;ReplacementCost;Shape;Size;SustainabilityPerformance;WarrantyDescription;WarrantyDurationLabor;WarrantyDurationParts;WarrantyGuarantorLabor;WarrantyGuarantorParts;;;;;;;;;;;;;;;;;;;;;;;;;;;;;;;;;;;;;;;;;;;;;;;;;;;;;;;;;;;;False;False;False;Basic Wall:Interior - Partition (92mm Stud);;;
2O2Fr$t4X7Zf8NOew3FLIE;IfcWallStandardCase;IfcWallStandardCase;Basic Wall:Interior - Partition (92mm Stud):143921;;Plasterboard;Level 2;False;;;;;;;;;1;23-25 40 11 11 11;Metal-Framed Gypsum Board Fixed Partitions;;;;;Level 2;0.0;;0.0;;False;;;;;;;;;;3.0;;;;;False;True;;;Up to level: Roof;0.0;;0.0;False;2.900000000000013;;;;;;;;;;;;;13.97395200000005;;;5.423999999999994;;;;;;;1.732770048000006;;;;;;;;;;;AssetIdentifier;BarCode;;;InstallationDate;SerialNumber;;TagNumber;WarrantyStartDate;New Construction;;;;;;;;;;;;;;;;;;;;;;;;;0.0;;;;;;0.0;;;;;;;;;;;0.124;2.0;0.0;;;;;;;;;;;;;;;;;;;;;;;;;;;;;0.0;;;;;;;Manufacturer;;;;;;;;;;;;;;;;;;;;;;;;;AccessibilityPerformance;;FIXED;23-25 40 11 11 11;Metal-Framed Gypsum Board Fixed Partitions;CodePerformance;Color;;Constituents;;ExpectedLife;Features;Finish;;;Grade;;Material;ModelLabel;ModelReference;NominalHeight;NominalLength;NominalWidth;;ProductionYear;Reference;ReplacementCost;Shape;Size;SustainabilityPerformance;WarrantyDescription;WarrantyDurationLabor;WarrantyDurationParts;WarrantyGuarantorLabor;WarrantyGuarantorParts;;;;;;;;;;;;;;;;;;;;;;;;;;;;;;;;;;;;;;;;;;;;;;;;;;;;;;;;;;;;False;False;False;Basic Wall:Interior - Partition (92mm Stud);;;
2O2Fr$t4X7Zf8NOew3FL9r;IfcWallStandardCase;IfcWallStandardCase;Basic Wall:Interior - Partition (92mm Stud):144586;;Plasterboard;Level 2;False;;;;;;;;;1;23-25 40 11 11 11;Metal-Framed Gypsum Board Fixed Partitions;;;;;Level 2;0.0;;0.0;;False;;;;;;;;;;3.0;;;;;False;True;;;Up to level: Roof;0.0;;0.0;False;2.900000000000013;;;;;;;;;;;;;13.97395200000005;;;5.423999999999994;;;;;;;1.732770048000005;;;;;;;;;;;AssetIdentifier;BarCode;;;InstallationDate;SerialNumber;;TagNumber;WarrantyStartDate;New Construction;;;;;;;;;;;;;;;;;;;;;;;;;0.0;;;;;;0.0;;;;;;;;;;;0.124;2.0;0.0;;;;;;;;;;;;;;;;;;;;;;;;;;;;;0.0;;;;;;;Manufacturer;;;;;;;;;;;;;;;;;;;;;;;;;AccessibilityPerformance;;FIXED;23-25 40 11 11 11;Metal-Framed Gypsum Board Fixed Partitions;CodePerformance;Color;;Constituents;;ExpectedLife;Features;Finish;;;Grade;;Material;ModelLabel;ModelReference;NominalHeight;NominalLength;NominalWidth;;ProductionYear;Reference;ReplacementCost;Shape;Size;SustainabilityPerformance;WarrantyDescription;WarrantyDurationLabor;WarrantyDurationParts;WarrantyGuarantorLabor;WarrantyGuarantorParts;;;;;;;;;;;;;;;;;;;;;;;;;;;;;;;;;;;;;;;;;;;;;;;;;;;;;;;;;;;;False;False;False;Basic Wall:Interior - Partition (92mm Stud);;;
2O2Fr$t4X7Zf8NOew3FNtn;IfcWallStandardCase;IfcWallStandardCase;Basic Wall:Exterior - Brick on Block:138062;;Masonry - Brick;Level 1;True;;;;;;;;;1;23-25 30 24 14;Masonry Structural Walls;;;;;Level 1;0.0;;0.0;;False;;;;;;;;;;2.0;;;;;False;True;;;Up to level: Level 2;0.0;;0.0;False;3.100000000000378;;;;;;;;;;;;;13.61184000000174;;;8.383000000000001;;;;;;;5.676137280000731;;;;;;;;;;;AssetIdentifier;BarCode;;;InstallationDate;SerialNumber;;TagNumber;WarrantyStartDate;New Construction;;;;;;;;;;;;;;;;;;;;;;;;;0.0;;;;;;1.0;;;;;;;;;;;0.4170000000000001;0.0;0.0;;;;;;;;;;;;;;;;;;;;;;;;;;;;;0.0;;;;;;;Manufacturer;;;;;;;;;;;;;;;;;;;;;;;;;AccessibilityPerformance;;FIXED;23-25 30 24 14;Masonry Structural Walls;CodePerformance;Color;;Constituents;;ExpectedLife;Features;Finish;;;Grade;;Material;ModelLabel;ModelReference;NominalHeight;NominalLength;NominalWidth;;ProductionYear;Reference;ReplacementCost;Shape;Size;SustainabilityPerformance;WarrantyDescription;WarrantyDurationLabor;WarrantyDurationParts;WarrantyGuarantorLabor;WarrantyGuarantorParts;;;;;;;;;;;;;;;;;;;;;;;;;;;;;;;;;;;;;;;;;;;;;;;;;;;;;;;;;;;;False;True;False;Basic Wall:Exterior - Brick on Block;;;
2O2Fr$t4X7Zf8NOew3FNr2;IfcWallStandardCase;IfcWallStandardCase;Basic Wall:Exterior - Brick on Block:138237;;Masonry - Brick;Level 1;True;;;;;;;;;1;23-25 30 24 14;Masonry Structural Walls;;;;;Level 1;0.0;;0.0;;False;;;;;;;;;;2.0;;;;;False;True;;;Up to level: Level 2;0.0;;0.0;False;3.100000000000378;;;;;;;;;;;;;12.31914000000158;;;8.382999999999972;;;;;;;5.137081380000661;;;;;;;;;;;AssetIdentifier;BarCode;;;InstallationDate;SerialNumber;;TagNumber;WarrantyStartDate;New Construction;;;;;;;;;;;;;;;;;;;;;;;;;0.0;;;;;;1.0;;;;;;;;;;;0.4170000000000001;0.0;0.0;;;;;;;;;;;;;;;;;;;;;;;;;;;;;0.0;;;;;;;Manufacturer;;;;;;;;;;;;;;;;;;;;;;;;;AccessibilityPerformance;;FIXED;23-25 30 24 14;Masonry Structural Walls;CodePerformance;Color;;Constituents;;ExpectedLife;Features;Finish;;;Grade;;Material;ModelLabel;ModelReference;NominalHeight;NominalLength;NominalWidth;;ProductionYear;Reference;ReplacementCost;Shape;Size;SustainabilityPerformance;WarrantyDescription;WarrantyDurationLabor;WarrantyDurationParts;WarrantyGuarantorLabor;WarrantyGuarantorParts;;;;;;;;;;;;;;;;;;;;;;;;;;;;;;;;;;;;;;;;;;;;;;;;;;;;;;;;;;;;False;True;False;Basic Wall:Exterior - Brick on Block;;;
2O2Fr$t4X7Zf8NOew3FLR9;IfcWallStandardCase;IfcWallStandardCase;Basic Wall:Exterior - Brick on Block:143478;;Masonry - Brick;Level 2;True;;;;;;;;;1;23-25 30 24 14;Masonry Structural Walls;;;;;Level 2;0.0;;0.0;;False;;;;;;;;;;2.0;;;;;False;True;;;Up to level: Roof;0.0;;0.0;False;2.900000000000013;;;;;;;;;;;;;41.35713700000017;;;17.38299999999997;;;;;;;16.74164802900009;;;;;;;;;;;AssetIdentifier;BarCode;;;InstallationDate;SerialNumber;;TagNumber;WarrantyStartDate;New Construction;;;;;;;;;;;;;;;;;;;;;;;;;0.0;;;;;;1.0;;;;;;;;;;;0.4170000000000001;0.0;0.0;;;;;;;;;;;;;;;;;;;;;;;;;;;;;0.0;;;;;;;Manufacturer;;;;;;;;;;;;;;;;;;;;;;;;;AccessibilityPerformance;;FIXED;23-25 30 24 14;Masonry Structural Walls;CodePerformance;Color;;Constituents;;ExpectedLife;Features;Finish;;;Grade;;Material;ModelLabel;ModelReference;NominalHeight;NominalLength;NominalWidth;;ProductionYear;Reference;ReplacementCost;Shape;Size;SustainabilityPerformance;WarrantyDescription;WarrantyDurationLabor;WarrantyDurationParts;WarrantyGuarantorLabor;WarrantyGuarantorParts;;;;;;;;;;;;;;;;;;;;;;;;;;;;;;;;;;;;;;;;;;;;;;;;;;;;;;;;;;;;False;True;False;Basic Wall:Exterior - Brick on Block;;;
2O2Fr$t4X7Zf8NOew3FLPP;IfcWallStandardCase;IfcWallStandardCase;Basic Wall:Exterior - Brick on Block:143590;;Masonry - Brick;Level 2;True;;;;;;;;;1;23-25 30 24 14;Masonry Structural Walls;;;;;Level 2;0.0;;0.0;;False;;;;;;;;;;2.0;;;;;False;True;;;Up to level: Roof;0.0;;0.0;False;2.900000000000013;;;;;;;;;;;;;41.35713700000018;;;17.38299999999997;;;;;;;16.74164802900007;;;;;;;;;;;AssetIdentifier;BarCode;;;InstallationDate;SerialNumber;;TagNumber;WarrantyStartDate;New Construction;;;;;;;;;;;;;;;;;;;;;;;;;0.0;;;;;;1.0;;;;;;;;;;;0.4170000000000001;0.0;0.0;;;;;;;;;;;;;;;;;;;;;;;;;;;;;0.0;;;;;;;Manufacturer;;;;;;;;;;;;;;;;;;;;;;;;;AccessibilityPerformance;;FIXED;23-25 30 24 14;Masonry Structural Walls;CodePerformance;Color;;Constituents;;ExpectedLife;Features;Finish;;;Grade;;Material;ModelLabel;ModelReference;NominalHeight;NominalLength;NominalWidth;;ProductionYear;Reference;ReplacementCost;Shape;Size;SustainabilityPerformance;WarrantyDescription;WarrantyDurationLabor;WarrantyDurationParts;WarrantyGuarantorLabor;WarrantyGuarantorParts;;;;;;;;;;;;;;;;;;;;;;;;;;;;;;;;;;;;;;;;;;;;;;;;;;;;;;;;;;;;False;True;False;Basic Wall:Exterior - Brick on Block;;;
0jf0rYHfX3RAB3bSIRjmmy;IfcWallStandardCase;IfcWallStandardCase;Basic Wall:Exterior - Brick on Block:184944;;Masonry - Brick;Roof;True;;;;;;;;;1;23-25 30 24 14;Masonry Structural Walls;;;;;Roof;0.0;;0.0;;False;;;;;;;;;;2.0;;;;;False;True;;;Up to level: Roof;0.0;;0.609;False;0.6090000000000002;;;;;;;;;;;;;5.359200000000002;;;8.383000000000001;;;;;;;2.234786400000001;;;;;;;;;;;AssetIdentifier;BarCode;;;InstallationDate;SerialNumber;;TagNumber;WarrantyStartDate;New Construction;;;;;;;;;;;;;;;;;;;;;;;;;0.0;;;;;;1.0;;;;;;;;;;;0.4170000000000001;0.0;0.0;;;;;;;;;;;;;;;;;;;;;;;;;;;;;0.0;;;;;;;Manufacturer;;;;;;;;;;;;;;;;;;;;;;;;;AccessibilityPerformance;;FIXED;23-25 30 24 14;Masonry Structural Walls;CodePerformance;Color;;Constituents;;ExpectedLife;Features;Finish;;;Grade;;Material;ModelLabel;ModelReference;NominalHeight;NominalLength;NominalWidth;;ProductionYear;Reference;ReplacementCost;Shape;Size;SustainabilityPerformance;WarrantyDescription;WarrantyDurationLabor;WarrantyDurationParts;WarrantyGuarantorLabor;WarrantyGuarantorParts;;;;;;;;;;;;;;;;;;;;;;;;;;;;;;;;;;;;;;;;;;;;;;;;;;;;;;;;;;;;False;True;False;Basic Wall:Exterior - Brick on Block;;;
0jf0rYHfX3RAB3bSIRjmpw;IfcWallStandardCase;IfcWallStandardCase;Basic Wall:Exterior - Brick on Block:185014;;Masonry - Brick;Roof;True;;;;;;;;;1;23-25 30 24 14;Masonry Structural Walls;;;;;Roof;0.0;;0.0;;False;;;;;;;;;;2.0;;;;;False;True;;;Up to level: Roof;0.0;;0.609;False;0.6090000000000002;;;;;;;;;;;;;10.58624699999999;;;17.38299999999997;;;;;;;4.414464998999998;;;;;;;;;;;AssetIdentifier;BarCode;;;InstallationDate;SerialNumber;;TagNumber;WarrantyStartDate;New Construction;;;;;;;;;;;;;;;;;;;;;;;;;0.0;;;;;;1.0;;;;;;;;;;;0.4170000000000001;0.0;0.0;;;;;;;;;;;;;;;;;;;;;;;;;;;;;0.0;;;;;;;Manufacturer;;;;;;;;;;;;;;;;;;;;;;;;;AccessibilityPerformance;;FIXED;23-25 30 24 14;Masonry Structural Walls;CodePerformance;Color;;Constituents;;ExpectedLife;Features;Finish;;;Grade;;Material;ModelLabel;ModelReference;NominalHeight;NominalLength;NominalWidth;;ProductionYear;Reference;ReplacementCost;Shape;Size;SustainabilityPerformance;WarrantyDescription;WarrantyDurationLabor;WarrantyDurationParts;WarrantyGuarantorLabor;WarrantyGuarantorParts;;;;;;;;;;;;;;;;;;;;;;;;;;;;;;;;;;;;;;;;;;;;;;;;;;;;;;;;;;;;False;True;False;Basic Wall:Exterior - Brick on Block;;;
0jf0rYHfX3RAB3bSIRjmoa;IfcWallStandardCase;IfcWallStandardCase;Basic Wall:Exterior - Brick on Block:185064;;Masonry - Brick;Roof;True;;;;;;;;;1;23-25 30 24 14;Masonry Structural Walls;;;;;Roof;0.0;;0.0;;False;;;;;;;;;;2.0;;;;;False;True;;;Up to level: Roof;0.0;;0.609;False;0.6090000000000002;;;;;;;;;;;;;5.105246999999985;;;8.382999999999972;;;;;;;2.128887998999996;;;;;;;;;;;AssetIdentifier;BarCode;;;InstallationDate;SerialNumber;;TagNumber;WarrantyStartDate;New Construction;;;;;;;;;;;;;;;;;;;;;;;;;0.0;;;;;;1.0;;;;;;;;;;;0.4170000000000001;0.0;0.0;;;;;;;;;;;;;;;;;;;;;;;;;;;;;0.0;;;;;;;Manufacturer;;;;;;;;;;;;;;;;;;;;;;;;;AccessibilityPerformance;;FIXED;23-25 30 24 14;Masonry Structural Walls;CodePerformance;Color;;Constituents;;ExpectedLife;Features;Finish;;;Grade;;Material;ModelLabel;ModelReference;NominalHeight;NominalLength;NominalWidth;;ProductionYear;Reference;ReplacementCost;Shape;Size;SustainabilityPerformance;WarrantyDescription;WarrantyDurationLabor;WarrantyDurationParts;WarrantyGuarantorLabor;WarrantyGuarantorParts;;;;;;;;;;;;;;;;;;;;;;;;;;;;;;;;;;;;;;;;;;;;;;;;;;;;;;;;;;;;False;True;False;Basic Wall:Exterior - Brick on Block;;;
0jf0rYHfX3RAB3bSIRjmr1;IfcWallStandardCase;IfcWallStandardCase;Basic Wall:Exterior - Brick on Block:185101;;Masonry - Brick;Roof;True;;;;;;;;;1;23-25 30 24 14;Masonry Structural Walls;;;;;Roof;0.0;;0.0;;False;;;;;;;;;;2.0;;;;;False;True;;;Up to level: Roof;0.0;;0.609;False;0.6090000000000002;;;;;;;;;;;;;10.33229399999999;;;17.38299999999997;;;;;;;4.308566597999995;;;;;;;;;;;AssetIdentifier;BarCode;;;InstallationDate;SerialNumber;;TagNumber;WarrantyStartDate;New Construction;;;;;;;;;;;;;;;;;;;;;;;;;0.0;;;;;;1.0;;;;;;;;;;;0.4170000000000001;0.0;0.0;;;;;;;;;;;;;;;;;;;;;;;;;;;;;0.0;;;;;;;Manufacturer;;;;;;;;;;;;;;;;;;;;;;;;;AccessibilityPerformance;;FIXED;23-25 30 24 14;Masonry Structural Walls;CodePerformance;Color;;Constituents;;ExpectedLife;Features;Finish;;;Grade;;Material;ModelLabel;ModelReference;NominalHeight;NominalLength;NominalWidth;;ProductionYear;Reference;ReplacementCost;Shape;Size;SustainabilityPerformance;WarrantyDescription;WarrantyDurationLabor;WarrantyDurationParts;WarrantyGuarantorLabor;WarrantyGuarantorParts;;;;;;;;;;;;;;;;;;;;;;;;;;;;;;;;;;;;;;;;;;;;;;;;;;;;;;;;;;;;False;True;False;Basic Wall:Exterior - Brick on Block;;;
0iEHWY1$XA8eQeeULq4jZ1;IfcWallStandardCase;IfcWallStandardCase;Basic Wall:Interior - Furring (152 mm Stud):189074;;Metal - Stud Layer;Level 1;False;;;;;;;;;1;23-25 40 11 11 11;Metal-Framed Gypsum Board Fixed Partitions;;;;;Level 1;0.0;;0.0;;False;;;;;;;;;;2.0;;;;;False;True;;;;0.0;;0.0;True;3.100000000000196;;;;;;;;;;;;;12.16663500000081;;;4.485499999999986;;;;;;;1.849328520000124;;;;;;;;;;;AssetIdentifier;BarCode;;;InstallationDate;SerialNumber;;TagNumber;WarrantyStartDate;New Construction;;;;;;;;;;;;;;;;;;;;;;;;;0.0;;;;;;0.0;;;;;;;;;;;0.152;0.0;0.0;;;;;;;;;;;;;;;;;;;;;;;;;;;;;0.0;;;;;;;Manufacturer;;;;;;;;;;;;;;;;;;;;;;;;;AccessibilityPerformance;;FIXED;23-25 40 11 11 11;Metal-Framed Gypsum Board Fixed Partitions;CodePerformance;Color;;Constituents;;ExpectedLife;Features;Finish;;;Grade;;Material;ModelLabel;ModelReference;NominalHeight;NominalLength;NominalWidth;;ProductionYear;Reference;ReplacementCost;Shape;Size;SustainabilityPerformance;WarrantyDescription;WarrantyDurationLabor;WarrantyDurationParts;WarrantyGuarantorLabor;WarrantyGuarantorParts;;;;;;;;;;;;;;;;;;;;;;;;;;;;;;;;;;;;;;;;;;;;;;;;;;;;;;;;;;;;True;False;False;Basic Wall:Interior - Furring (152 mm Stud);;;
0iEHWY1$XA8eQeeULq4j_U;IfcWallStandardCase;IfcWallStandardCase;Basic Wall:Interior - Furring (152 mm Stud):189901;;Metal - Stud Layer;Level 1;False;;;;;;;;;1;23-25 40 11 11 11;Metal-Framed Gypsum Board Fixed Partitions;;;;;Level 1;0.0;;0.0;;False;;;;;;;;;;2.0;;;;;False;True;;;;0.0;;0.0;False;3.100000000000196;;;;;;;;;;;;;6.643300000000551;;;2.508000000000044;;;;;;;1.009781600000084;;;;;;;;;;;AssetIdentifier;BarCode;;;InstallationDate;SerialNumber;;TagNumber;WarrantyStartDate;New Construction;;;;;;;;;;;;;;;;;;;;;;;;;0.0;;;;;;0.0;;;;;;;;;;;0.152;0.0;0.0;;;;;;;;;;;;;;;;;;;;;;;;;;;;;0.0;;;;;;;Manufacturer;;;;;;;;;;;;;;;;;;;;;;;;;AccessibilityPerformance;;FIXED;23-25 40 11 11 11;Metal-Framed Gypsum Board Fixed Partitions;CodePerformance;Color;;Constituents;;ExpectedLife;Features;Finish;;;Grade;;Material;ModelLabel;ModelReference;NominalHeight;NominalLength;NominalWidth;;ProductionYear;Reference;ReplacementCost;Shape;Size;SustainabilityPerformance;WarrantyDescription;WarrantyDurationLabor;WarrantyDurationParts;WarrantyGuarantorLabor;WarrantyGuarantorParts;;;;;;;;;;;;;;;;;;;;;;;;;;;;;;;;;;;;;;;;;;;;;;;;;;;;;;;;;;;;False;False;False;Basic Wall:Interior - Furring (152 mm Stud);;;
0iEHWY1$XA8eQeeULq4jpl;IfcWallStandardCase;IfcWallStandardCase;Basic Wall:Interior - Partition (92mm Stud):190140;;Plasterboard;Level 1;False;;;;;;;;;1;23-25 40 11 11 11;Metal-Framed Gypsum Board Fixed Partitions;;;;;Level 1;0.0;;0.0;;False;;;;;;;;;;3.0;;;;;False;True;;;Up to level: Level 2;0.0;;-0.3050000000000001;False;2.795000000000378;;;;;;;;;;;;;4.06952000000029;;;1.594000000000002;;;;;;;0.5046204800000358;;;;;;;;;;;AssetIdentifier;BarCode;;;InstallationDate;SerialNumber;;TagNumber;WarrantyStartDate;New Construction;;;;;;;;;;;;;;;;;;;;;;;;;0.0;;;;;;0.0;;;;;;;;;;;0.124;2.0;0.0;;;;;;;;;;;;;;;;;;;;;;;;;;;;;0.0;;;;;;;Manufacturer;;;;;;;;;;;;;;;;;;;;;;;;;AccessibilityPerformance;;FIXED;23-25 40 11 11 11;Metal-Framed Gypsum Board Fixed Partitions;CodePerformance;Color;;Constituents;;ExpectedLife;Features;Finish;;;Grade;;Material;ModelLabel;ModelReference;NominalHeight;NominalLength;NominalWidth;;ProductionYear;Reference;ReplacementCost;Shape;Size;SustainabilityPerformance;WarrantyDescription;WarrantyDurationLabor;WarrantyDurationParts;WarrantyGuarantorLabor;WarrantyGuarantorParts;;;;;;;;;;;;;;;;;;;;;;;;;;;;;;;;;;;;;;;;;;;;;;;;;;;;;;;;;;;;False;False;False;Basic Wall:Interior - Partition (92mm Stud);;;
0iEHWY1$XA8eQeeULq4jDb;IfcWallStandardCase;IfcWallStandardCase;Basic Wall:Interior - Furring (152 mm Stud):190774;;Metal - Stud Layer;Level 1;False;;;;;;;;;1;23-25 40 11 11 11;Metal-Framed Gypsum Board Fixed Partitions;;;;;Level 1;0.0;;0.0;;False;;;;;;;;;;2.0;;;;;False;True;;;Up to level: Level 2;0.0;;-0.3050000000000001;False;2.795000000000378;;;;;;;;;;;;;6.414525000000523;;;2.508000000000034;;;;;;;0.97500780000008;;;;;;;;;;;AssetIdentifier;BarCode;;;InstallationDate;SerialNumber;;TagNumber;WarrantyStartDate;New Construction;;;;;;;;;;;;;;;;;;;;;;;;;0.0;;;;;;0.0;;;;;;;;;;;0.152;0.0;0.0;;;;;;;;;;;;;;;;;;;;;;;;;;;;;0.0;;;;;;;Manufacturer;;;;;;;;;;;;;;;;;;;;;;;;;AccessibilityPerformance;;FIXED;23-25 40 11 11 11;Metal-Framed Gypsum Board Fixed Partitions;CodePerformance;Color;;Constituents;;ExpectedLife;Features;Finish;;;Grade;;Material;ModelLabel;ModelReference;NominalHeight;NominalLength;NominalWidth;;ProductionYear;Reference;ReplacementCost;Shape;Size;SustainabilityPerformance;WarrantyDescription;WarrantyDurationLabor;WarrantyDurationParts;WarrantyGuarantorLabor;WarrantyGuarantorParts;;;;;;;;;;;;;;;;;;;;;;;;;;;;;;;;;;;;;;;;;;;;;;;;;;;;;;;;;;;;False;False;False;Basic Wall:Interior - Furring (152 mm Stud);;;
0iEHWY1$XA8eQeeULq4jE6;IfcWallStandardCase;IfcWallStandardCase;Basic Wall:Interior - Furring (152 mm Stud):190933;;Metal - Stud Layer;Level 1;False;;;;;;;;;1;23-25 40 11 11 11;Metal-Framed Gypsum Board Fixed Partitions;;;;;Level 1;0.0;;0.0;;False;;;;;;;;;;2.0;;;;;False;True;;;Up to level: Level 2;0.0;;-0.3050000000000001;False;2.795000000000378;;;;;;;;;;;;;11.74179500000082;;;4.485499999999999;;;;;;;1.784752840000126;;;;;;;;;;;AssetIdentifier;BarCode;;;InstallationDate;SerialNumber;;TagNumber;WarrantyStartDate;New Construction;;;;;;;;;;;;;;;;;;;;;;;;;0.0;;;;;;0.0;;;;;;;;;;;0.152;0.0;0.0;;;;;;;;;;;;;;;;;;;;;;;;;;;;;0.0;;;;;;;Manufacturer;;;;;;;;;;;;;;;;;;;;;;;;;AccessibilityPerformance;;FIXED;23-25 40 11 11 11;Metal-Framed Gypsum Board Fixed Partitions;CodePerformance;Color;;Constituents;;ExpectedLife;Features;Finish;;;Grade;;Material;ModelLabel;ModelReference;NominalHeight;NominalLength;NominalWidth;;ProductionYear;Reference;ReplacementCost;Shape;Size;SustainabilityPerformance;WarrantyDescription;WarrantyDurationLabor;WarrantyDurationParts;WarrantyGuarantorLabor;WarrantyGuarantorParts;;;;;;;;;;;;;;;;;;;;;;;;;;;;;;;;;;;;;;;;;;;;;;;;;;;;;;;;;;;;False;False;False;Basic Wall:Interior - Furring (152 mm Stud);;;
0dxE1Sy6nDqfpDb5vIMNiA;IfcWallStandardCase;IfcWallStandardCase;Basic Wall:Interior - Furring (152 mm Stud):193247;;Metal - Stud Layer;Level 2;False;;;;;;;;;1;23-25 40 11 11 11;Metal-Framed Gypsum Board Fixed Partitions;;;;;Level 2;0.0;;0.0;;False;;;;;;;;;;2.0;;;;;False;True;;;Up to level: Roof;0.0;;-0.3050000000000001;False;2.595000000000013;;;;;;;;;;;;;10.79520000000006;;;4.314000000000004;;;;;;;1.64087040000001;;;;;;;;;;;AssetIdentifier;BarCode;;;InstallationDate;SerialNumber;;TagNumber;WarrantyStartDate;New Construction;;;;;;;;;;;;;;;;;;;;;;;;;0.0;;;;;;0.0;;;;;;;;;;;0.152;0.0;0.0;;;;;;;;;;;;;;;;;;;;;;;;;;;;;0.0;;;;;;;Manufacturer;;;;;;;;;;;;;;;;;;;;;;;;;AccessibilityPerformance;;FIXED;23-25 40 11 11 11;Metal-Framed Gypsum Board Fixed Partitions;CodePerformance;Color;;Constituents;;ExpectedLife;Features;Finish;;;Grade;;Material;ModelLabel;ModelReference;NominalHeight;NominalLength;NominalWidth;;ProductionYear;Reference;ReplacementCost;Shape;Size;SustainabilityPerformance;WarrantyDescription;WarrantyDurationLabor;WarrantyDurationParts;WarrantyGuarantorLabor;WarrantyGuarantorParts;;;;;;;;;;;;;;;;;;;;;;;;;;;;;;;;;;;;;;;;;;;;;;;;;;;;;;;;;;;;False;False;False;Basic Wall:Interior - Furring (152 mm Stud);;;
0dxE1Sy6nDqfpDb5vIMN_Z;IfcWallStandardCase;IfcWallStandardCase;Basic Wall:Interior - Furring (152 mm Stud):194166;;Metal - Stud Layer;Level 2;False;;;;;;;;;1;23-25 40 11 11 11;Metal-Framed Gypsum Board Fixed Partitions;;;;;Level 2;0.0;;0.0;;False;;;;;;;;;;2.0;;;;;False;True;;;Up to level: Roof;0.0;;-0.3050000000000001;False;2.595000000000013;;;;;;;;;;;;;10.79520000000004;;;4.313999999999995;;;;;;;1.640870400000006;;;;;;;;;;;AssetIdentifier;BarCode;;;InstallationDate;SerialNumber;;TagNumber;WarrantyStartDate;New Construction;;;;;;;;;;;;;;;;;;;;;;;;;0.0;;;;;;0.0;;;;;;;;;;;0.152;0.0;0.0;;;;;;;;;;;;;;;;;;;;;;;;;;;;;0.0;;;;;;;Manufacturer;;;;;;;;;;;;;;;;;;;;;;;;;AccessibilityPerformance;;FIXED;23-25 40 11 11 11;Metal-Framed Gypsum Board Fixed Partitions;CodePerformance;Color;;Constituents;;ExpectedLife;Features;Finish;;;Grade;;Material;ModelLabel;ModelReference;NominalHeight;NominalLength;NominalWidth;;ProductionYear;Reference;ReplacementCost;Shape;Size;SustainabilityPerformance;WarrantyDescription;WarrantyDurationLabor;WarrantyDurationParts;WarrantyGuarantorLabor;WarrantyGuarantorParts;;;;;;;;;;;;;;;;;;;;;;;;;;;;;;;;;;;;;;;;;;;;;;;;;;;;;;;;;;;;False;False;False;Basic Wall:Interior - Furring (152 mm Stud);;;
1aj$VJZFn2TxepZUBcKpvt;IfcWallStandardCase;IfcWallStandardCase;Basic Wall:Interior - Partition (92mm Stud):203347;;Plasterboard;Level 2;False;;;;;;;;;1;23-25 40 11 11 11;Metal-Framed Gypsum Board Fixed Partitions;;;;;Level 2;0.0;;0.0;;False;;;;;;;;;;3.0;;;;;False;True;;;Up to level: Roof;0.0;;0.0;False;2.900000000000013;;;;;;;;;;;;;2.87121599999999;;;1.66199999999999;;;;;;;0.3560307839999987;;;;;;;;;;;AssetIdentifier;BarCode;;;InstallationDate;SerialNumber;;TagNumber;WarrantyStartDate;New Construction;;;;;;;;;;;;;;;;;;;;;;;;;0.0;;;;;;0.0;;;;;;;;;;;0.124;2.0;0.0;;;;;;;;;;;;;;;;;;;;;;;;;;;;;0.0;;;;;;;Manufacturer;;;;;;;;;;;;;;;;;;;;;;;;;AccessibilityPerformance;;FIXED;23-25 40 11 11 11;Metal-Framed Gypsum Board Fixed Partitions;CodePerformance;Color;;Constituents;;ExpectedLife;Features;Finish;;;Grade;;Material;ModelLabel;ModelReference;NominalHeight;NominalLength;NominalWidth;;ProductionYear;Reference;ReplacementCost;Shape;Size;SustainabilityPerformance;WarrantyDescription;WarrantyDurationLabor;WarrantyDurationParts;WarrantyGuarantorLabor;WarrantyGuarantorParts;;;;;;;;;;;;;;;;;;;;;;;;;;;;;;;;;;;;;;;;;;;;;;;;;;;;;;;;;;;;False;False;False;Basic Wall:Interior - Partition (92mm Stud);;;
1aj$VJZFn2TxepZUBcKpZw;IfcWallStandardCase;IfcWallStandardCase;Basic Wall:Interior - Partition (92mm Stud):203998;;Plasterboard;Level 2;False;;;;;;;;;1;23-25 40 11 11 11;Metal-Framed Gypsum Board Fixed Partitions;;;;;Level 2;0.0;;0.0;;False;;;;;;;;;;2.0;;;;;False;True;;;Up to level: Roof;0.0;;0.0;False;2.900000000000013;;;;;;;;;;;;;2.871216000000071;;;1.662000000000019;;;;;;;0.3560307840000087;;;;;;;;;;;AssetIdentifier;BarCode;;;InstallationDate;SerialNumber;;TagNumber;WarrantyStartDate;New Construction;;;;;;;;;;;;;;;;;;;;;;;;;0.0;;;;;;0.0;;;;;;;;;;;0.124;2.0;0.0;;;;;;;;;;;;;;;;;;;;;;;;;;;;;0.0;;;;;;;Manufacturer;;;;;;;;;;;;;;;;;;;;;;;;;AccessibilityPerformance;;FIXED;23-25 40 11 11 11;Metal-Framed Gypsum Board Fixed Partitions;CodePerformance;Color;;Constituents;;ExpectedLife;Features;Finish;;;Grade;;Material;ModelLabel;ModelReference;NominalHeight;NominalLength;NominalWidth;;ProductionYear;Reference;ReplacementCost;Shape;Size;SustainabilityPerformance;WarrantyDescription;WarrantyDurationLabor;WarrantyDurationParts;WarrantyGuarantorLabor;WarrantyGuarantorParts;;;;;;;;;;;;;;;;;;;;;;;;;;;;;;;;;;;;;;;;;;;;;;;;;;;;;;;;;;;;False;False;False;Basic Wall:Interior - Partition (92mm Stud);;;
1aj$VJZFn2TxepZUBcKpee;IfcWallStandardCase;IfcWallStandardCase;Basic Wall:Interior - Partition (92mm Stud):204300;;Plasterboard;Level 1;False;;;;;;;;;1;23-25 40 11 11 11;Metal-Framed Gypsum Board Fixed Partitions;;;;;Level 2;0.0;;-0.4880000000001955;;False;;;;;;;;;;3.0;;;;;False;True;;;Up to level: Level 2;0.0;;0.0;False;0.4880000000001955;;;;;;;;;;;;;1.69580000000068;;;3.812000000000002;;;;;;;0.2102792000000843;;;;;;;;;;;AssetIdentifier;BarCode;;;InstallationDate;SerialNumber;;TagNumber;WarrantyStartDate;New Construction;;;;;;;;;;;;;;;;;;;;;;;;;0.0;;;;;;0.0;;;;;;;;;;;0.124;2.0;0.0;;;;;;;;;;;;;;;;;;;;;;;;;;;;;0.0;;;;;;;Manufacturer;;;;;;;;;;;;;;;;;;;;;;;;;AccessibilityPerformance;;FIXED;23-25 40 11 11 11;Metal-Framed Gypsum Board Fixed Partitions;CodePerformance;Color;;Constituents;;ExpectedLife;Features;Finish;;;Grade;;Material;ModelLabel;ModelReference;NominalHeight;NominalLength;NominalWidth;;ProductionYear;Reference;ReplacementCost;Shape;Size;SustainabilityPerformance;WarrantyDescription;WarrantyDurationLabor;WarrantyDurationParts;WarrantyGuarantorLabor;WarrantyGuarantorParts;;;;;;;;;;;;;;;;;;;;;;;;;;;;;;;;;;;;;;;;;;;;;;;;;;;;;;;;;;;;False;False;False;Basic Wall:Interior - Partition (92mm Stud);;;
1aj$VJZFn2TxepZUBcKphf;IfcWallStandardCase;IfcWallStandardCase;Basic Wall:Interior - Partition (92mm Stud):204493;;Plasterboard;Level 1;False;;;;;;;;;1;23-25 40 11 11 11;Metal-Framed Gypsum Board Fixed Partitions;;;;;Level 2;0.0;;-0.4880000000001955;;False;;;;;;;;;;3.0;;;;;False;True;;;Up to level: Level 2;0.0;;0.0;False;0.4880000000001955;;;;;;;;;;;;;1.695800000000679;;;3.812000000000002;;;;;;;0.2102792000000842;;;;;;;;;;;AssetIdentifier;BarCode;;;InstallationDate;SerialNumber;;TagNumber;WarrantyStartDate;New Construction;;;;;;;;;;;;;;;;;;;;;;;;;0.0;;;;;;0.0;;;;;;;;;;;0.124;2.0;0.0;;;;;;;;;;;;;;;;;;;;;;;;;;;;;0.0;;;;;;;Manufacturer;;;;;;;;;;;;;;;;;;;;;;;;;AccessibilityPerformance;;FIXED;23-25 40 11 11 11;Metal-Framed Gypsum Board Fixed Partitions;CodePerformance;Color;;Constituents;;ExpectedLife;Features;Finish;;;Grade;;Material;ModelLabel;ModelReference;NominalHeight;NominalLength;NominalWidth;;ProductionYear;Reference;ReplacementCost;Shape;Size;SustainabilityPerformance;WarrantyDescription;WarrantyDurationLabor;WarrantyDurationParts;WarrantyGuarantorLabor;WarrantyGuarantorParts;;;;;;;;;;;;;;;;;;;;;;;;;;;;;;;;;;;;;;;;;;;;;;;;;;;;;;;;;;;;False;False;False;Basic Wall:Interior - Partition (92mm Stud);;;
3Y4YRln2r91vflHcHE5IVS;IfcWallStandardCase;IfcWallStandardCase;Basic Wall:Interior - Furring (38 mm Stud):217414;;Metal - Stud Layer;Level 2;False;;;;;;;;;1;23-25 40 11 11 11;Metal-Framed Gypsum Board Fixed Partitions;;;;;Level 2;0.0;;2.612;;False;;;;;;;;;;3.0;;;;;False;True;;;Up to level: Roof;0.0;;0.0;False;0.2880000000000125;;;;;;;;;;;;;0.3119328000000137;;;1.083099999999999;;;;;;;0.01684437120000063;;;;;;;;;;;AssetIdentifier;BarCode;;;InstallationDate;SerialNumber;;TagNumber;WarrantyStartDate;New Construction;;;;;;;;;;;;;;;;;;;;;;;;;0.0;;;;;;0.0;;;;;;;;;;;0.05400000000000001;0.0;0.0;;;;;;;;;;;;;;;;;;;;;;;;;;;;;0.0;;;;;;;;;;;;;;;;;;;;;;;;;;;;;;;;;;;23-25 40 11 11 11;Metal-Framed Gypsum Board Fixed Partitions;;;;;;;;;;;;;;;;;;;;;;;;;;;;;;;;;;;;;;;;;;;;;;;;;;;;;;;;;;;;;;;;;;;;;;;;;;;;;;;;;;;;;;;;;;False;False;False;Basic Wall:Interior - Furring (38 mm Stud);;;
3Y4YRln2r91vflHcHE5IVT;IfcWallStandardCase;IfcWallStandardCase;Basic Wall:Interior - Furring (38 mm Stud):217415;;Metal - Stud Layer;Level 2;False;;;;;;;;;1;23-25 40 11 11 11;Metal-Framed Gypsum Board Fixed Partitions;;;;;Level 2;0.0;;2.612;;False;;;;;;;;;;3.0;;;;;False;True;;;Up to level: Roof;0.0;;0.0;False;0.2880000000000125;;;;;;;;;;;;;0.3269088000000021;;;1.135099999999957;;;;;;;0.01765307519999999;;;;;;;;;;;AssetIdentifier;BarCode;;;InstallationDate;SerialNumber;;TagNumber;WarrantyStartDate;New Construction;;;;;;;;;;;;;;;;;;;;;;;;;0.0;;;;;;0.0;;;;;;;;;;;0.05400000000000001;0.0;0.0;;;;;;;;;;;;;;;;;;;;;;;;;;;;;0.0;;;;;;;;;;;;;;;;;;;;;;;;;;;;;;;;;;;23-25 40 11 11 11;Metal-Framed Gypsum Board Fixed Partitions;;;;;;;;;;;;;;;;;;;;;;;;;;;;;;;;;;;;;;;;;;;;;;;;;;;;;;;;;;;;;;;;;;;;;;;;;;;;;;;;;;;;;;;;;;False;False;False;Basic Wall:Interior - Furring (38 mm Stud);;;
3Y4YRln2r91vflHcHE5IVI;IfcWallStandardCase;IfcWallStandardCase;Basic Wall:Interior - Furring (38 mm Stud):217416;;Metal - Stud Layer;Level 2;False;;;;;;;;;1;23-25 40 11 11 11;Metal-Framed Gypsum Board Fixed Partitions;;;;;Level 2;0.0;;2.612;;False;;;;;;;;;;3.0;;;;;False;True;;;Up to level: Roof;0.0;;0.0;False;0.2880000000000125;;;;;;;;;;;;;0.3119328000000137;;;1.083099999999999;;;;;;;0.01684437120000063;;;;;;;;;;;AssetIdentifier;BarCode;;;InstallationDate;SerialNumber;;TagNumber;WarrantyStartDate;New Construction;;;;;;;;;;;;;;;;;;;;;;;;;0.0;;;;;;0.0;;;;;;;;;;;0.05400000000000001;0.0;0.0;;;;;;;;;;;;;;;;;;;;;;;;;;;;;0.0;;;;;;;;;;;;;;;;;;;;;;;;;;;;;;;;;;;23-25 40 11 11 11;Metal-Framed Gypsum Board Fixed Partitions;;;;;;;;;;;;;;;;;;;;;;;;;;;;;;;;;;;;;;;;;;;;;;;;;;;;;;;;;;;;;;;;;;;;;;;;;;;;;;;;;;;;;;;;;;False;False;False;Basic Wall:Interior - Furring (38 mm Stud);;;
3Y4YRln2r91vflHcHE5IVJ;IfcWallStandardCase;IfcWallStandardCase;Basic Wall:Interior - Furring (38 mm Stud):217417;;Metal - Stud Layer;Level 2;False;;;;;;;;;1;23-25 40 11 11 11;Metal-Framed Gypsum Board Fixed Partitions;;;;;Level 2;0.0;;2.612;;False;;;;;;;;;;3.0;;;;;False;True;;;Up to level: Roof;0.0;;0.0;False;0.2880000000000125;;;;;;;;;;;;;0.3269088000000026;;;1.135099999999959;;;;;;;0.01765307520000002;;;;;;;;;;;AssetIdentifier;BarCode;;;InstallationDate;SerialNumber;;TagNumber;WarrantyStartDate;New Construction;;;;;;;;;;;;;;;;;;;;;;;;;0.0;;;;;;0.0;;;;;;;;;;;0.05400000000000001;0.0;0.0;;;;;;;;;;;;;;;;;;;;;;;;;;;;;0.0;;;;;;;;;;;;;;;;;;;;;;;;;;;;;;;;;;;23-25 40 11 11 11;Metal-Framed Gypsum Board Fixed Partitions;;;;;;;;;;;;;;;;;;;;;;;;;;;;;;;;;;;;;;;;;;;;;;;;;;;;;;;;;;;;;;;;;;;;;;;;;;;;;;;;;;;;;;;;;;False;False;False;Basic Wall:Interior - Furring (38 mm Stud);;;
3Y4YRln2r91vflHcHE5ITp;IfcWallStandardCase;IfcWallStandardCase;Basic Wall:Interior - Furring (38 mm Stud):217577;;Metal - Stud Layer;Level 2;False;;;;;;;;;1;23-25 40 11 11 11;Metal-Framed Gypsum Board Fixed Partitions;;;;;Level 2;0.0;;2.612;;False;;;;;;;;;;3.0;;;;;False;True;;;Up to level: Roof;0.0;;0.0;False;0.2880000000000125;;;;;;;;;;;;;0.3119328000000134;;;1.083099999999999;;;;;;;0.01684437120000095;;;;;;;;;;;AssetIdentifier;BarCode;;;InstallationDate;SerialNumber;;TagNumber;WarrantyStartDate;New Construction;;;;;;;;;;;;;;;;;;;;;;;;;0.0;;;;;;0.0;;;;;;;;;;;0.05400000000000001;0.0;0.0;;;;;;;;;;;;;;;;;;;;;;;;;;;;;0.0;;;;;;;;;;;;;;;;;;;;;;;;;;;;;;;;;;;23-25 40 11 11 11;Metal-Framed Gypsum Board Fixed Partitions;;;;;;;;;;;;;;;;;;;;;;;;;;;;;;;;;;;;;;;;;;;;;;;;;;;;;;;;;;;;;;;;;;;;;;;;;;;;;;;;;;;;;;;;;;False;False;False;Basic Wall:Interior - Furring (38 mm Stud);;;
3Y4YRln2r91vflHcHE5ITm;IfcWallStandardCase;IfcWallStandardCase;Basic Wall:Interior - Furring (38 mm Stud):217578;;Metal - Stud Layer;Level 2;False;;;;;;;;;1;23-25 40 11 11 11;Metal-Framed Gypsum Board Fixed Partitions;;;;;Level 2;0.0;;2.612;;False;;;;;;;;;;3.0;;;;;False;True;;;Up to level: Roof;0.0;;0.0;False;0.2880000000000125;;;;;;;;;;;;;0.3269088000000016;;;1.135099999999957;;;;;;;0.0176530752000001;;;;;;;;;;;AssetIdentifier;BarCode;;;InstallationDate;SerialNumber;;TagNumber;WarrantyStartDate;New Construction;;;;;;;;;;;;;;;;;;;;;;;;;0.0;;;;;;0.0;;;;;;;;;;;0.05400000000000001;0.0;0.0;;;;;;;;;;;;;;;;;;;;;;;;;;;;;0.0;;;;;;;;;;;;;;;;;;;;;;;;;;;;;;;;;;;23-25 40 11 11 11;Metal-Framed Gypsum Board Fixed Partitions;;;;;;;;;;;;;;;;;;;;;;;;;;;;;;;;;;;;;;;;;;;;;;;;;;;;;;;;;;;;;;;;;;;;;;;;;;;;;;;;;;;;;;;;;;False;False;False;Basic Wall:Interior - Furring (38 mm Stud);;;
3Y4YRln2r91vflHcHE5ITn;IfcWallStandardCase;IfcWallStandardCase;Basic Wall:Interior - Furring (38 mm Stud):217579;;Metal - Stud Layer;Level 2;False;;;;;;;;;1;23-25 40 11 11 11;Metal-Framed Gypsum Board Fixed Partitions;;;;;Level 2;0.0;;2.612;;False;;;;;;;;;;3.0;;;;;False;True;;;Up to level: Roof;0.0;;0.0;False;0.2880000000000125;;;;;;;;;;;;;0.3119328000000134;;;1.083099999999999;;;;;;;0.01684437120000095;;;;;;;;;;;AssetIdentifier;BarCode;;;InstallationDate;SerialNumber;;TagNumber;WarrantyStartDate;New Construction;;;;;;;;;;;;;;;;;;;;;;;;;0.0;;;;;;0.0;;;;;;;;;;;0.05400000000000001;0.0;0.0;;;;;;;;;;;;;;;;;;;;;;;;;;;;;0.0;;;;;;;;;;;;;;;;;;;;;;;;;;;;;;;;;;;23-25 40 11 11 11;Metal-Framed Gypsum Board Fixed Partitions;;;;;;;;;;;;;;;;;;;;;;;;;;;;;;;;;;;;;;;;;;;;;;;;;;;;;;;;;;;;;;;;;;;;;;;;;;;;;;;;;;;;;;;;;;False;False;False;Basic Wall:Interior - Furring (38 mm Stud);;;
3Y4YRln2r91vflHcHE5ITs;IfcWallStandardCase;IfcWallStandardCase;Basic Wall:Interior - Furring (38 mm Stud):217580;;Metal - Stud Layer;Level 2;False;;;;;;;;;1;23-25 40 11 11 11;Metal-Framed Gypsum Board Fixed Partitions;;;;;Level 2;0.0;;2.612;;False;;;;;;;;;;3.0;;;;;False;True;;;Up to level: Roof;0.0;;0.0;False;0.2880000000000125;;;;;;;;;;;;;0.3269088000000023;;;1.135099999999959;;;;;;;0.01765307520000009;;;;;;;;;;;AssetIdentifier;BarCode;;;InstallationDate;SerialNumber;;TagNumber;WarrantyStartDate;New Construction;;;;;;;;;;;;;;;;;;;;;;;;;0.0;;;;;;0.0;;;;;;;;;;;0.05400000000000001;0.0;0.0;;;;;;;;;;;;;;;;;;;;;;;;;;;;;0.0;;;;;;;;;;;;;;;;;;;;;;;;;;;;;;;;;;;23-25 40 11 11 11;Metal-Framed Gypsum Board Fixed Partitions;;;;;;;;;;;;;;;;;;;;;;;;;;;;;;;;;;;;;;;;;;;;;;;;;;;;;;;;;;;;;;;;;;;;;;;;;;;;;;;;;;;;;;;;;;False;False;False;Basic Wall:Interior - Furring (38 mm Stud);;;
2O2Fr$t4X7Zf8NOew3FK4F;IfcSlab;IfcSlab.FLOOR;Floor:127mm Slab on Grade:141232;;Concrete;Level 1;False;FLOOR;;;;;;;;1;23-25 30 27 11;Structural Floor Decks;;;;Default;;;;;;;;;;;;0.0;;;Level 1;;;;;;False;True;;;;;;;;;;;;;;;;;;;;;64.77992799999991;;;;34.548;;;;;0.127;8.22705085599999;;;;;;;;;;;AssetIdentifier;BarCode;;;InstallationDate;SerialNumber;;TagNumber;WarrantyStartDate;New Construction;;;;;;;;;;;;;;;;3.0;;;;;;;;False;;;;;0.127;;0.0;;;;;;;;;;;;;;;;;;;;;;;;;;;;;;;;;;;;;;;;;;0.0;;;;;;;Manufacturer;;;;;;;;;;;;;;;;;;;;;;;;;AccessibilityPerformance;;FIXED;23-25 30 27 11;Structural Floor Decks;CodePerformance;Color;;Constituents;;ExpectedLife;Features;Finish;;;Grade;;Material;ModelLabel;ModelReference;NominalHeight;NominalLength;NominalWidth;;ProductionYear;Reference;ReplacementCost;Shape;Size;SustainabilityPerformance;WarrantyDescription;WarrantyDurationLabor;WarrantyDurationParts;WarrantyGuarantorLabor;WarrantyGuarantorParts;;;;;;;;;;;;;;;;;;;;;;;;;;;;;;;;;;;;;;;;;False;True;Floor:127mm Slab on Grade;;;;;;;;;;;;;;;;;;;;;;;
2O2Fr$t4X7Zf8NOew3FKcz;IfcSlab;IfcSlab.FLOOR;Floor:127mm Slab on Grade:143106;;Concrete;Level 1;False;FLOOR;;;;;;;;1;23-25 30 27 11;Structural Floor Decks;;;;Default;;;;;;;;;;;;0.0;;;Level 1;;;;;;False;True;;;;;;;;;;;;;;;;;;;;;64.90642799999978;;;;34.54799999999995;;;;;0.127;8.243116355999971;;;;;;;;;;;AssetIdentifier;BarCode;;;InstallationDate;SerialNumber;;TagNumber;WarrantyStartDate;New Construction;;;;;;;;;;;;;;;;3.0;;;;;;;;False;;;;;0.127;;0.0;;;;;;;;;;;;;;;;;;;;;;;;;;;;;;;;;;;;;;;;;;0.0;;;;;;;Manufacturer;;;;;;;;;;;;;;;;;;;;;;;;;AccessibilityPerformance;;FIXED;23-25 30 27 11;Structural Floor Decks;CodePerformance;Color;;Constituents;;ExpectedLife;Features;Finish;;;Grade;;Material;ModelLabel;ModelReference;NominalHeight;NominalLength;NominalWidth;;ProductionYear;Reference;ReplacementCost;Shape;Size;SustainabilityPerformance;WarrantyDescription;WarrantyDurationLabor;WarrantyDurationParts;WarrantyGuarantorLabor;WarrantyGuarantorParts;;;;;;;;;;;;;;;;;;;;;;;;;;;;;;;;;;;;;;;;;False;True;Floor:127mm Slab on Grade;;;;;;;;;;;;;;;;;;;;;;;
1hOSvn6df7F8_7GcBWlRqU;IfcSlab;IfcSlab.FLOOR;Floor:Residential - Wood Joist with Subflooring:144800;;Wood - Sheathing - plywood;Level 2;False;FLOOR;;;;;;;;1;23-25 30 27 11;Structural Floor Decks;;;;Default;;;;;;;;;;;;0.0;;;Level 2;;;;;;False;True;;;;;;;;;;;;;;;;;;;;;59.22901759999958;;;;43.45679999999997;;;;;0.3050000000000001;18.06485036799987;;;;;;;;;;;AssetIdentifier;BarCode;;;InstallationDate;SerialNumber;;TagNumber;WarrantyStartDate;New Construction;;;;;;;;;;;;;;;;3.0;;;;;;;;False;;;;;0.3050000000000001;;0.0;;;;;;;;;;;;;;;;;;;;;;;;;;;;;;;;;;;;;;;;;;0.0;;;;;;;Manufacturer;;;;;;;;;;;;;;;;;;;;;;;;;AccessibilityPerformance;;FIXED;23-25 30 27 11;Structural Floor Decks;CodePerformance;Color;;Constituents;;ExpectedLife;Features;Finish;;;Grade;;Material;ModelLabel;ModelReference;NominalHeight;NominalLength;NominalWidth;;ProductionYear;Reference;ReplacementCost;Shape;Size;SustainabilityPerformance;WarrantyDescription;WarrantyDurationLabor;WarrantyDurationParts;WarrantyGuarantorLabor;WarrantyGuarantorParts;;;;;;;;;;;;;;;;;;;;;;;;;;;;;;;;;;;;;;;;;False;True;Floor:Residential - Wood Joist with Subflooring;;;;;;;;;;;;;;;;;;;;;;;
1hOSvn6df7F8_7GcBWlRrM;IfcSlab;IfcSlab.FLOOR;Floor:Residential - Wood Joist with Subflooring:144872;;Wood - Sheathing - plywood;Level 2;False;FLOOR;;;;;;;;1;23-25 30 27 11;Structural Floor Decks;;;;Default;;;;;;;;;;;;0.0;;;Level 2;;;;;;False;True;;;;;;;;;;;;;;;;;;;;;59.33374759999967;;;;43.39679999999991;;;;;0.3050000000000001;18.09679301799989;;;;;;;;;;;AssetIdentifier;BarCode;;;InstallationDate;SerialNumber;;TagNumber;WarrantyStartDate;New Construction;;;;;;;;;;;;;;;;3.0;;;;;;;;False;;;;;0.3050000000000001;;0.0;;;;;;;;;;;;;;;;;;;;;;;;;;;;;;;;;;;;;;;;;;0.0;;;;;;;Manufacturer;;;;;;;;;;;;;;;;;;;;;;;;;AccessibilityPerformance;;FIXED;23-25 30 27 11;Structural Floor Decks;CodePerformance;Color;;Constituents;;ExpectedLife;Features;Finish;;;Grade;;Material;ModelLabel;ModelReference;NominalHeight;NominalLength;NominalWidth;;ProductionYear;Reference;ReplacementCost;Shape;Size;SustainabilityPerformance;WarrantyDescription;WarrantyDurationLabor;WarrantyDurationParts;WarrantyGuarantorLabor;WarrantyGuarantorParts;;;;;;;;;;;;;;;;;;;;;;;;;;;;;;;;;;;;;;;;;False;True;Floor:Residential - Wood Joist with Subflooring;;;;;;;;;;;;;;;;;;;;;;;
2OBrcmyk58NupXoVOHUtC0;IfcSlab;IfcSlab.FLOOR;Floor:Finish Floor - Wood:169093;;Wood - Flooring;Level 2;False;FLOOR;;;;;;;;1;23-35 50 14 11;Wood Flooring;;;;Default;;;;;;;;;;;;0.019;;;Level 2;;;;;;False;True;;;;;;;;;;;;;;;;;;;;;22.04323199999996;;;;19.91399999999999;;;;;0.019;0.4188214079999995;;;;;;;;;;;AssetIdentifier;BarCode;;;InstallationDate;SerialNumber;;TagNumber;WarrantyStartDate;New Construction;;;;;;;;;;;;;;;;3.0;;;;;;;;False;;;;;0.019;;0.0;;;;;;;;;;;;;;;;;;;;;;;;;;;;;;;;;;;;;;;;;;0.0;;;;;;;Manufacturer;;;;;;;;;;;;;;;;;;;;;;;;;AccessibilityPerformance;;FIXED;23-35 50 14 11;Wood Flooring;CodePerformance;Color;;Constituents;;ExpectedLife;Features;Finish;;;Grade;;Material;ModelLabel;ModelReference;NominalHeight;NominalLength;NominalWidth;;ProductionYear;Reference;ReplacementCost;Shape;Size;SustainabilityPerformance;WarrantyDescription;WarrantyDurationLabor;WarrantyDurationParts;WarrantyGuarantorLabor;WarrantyGuarantorParts;;;;;;;;;;;;;;;;;;;;;;;;;;;;;;;;;;;;;;;;;False;True;Floor:Finish Floor - Wood;;;;;;;;;;;;;;;;;;;;;;;
2OBrcmyk58NupXoVOHUtDX;IfcSlab;IfcSlab.FLOOR;Floor:Finish Floor - Wood:169188;;Wood - Flooring;Level 2;False;FLOOR;;;;;;;;1;23-35 50 14 11;Wood Flooring;;;;Default;;;;;;;;;;;;0.01900000000000001;;;Level 2;;;;;;False;True;;;;;;;;;;;;;;;;;;;;;22.04323199999991;;;;19.91399999999996;;;;;0.019;0.4188214079999987;;;;;;;;;;;AssetIdentifier;BarCode;;;InstallationDate;SerialNumber;;TagNumber;WarrantyStartDate;New Construction;;;;;;;;;;;;;;;;3.0;;;;;;;;False;;;;;0.019;;0.0;;;;;;;;;;;;;;;;;;;;;;;;;;;;;;;;;;;;;;;;;;0.0;;;;;;;Manufacturer;;;;;;;;;;;;;;;;;;;;;;;;;AccessibilityPerformance;;FIXED;23-35 50 14 11;Wood Flooring;CodePerformance;Color;;Constituents;;ExpectedLife;Features;Finish;;;Grade;;Material;ModelLabel;ModelReference;NominalHeight;NominalLength;NominalWidth;;ProductionYear;Reference;ReplacementCost;Shape;Size;SustainabilityPerformance;WarrantyDescription;WarrantyDurationLabor;WarrantyDurationParts;WarrantyGuarantorLabor;WarrantyGuarantorParts;;;;;;;;;;;;;;;;;;;;;;;;;;;;;;;;;;;;;;;;;False;True;Floor:Finish Floor - Wood;;;;;;;;;;;;;;;;;;;;;;;
2OBrcmyk58NupXoVOHUtBP;IfcSlab;IfcSlab.FLOOR;Floor:Finish Floor - Wood:169308;;Wood - Flooring;Level 2;False;FLOOR;;;;;;;;1;23-35 50 14 11;Wood Flooring;;;;Default;;;;;;;;;;;;0.019;;;Level 2;;;;;;False;True;;;;;;;;;;;;;;;;;;;;;22.06913600000004;;;;19.946;;;;;0.019;0.4193135840000009;;;;;;;;;;;AssetIdentifier;BarCode;;;InstallationDate;SerialNumber;;TagNumber;WarrantyStartDate;New Construction;;;;;;;;;;;;;;;;3.0;;;;;;;;False;;;;;0.019;;0.0;;;;;;;;;;;;;;;;;;;;;;;;;;;;;;;;;;;;;;;;;;0.0;;;;;;;Manufacturer;;;;;;;;;;;;;;;;;;;;;;;;;AccessibilityPerformance;;FIXED;23-35 50 14 11;Wood Flooring;CodePerformance;Color;;Constituents;;ExpectedLife;Features;Finish;;;Grade;;Material;ModelLabel;ModelReference;NominalHeight;NominalLength;NominalWidth;;ProductionYear;Reference;ReplacementCost;Shape;Size;SustainabilityPerformance;WarrantyDescription;WarrantyDurationLabor;WarrantyDurationParts;WarrantyGuarantorLabor;WarrantyGuarantorParts;;;;;;;;;;;;;;;;;;;;;;;;;;;;;;;;;;;;;;;;;False;True;Floor:Finish Floor - Wood;;;;;;;;;;;;;;;;;;;;;;;
2OBrcmyk58NupXoVOHUt8F;IfcSlab;IfcSlab.FLOOR;Floor:Finish Floor - Wood:169354;;Wood - Flooring;Level 2;False;FLOOR;;;;;;;;1;23-35 50 14 11;Wood Flooring;;;;Default;;;;;;;;;;;;0.019;;;Level 2;;;;;;False;True;;;;;;;;;;;;;;;;;;;;;22.04323199999984;;;;19.91399999999993;;;;;0.019;0.4188214079999972;;;;;;;;;;;AssetIdentifier;BarCode;;;InstallationDate;SerialNumber;;TagNumber;WarrantyStartDate;New Construction;;;;;;;;;;;;;;;;3.0;;;;;;;;False;;;;;0.019;;0.0;;;;;;;;;;;;;;;;;;;;;;;;;;;;;;;;;;;;;;;;;;0.0;;;;;;;Manufacturer;;;;;;;;;;;;;;;;;;;;;;;;;AccessibilityPerformance;;FIXED;23-35 50 14 11;Wood Flooring;CodePerformance;Color;;Constituents;;ExpectedLife;Features;Finish;;;Grade;;Material;ModelLabel;ModelReference;NominalHeight;NominalLength;NominalWidth;;ProductionYear;Reference;ReplacementCost;Shape;Size;SustainabilityPerformance;WarrantyDescription;WarrantyDurationLabor;WarrantyDurationParts;WarrantyGuarantorLabor;WarrantyGuarantorParts;;;;;;;;;;;;;;;;;;;;;;;;;;;;;;;;;;;;;;;;;False;True;Floor:Finish Floor - Wood;;;;;;;;;;;;;;;;;;;;;;;
2OBrcmyk58NupXoVOHUt8s;IfcSlab;IfcSlab.FLOOR;Floor:Finish Floor - Wood:169395;;Wood - Flooring;Level 2;False;FLOOR;;;;;;;;1;23-35 50 14 11;Wood Flooring;;;;Default;;;;;;;;;;;;0.019;;;Level 2;;;;;;False;True;;;;;;;;;;;;;;;;;;;;;7.210867999999976;;;;15.27399999999998;;;;;0.019;0.1370064919999997;;;;;;;;;;;AssetIdentifier;BarCode;;;InstallationDate;SerialNumber;;TagNumber;WarrantyStartDate;New Construction;;;;;;;;;;;;;;;;3.0;;;;;;;;False;;;;;0.019;;0.0;;;;;;;;;;;;;;;;;;;;;;;;;;;;;;;;;;;;;;;;;;0.0;;;;;;;Manufacturer;;;;;;;;;;;;;;;;;;;;;;;;;AccessibilityPerformance;;FIXED;23-35 50 14 11;Wood Flooring;CodePerformance;Color;;Constituents;;ExpectedLife;Features;Finish;;;Grade;;Material;ModelLabel;ModelReference;NominalHeight;NominalLength;NominalWidth;;ProductionYear;Reference;ReplacementCost;Shape;Size;SustainabilityPerformance;WarrantyDescription;WarrantyDurationLabor;WarrantyDurationParts;WarrantyGuarantorLabor;WarrantyGuarantorParts;;;;;;;;;;;;;;;;;;;;;;;;;;;;;;;;;;;;;;;;;False;True;Floor:Finish Floor - Wood;;;;;;;;;;;;;;;;;;;;;;;
2OBrcmyk58NupXoVOHUt5W;IfcSlab;IfcSlab.FLOOR;Floor:Finish Floor - Wood:169701;;Wood - Flooring;Level 2;False;FLOOR;;;;;;;;1;23-35 50 14 11;Wood Flooring;;;;Default;;;;;;;;;;;;0.019;;;Level 2;;;;;;False;True;;;;;;;;;;;;;;;;;;;;;7.21086799999996;;;;15.2739999999999;;;;;0.019;0.1370064919999993;;;;;;;;;;;AssetIdentifier;BarCode;;;InstallationDate;SerialNumber;;TagNumber;WarrantyStartDate;New Construction;;;;;;;;;;;;;;;;3.0;;;;;;;;False;;;;;0.019;;0.0;;;;;;;;;;;;;;;;;;;;;;;;;;;;;;;;;;;;;;;;;;0.0;;;;;;;Manufacturer;;;;;;;;;;;;;;;;;;;;;;;;;AccessibilityPerformance;;FIXED;23-35 50 14 11;Wood Flooring;CodePerformance;Color;;Constituents;;ExpectedLife;Features;Finish;;;Grade;;Material;ModelLabel;ModelReference;NominalHeight;NominalLength;NominalWidth;;ProductionYear;Reference;ReplacementCost;Shape;Size;SustainabilityPerformance;WarrantyDescription;WarrantyDurationLabor;WarrantyDurationParts;WarrantyGuarantorLabor;WarrantyGuarantorParts;;;;;;;;;;;;;;;;;;;;;;;;;;;;;;;;;;;;;;;;;False;True;Floor:Finish Floor - Wood;;;;;;;;;;;;;;;;;;;;;;;
2OBrcmyk58NupXoVOHUt2f;IfcSlab;IfcSlab.FLOOR;Floor:Finish Floor - Ceramic Tile:169772;;Ceramic Tile;Level 2;False;FLOOR;;;;;;;;1;23-35 50 14 14;Tile Flooring;;;;Default;;;;;;;;;;;;0.01299999999999974;;;Level 2;;;;;;False;True;;;;;;;;;;;;;;;;;;;;;6.339839999999962;;;;11.36799999999998;;;;;0.013;0.08241791999999794;;;;;;;;;;;AssetIdentifier;BarCode;;;InstallationDate;SerialNumber;;TagNumber;WarrantyStartDate;New Construction;;;;;;;;;;;;;;;;3.0;;;;;;;;False;;;;;0.013;;0.0;;;;;;;;;;;;;;;;;;;;;;;;;;;;;;;;;;;;;;;;;;0.0;;;;;;;Manufacturer;;;;;;;;;;;;;;;;;;;;;;;;;AccessibilityPerformance;;FIXED;23-35 50 14 14;Tile Flooring;CodePerformance;Color;;Constituents;;ExpectedLife;Features;Finish;;;Grade;;Material;ModelLabel;ModelReference;NominalHeight;NominalLength;NominalWidth;;ProductionYear;Reference;ReplacementCost;Shape;Size;SustainabilityPerformance;WarrantyDescription;WarrantyDurationLabor;WarrantyDurationParts;WarrantyGuarantorLabor;WarrantyGuarantorParts;;;;;;;;;;;;;;;;;;;;;;;;;;;;;;;;;;;;;;;;;False;True;Floor:Finish Floor - Ceramic Tile;;;;;;;;;;;;;;;;;;;;;;;
2OBrcmyk58NupXoVOHUt0F;IfcSlab;IfcSlab.FLOOR;Floor:Finish Floor - Ceramic Tile:169866;;Ceramic Tile;Level 2;False;FLOOR;;;;;;;;1;23-35 50 14 14;Tile Flooring;;;;Default;;;;;;;;;;;;0.013;;;Level 2;;;;;;False;True;;;;;;;;;;;;;;;;;;;;;6.339840000000071;;;;11.36800000000005;;;;;0.013;0.08241791999999935;;;;;;;;;;;AssetIdentifier;BarCode;;;InstallationDate;SerialNumber;;TagNumber;WarrantyStartDate;New Construction;;;;;;;;;;;;;;;;3.0;;;;;;;;False;;;;;0.013;;0.0;;;;;;;;;;;;;;;;;;;;;;;;;;;;;;;;;;;;;;;;;;0.0;;;;;;;Manufacturer;;;;;;;;;;;;;;;;;;;;;;;;;AccessibilityPerformance;;FIXED;23-35 50 14 14;Tile Flooring;CodePerformance;Color;;Constituents;;ExpectedLife;Features;Finish;;;Grade;;Material;ModelLabel;ModelReference;NominalHeight;NominalLength;NominalWidth;;ProductionYear;Reference;ReplacementCost;Shape;Size;SustainabilityPerformance;WarrantyDescription;WarrantyDurationLabor;WarrantyDurationParts;WarrantyGuarantorLabor;WarrantyGuarantorParts;;;;;;;;;;;;;;;;;;;;;;;;;;;;;;;;;;;;;;;;;False;True;Floor:Finish Floor - Ceramic Tile;;;;;;;;;;;;;;;;;;;;;;;
2OBrcmyk58NupXoVOHUtxr;IfcSlab;IfcSlab.FLOOR;Floor:Finish Floor - Wood:170352;;Wood - Flooring;Level 1;False;FLOOR;;;;;;;;1;23-35 50 14 11;Wood Flooring;;;;Default;;;;;;;;;;;;0.019;;;Level 1;;;;;;False;True;;;;;;;;;;;;;;;;;;;;;47.1499189999998;;;;41.96199999999997;;;;;0.019;0.895848460999996;;;;;;;;;;;AssetIdentifier;BarCode;;;InstallationDate;SerialNumber;;TagNumber;WarrantyStartDate;New Construction;;;;;;;;;;;;;;;;3.0;;;;;;;;False;;;;;0.019;;0.0;;;;;;;;;;;;;;;;;;;;;;;;;;;;;;;;;;;;;;;;;;0.0;;;;;;;Manufacturer;;;;;;;;;;;;;;;;;;;;;;;;;AccessibilityPerformance;;FIXED;23-35 50 14 11;Wood Flooring;CodePerformance;Color;;Constituents;;ExpectedLife;Features;Finish;;;Grade;;Material;ModelLabel;ModelReference;NominalHeight;NominalLength;NominalWidth;;ProductionYear;Reference;ReplacementCost;Shape;Size;SustainabilityPerformance;WarrantyDescription;WarrantyDurationLabor;WarrantyDurationParts;WarrantyGuarantorLabor;WarrantyGuarantorParts;;;;;;;;;;;;;;;;;;;;;;;;;;;;;;;;;;;;;;;;;False;True;Floor:Finish Floor - Wood;;;;;;;;;;;;;;;;;;;;;;;
2OBrcmyk58NupXoVOHUtoa;IfcSlab;IfcSlab.FLOOR;Floor:Finish Floor - Ceramic Tile:170785;;Ceramic Tile;Level 1;False;FLOOR;;;;;;;;1;23-35 50 14 14;Tile Flooring;;;;Default;;;;;;;;;;;;0.013;;;Level 1;;;;;;False;True;;;;;;;;;;;;;;;;;;;;;12.95406999999974;;;;16.07799999999991;;;;;0.013;0.1684029099999966;;;;;;;;;;;AssetIdentifier;BarCode;;;InstallationDate;SerialNumber;;TagNumber;WarrantyStartDate;New Construction;;;;;;;;;;;;;;;;3.0;;;;;;;;False;;;;;0.013;;0.0;;;;;;;;;;;;;;;;;;;;;;;;;;;;;;;;;;;;;;;;;;0.0;;;;;;;Manufacturer;;;;;;;;;;;;;;;;;;;;;;;;;AccessibilityPerformance;;FIXED;23-35 50 14 14;Tile Flooring;CodePerformance;Color;;Constituents;;ExpectedLife;Features;Finish;;;Grade;;Material;ModelLabel;ModelReference;NominalHeight;NominalLength;NominalWidth;;ProductionYear;Reference;ReplacementCost;Shape;Size;SustainabilityPerformance;WarrantyDescription;WarrantyDurationLabor;WarrantyDurationParts;WarrantyGuarantorLabor;WarrantyGuarantorParts;;;;;;;;;;;;;;;;;;;;;;;;;;;;;;;;;;;;;;;;;False;True;Floor:Finish Floor - Ceramic Tile;;;;;;;;;;;;;;;;;;;;;;;
2OBrcmyk58NupXoVOHUtjR;IfcSlab;IfcSlab.FLOOR;Floor:Finish Floor - Ceramic Tile:171230;;Ceramic Tile;Level 1;False;FLOOR;;;;;;;;1;23-35 50 14 14;Tile Flooring;;;;Default;;;;;;;;;;;;0.013;;;Level 1;;;;;;False;True;;;;;;;;;;;;;;;;;;;;;3.160976000000042;;;;7.254000000000056;;;;;0.013;0.04109268800000055;;;;;;;;;;;AssetIdentifier;BarCode;;;InstallationDate;SerialNumber;;TagNumber;WarrantyStartDate;New Construction;;;;;;;;;;;;;;;;3.0;;;;;;;;False;;;;;0.013;;0.0;;;;;;;;;;;;;;;;;;;;;;;;;;;;;;;;;;;;;;;;;;0.0;;;;;;;Manufacturer;;;;;;;;;;;;;;;;;;;;;;;;;AccessibilityPerformance;;FIXED;23-35 50 14 14;Tile Flooring;CodePerformance;Color;;Constituents;;ExpectedLife;Features;Finish;;;Grade;;Material;ModelLabel;ModelReference;NominalHeight;NominalLength;NominalWidth;;ProductionYear;Reference;ReplacementCost;Shape;Size;SustainabilityPerformance;WarrantyDescription;WarrantyDurationLabor;WarrantyDurationParts;WarrantyGuarantorLabor;WarrantyGuarantorParts;;;;;;;;;;;;;;;;;;;;;;;;;;;;;;;;;;;;;;;;;False;True;Floor:Finish Floor - Ceramic Tile;;;;;;;;;;;;;;;;;;;;;;;
2OBrcmyk58NupXoVOHUtju;IfcSlab;IfcSlab.FLOOR;Floor:Finish Floor - Ceramic Tile:171261;;Ceramic Tile;Level 1;False;FLOOR;;;;;;;;1;23-35 50 14 14;Tile Flooring;;;;Default;;;;;;;;;;;;0.013;;;Level 1;;;;;;False;True;;;;;;;;;;;;;;;;;;;;;3.160976000000074;;;;7.254000000000099;;;;;0.013;0.04109268800000098;;;;;;;;;;;AssetIdentifier;BarCode;;;InstallationDate;SerialNumber;;TagNumber;WarrantyStartDate;New Construction;;;;;;;;;;;;;;;;3.0;;;;;;;;False;;;;;0.013;;0.0;;;;;;;;;;;;;;;;;;;;;;;;;;;;;;;;;;;;;;;;;;0.0;;;;;;;Manufacturer;;;;;;;;;;;;;;;;;;;;;;;;;AccessibilityPerformance;;FIXED;23-35 50 14 14;Tile Flooring;CodePerformance;Color;;Constituents;;ExpectedLife;Features;Finish;;;Grade;;Material;ModelLabel;ModelReference;NominalHeight;NominalLength;NominalWidth;;ProductionYear;Reference;ReplacementCost;Shape;Size;SustainabilityPerformance;WarrantyDescription;WarrantyDurationLabor;WarrantyDurationParts;WarrantyGuarantorLabor;WarrantyGuarantorParts;;;;;;;;;;;;;;;;;;;;;;;;;;;;;;;;;;;;;;;;;False;True;Floor:Finish Floor - Ceramic Tile;;;;;;;;;;;;;;;;;;;;;;;
2OBrcmyk58NupXoVOHUtgP;IfcSlab;IfcSlab.FLOOR;Floor:Finish Floor - Wood:171292;;Wood - Flooring;Level 1;False;FLOOR;;;;;;;;1;23-35 50 14 11;Wood Flooring;;;;Default;;;;;;;;;;;;0.019;;;Level 1;;;;;;False;True;;;;;;;;;;;;;;;;;;;;;47.15012874054669;;;;41.96200000000001;;;;;0.019;0.8958524460703874;;;;;;;;;;;AssetIdentifier;BarCode;;;InstallationDate;SerialNumber;;TagNumber;WarrantyStartDate;New Construction;;;;;;;;;;;;;;;;3.0;;;;;;;;False;;;;;0.019;;0.0;;;;;;;;;;;;;;;;;;;;;;;;;;;;;;;;;;;;;;;;;;0.0;;;;;;;Manufacturer;;;;;;;;;;;;;;;;;;;;;;;;;AccessibilityPerformance;;FIXED;23-35 50 14 11;Wood Flooring;CodePerformance;Color;;Constituents;;ExpectedLife;Features;Finish;;;Grade;;Material;ModelLabel;ModelReference;NominalHeight;NominalLength;NominalWidth;;ProductionYear;Reference;ReplacementCost;Shape;Size;SustainabilityPerformance;WarrantyDescription;WarrantyDurationLabor;WarrantyDurationParts;WarrantyGuarantorLabor;WarrantyGuarantorParts;;;;;;;;;;;;;;;;;;;;;;;;;;;;;;;;;;;;;;;;;False;True;Floor:Finish Floor - Wood;;;;;;;;;;;;;;;;;;;;;;;
2OBrcmyk58NupXoVOHUten;IfcSlab;IfcSlab.FLOOR;Floor:Finish Floor - Ceramic Tile:171444;;Ceramic Tile;Level 1;False;FLOOR;;;;;;;;1;23-35 50 14 14;Tile Flooring;;;;Default;;;;;;;;;;;;0.013;;;Level 1;;;;;;False;True;;;;;;;;;;;;;;;;;;;;;12.95406999999977;;;;16.07799999999991;;;;;0.013;0.168402909999997;;;;;;;;;;;AssetIdentifier;BarCode;;;InstallationDate;SerialNumber;;TagNumber;WarrantyStartDate;New Construction;;;;;;;;;;;;;;;;3.0;;;;;;;;False;;;;;0.013;;0.0;;;;;;;;;;;;;;;;;;;;;;;;;;;;;;;;;;;;;;;;;;0.0;;;;;;;Manufacturer;;;;;;;;;;;;;;;;;;;;;;;;;AccessibilityPerformance;;FIXED;23-35 50 14 14;Tile Flooring;CodePerformance;Color;;Constituents;;ExpectedLife;Features;Finish;;;Grade;;Material;ModelLabel;ModelReference;NominalHeight;NominalLength;NominalWidth;;ProductionYear;Reference;ReplacementCost;Shape;Size;SustainabilityPerformance;WarrantyDescription;WarrantyDurationLabor;WarrantyDurationParts;WarrantyGuarantorLabor;WarrantyGuarantorParts;;;;;;;;;;;;;;;;;;;;;;;;;;;;;;;;;;;;;;;;;False;True;Floor:Finish Floor - Ceramic Tile;;;;;;;;;;;;;;;;;;;;;;;
3ThA22djr8AQQ9eQMA5s7I;IfcSlab;IfcSlab.ROOF;Basic Roof:Live Roof over Wood Joist Flat Roof:184483;;;Roof;;ROOF;;;;;;;;1;;;;;;;;;;;;;;;;;;;;;;;;;;;;;;;;;;;;;;;;;;;;;;;;;;;;;;;;;;;;;;;;;;;;;;;;;;;;;;;;;;;;;;;;;;;;;;;;;;;;;;;;;;;;;;;;;;;;;;;;;;;;;;;;;;;;;;;;;;;;;;;;;;;;;;;;;;;;;;;;;;;;;;;;;;;;;;;;;;;;;;;;;;;;;;;;;;;;;;;;;;;;;;;;;;;;;;;;;;;;;;;;;;;;;;;;;;;;;;;;;;;;;;;;;;;;;;;;;;;;;;;;;;;;;;;;;;;;;;;;;;;;
1CZILmCaHETO8tf3SgGEWh;IfcSlab;IfcSlab.FLOOR;Floor:150mm Exterior Slab on Grade:216507;;Concrete - Cast In Situ;Level 1;False;FLOOR;;;;;;;;1;23-25 30 27 11;Structural Floor Decks;;;;Default;;;;;;;;;;;;0.013;;;Level 1;;;;;;False;True;;;;;;;;;;;;;;;;;;;;;25.4198572000002;;;;20.36546800000007;;;;;0.15;3.81297858000003;;;;;;;;;;;AssetIdentifier;BarCode;;;InstallationDate;SerialNumber;;TagNumber;WarrantyStartDate;New Construction;;;;;;;;;;;;;;;;3.0;;;;;;;;False;;;;;0.15;;1.0;;;;;;;;;;;;;;;;;;;;;;;;;;;;;;;;;;;;;;;;;;0.0;;;;;;;Manufacturer;;;;;;;;;;;;;;;;;;;;;;;;;AccessibilityPerformance;;FIXED;23-25 30 27 11;Structural Floor Decks;CodePerformance;Color;;Constituents;;ExpectedLife;Features;Finish;;;Grade;;Material;ModelLabel;ModelReference;NominalHeight;NominalLength;NominalWidth;;ProductionYear;Reference;ReplacementCost;Shape;Size;SustainabilityPerformance;WarrantyDescription;WarrantyDurationLabor;WarrantyDurationParts;WarrantyGuarantorLabor;WarrantyGuarantorParts;;;;;;;;;;;;;;;;;;;;;;;;;;;;;;;;;;;;;;;;;False;True;Floor:150mm Exterior Slab on Grade;;;;;;;;;;;;;;;;;;;;;;;
1CZILmCaHETO8tf3SgGEXu;IfcSlab;IfcSlab.FLOOR;Floor:150mm Exterior Slab on Grade:216552;;Concrete - Cast In Situ;Level 1;False;FLOOR;;;;;;;;1;23-25 30 27 11;Structural Floor Decks;;;;Default;;;;;;;;;;;;0.013;;;Level 1;;;;;;False;True;;;;;;;;;;;;;;;;;;;;;25.4198572;;;;20.365468;;;;;0.15;3.812978580000001;;;;;;;;;;;AssetIdentifier;BarCode;;;InstallationDate;SerialNumber;;TagNumber;WarrantyStartDate;New Construction;;;;;;;;;;;;;;;;3.0;;;;;;;;False;;;;;0.15;;1.0;;;;;;;;;;;;;;;;;;;;;;;;;;;;;;;;;;;;;;;;;;0.0;;;;;;;Manufacturer;;;;;;;;;;;;;;;;;;;;;;;;;AccessibilityPerformance;;FIXED;23-25 30 27 11;Structural Floor Decks;CodePerformance;Color;;Constituents;;ExpectedLife;Features;Finish;;;Grade;;Material;ModelLabel;ModelReference;NominalHeight;NominalLength;NominalWidth;;ProductionYear;Reference;ReplacementCost;Shape;Size;SustainabilityPerformance;WarrantyDescription;WarrantyDurationLabor;WarrantyDurationParts;WarrantyGuarantorLabor;WarrantyGuarantorParts;;;;;;;;;;;;;;;;;;;;;;;;;;;;;;;;;;;;;;;;;False;True;Floor:150mm Exterior Slab on Grade;;;;;;;;;;;;;;;;;;;;;;;
0jf0rYHfX3RAB3bSIRjmxl;IfcRoof;IfcRoof;Basic Roof:Live Roof over Wood Joist Flat Roof:184483;;Site - Grass;Roof;False;;;;;;;;;1;23-25 30 27 14;Structural Roof Decks;;;;;;;Roof;;0.0;;;0.0;;;;;;;;;;;;;False;False;;;;;;;;;;;;;;0.0;6.457000000000208;33615.0;;;;;132.9260359799997;;;;;;;;;0.4570000000000001;60.74719844285983;;;;;;;;;;;AssetIdentifier;BarCode;;;InstallationDate;SerialNumber;;TagNumber;WarrantyStartDate;New Construction;;;;;;;;;;;;;;;;;;;;;;;;;;;;;0.4570000000000001;;;;;;;;;;;;;;;;;;;;;;;;;;;;;;;;;;;;;;;;;;;;0.0;;;;;;;Manufacturer;;;;;;;;;;;;;;;;;;;;;;;;;AccessibilityPerformance;;FIXED;23-25 30 27 14;Structural Roof Decks;CodePerformance;Color;;Constituents;;ExpectedLife;Features;Finish;;;Grade;;Material;ModelLabel;ModelReference;NominalHeight;NominalLength;NominalWidth;;ProductionYear;Reference;ReplacementCost;Shape;Size;SustainabilityPerformance;WarrantyDescription;WarrantyDurationLabor;WarrantyDurationParts;WarrantyGuarantorLabor;WarrantyGuarantorParts;;;;;;;;;;;;;;;;;;;;;;;;;;;;;;;;;;;;;False;135.1511559999996;Basic Roof:Live Roof over Wood Joist Flat Roof;132.9260359799997;;;;;;;;;;;;;;;;;;;;;;;;;;
3bXiCStxP6Fgxdej$yc5T8;IfcCovering;IfcCovering.CEILING;Compound Ceiling:Gypsum Board:187149;;Metal - Stud Layer;Level 1;;CEILING;;;;;;;;1;23-35 70 24;Ceilings;;;;;;;;;;;;;;;;2.6;;;Level 1;;;;;;;True;;;;;;;;;;;;;;;;;;;;;57.0343455999998;;;;42.92399999999994;;;;;;3.25095769919999;;;;;;;;;;;AssetIdentifier;BarCode;;;InstallationDate;SerialNumber;;TagNumber;WarrantyStartDate;New Construction;;;;;;;;;;;;;;;;;;;;;;;;;;;;;;;;;;;;;;0.057;;;;;;;;;;;;;;;;;;;;;;;;;;;;;;;;;;;0.0;;;;;;;Manufacturer;;;;;;;;;;;;;;;;;;;;;;;;;AccessibilityPerformance;;FIXED;23-35 70 24;Ceilings;CodePerformance;Color;;Constituents;;ExpectedLife;Features;Finish;;;Grade;;Material;ModelLabel;ModelReference;NominalHeight;NominalLength;NominalWidth;;ProductionYear;Reference;ReplacementCost;Shape;Size;SustainabilityPerformance;WarrantyDescription;WarrantyDurationLabor;WarrantyDurationParts;WarrantyGuarantorLabor;WarrantyGuarantorParts;;;;;;;;;;;;;;;;;;;;;;;;;;;;;Compound Ceiling:Gypsum Board;0.057;;;;;;;;;;;;;;;;;;;;;;;;;;;;;;;;;;;;
3bXiCStxP6Fgxdej$yc503;IfcCovering;IfcCovering.CEILING;Compound Ceiling:Gypsum Board:187462;;Metal - Stud Layer;Level 1;;CEILING;;;;;;;;1;23-35 70 24;Ceilings;;;;;;;;;;;;;;;;2.6;;;Level 1;;;;;;;True;;;;;;;;;;;;;;;;;;;;;3.176448000000047;;;;7.198000000000058;;;;;;0.1810575360000028;;;;;;;;;;;AssetIdentifier;BarCode;;;InstallationDate;SerialNumber;;TagNumber;WarrantyStartDate;New Construction;;;;;;;;;;;;;;;;;;;;;;;;;;;;;;;;;;;;;;0.057;;;;;;;;;;;;;;;;;;;;;;;;;;;;;;;;;;;0.0;;;;;;;Manufacturer;;;;;;;;;;;;;;;;;;;;;;;;;AccessibilityPerformance;;FIXED;23-35 70 24;Ceilings;CodePerformance;Color;;Constituents;;ExpectedLife;Features;Finish;;;Grade;;Material;ModelLabel;ModelReference;NominalHeight;NominalLength;NominalWidth;;ProductionYear;Reference;ReplacementCost;Shape;Size;SustainabilityPerformance;WarrantyDescription;WarrantyDurationLabor;WarrantyDurationParts;WarrantyGuarantorLabor;WarrantyGuarantorParts;;;;;;;;;;;;;;;;;;;;;;;;;;;;;Compound Ceiling:Gypsum Board;0.057;;;;;;;;;;;;;;;;;;;;;;;;;;;;;;;;;;;;
3bXiCStxP6Fgxdej$yc50B;IfcCovering;IfcCovering.CEILING;Compound Ceiling:Gypsum Board:187470;;Metal - Stud Layer;Level 1;;CEILING;;;;;;;;1;23-35 70 24;Ceilings;;;;;;;;;;;;;;;;2.6;;;Level 1;;;;;;;True;;;;;;;;;;;;;;;;;;;;;3.176448000000047;;;;7.198000000000058;;;;;;0.1810575360000028;;;;;;;;;;;AssetIdentifier;BarCode;;;InstallationDate;SerialNumber;;TagNumber;WarrantyStartDate;New Construction;;;;;;;;;;;;;;;;;;;;;;;;;;;;;;;;;;;;;;0.057;;;;;;;;;;;;;;;;;;;;;;;;;;;;;;;;;;;0.0;;;;;;;Manufacturer;;;;;;;;;;;;;;;;;;;;;;;;;AccessibilityPerformance;;FIXED;23-35 70 24;Ceilings;CodePerformance;Color;;Constituents;;ExpectedLife;Features;Finish;;;Grade;;Material;ModelLabel;ModelReference;NominalHeight;NominalLength;NominalWidth;;ProductionYear;Reference;ReplacementCost;Shape;Size;SustainabilityPerformance;WarrantyDescription;WarrantyDurationLabor;WarrantyDurationParts;WarrantyGuarantorLabor;WarrantyGuarantorParts;;;;;;;;;;;;;;;;;;;;;;;;;;;;;Compound Ceiling:Gypsum Board;0.057;;;;;;;;;;;;;;;;;;;;;;;;;;;;;;;;;;;;
3bXiCStxP6Fgxdej$yc50U;IfcCovering;IfcCovering.CEILING;Compound Ceiling:Gypsum Board:187483;;Metal - Stud Layer;Level 1;;CEILING;;;;;;;;1;23-35 70 24;Ceilings;;;;;;;;;;;;;;;;2.6;;;Level 1;;;;;;;True;;;;;;;;;;;;;;;;;;;;;3.367221000000052;;;;7.444000000000067;;;;;;0.191931597000003;;;;;;;;;;;AssetIdentifier;BarCode;;;InstallationDate;SerialNumber;;TagNumber;WarrantyStartDate;New Construction;;;;;;;;;;;;;;;;;;;;;;;;;;;;;;;;;;;;;;0.057;;;;;;;;;;;;;;;;;;;;;;;;;;;;;;;;;;;0.0;;;;;;;Manufacturer;;;;;;;;;;;;;;;;;;;;;;;;;AccessibilityPerformance;;FIXED;23-35 70 24;Ceilings;CodePerformance;Color;;Constituents;;ExpectedLife;Features;Finish;;;Grade;;Material;ModelLabel;ModelReference;NominalHeight;NominalLength;NominalWidth;;ProductionYear;Reference;ReplacementCost;Shape;Size;SustainabilityPerformance;WarrantyDescription;WarrantyDurationLabor;WarrantyDurationParts;WarrantyGuarantorLabor;WarrantyGuarantorParts;;;;;;;;;;;;;;;;;;;;;;;;;;;;;Compound Ceiling:Gypsum Board;0.057;;;;;;;;;;;;;;;;;;;;;;;;;;;;;;;;;;;;
3bXiCStxP6Fgxdej$yc50n;IfcCovering;IfcCovering.CEILING;Compound Ceiling:Gypsum Board:187508;;Metal - Stud Layer;Level 1;;CEILING;;;;;;;;1;23-35 70 24;Ceilings;;;;;;;;;;;;;;;;2.6;;;Level 1;;;;;;;True;;;;;;;;;;;;;;;;;;;;;56.45750059999956;;;;42.57399999999987;;;;;;3.218077534199977;;;;;;;;;;;AssetIdentifier;BarCode;;;InstallationDate;SerialNumber;;TagNumber;WarrantyStartDate;New Construction;;;;;;;;;;;;;;;;;;;;;;;;;;;;;;;;;;;;;;0.057;;;;;;;;;;;;;;;;;;;;;;;;;;;;;;;;;;;0.0;;;;;;;Manufacturer;;;;;;;;;;;;;;;;;;;;;;;;;AccessibilityPerformance;;FIXED;23-35 70 24;Ceilings;CodePerformance;Color;;Constituents;;ExpectedLife;Features;Finish;;;Grade;;Material;ModelLabel;ModelReference;NominalHeight;NominalLength;NominalWidth;;ProductionYear;Reference;ReplacementCost;Shape;Size;SustainabilityPerformance;WarrantyDescription;WarrantyDurationLabor;WarrantyDurationParts;WarrantyGuarantorLabor;WarrantyGuarantorParts;;;;;;;;;;;;;;;;;;;;;;;;;;;;;Compound Ceiling:Gypsum Board;0.057;;;;;;;;;;;;;;;;;;;;;;;;;;;;;;;;;;;;
3bXiCStxP6Fgxdej$yc52o;IfcCovering;IfcCovering.CEILING;Compound Ceiling:Gypsum Board:187639;;Metal - Stud Layer;Level 2;;CEILING;;;;;;;;1;23-35 70 24;Ceilings;;;;;;;;;;;;;;;;2.6;;;Level 2;;;;;;;True;;;;;;;;;;;;;;;;;;;;;22.04323199999996;;;;19.91399999999998;;;;;;1.256464223999998;;;;;;;;;;;AssetIdentifier;BarCode;;;InstallationDate;SerialNumber;;TagNumber;WarrantyStartDate;New Construction;;;;;;;;;;;;;;;;;;;;;;;;;;;;;;;;;;;;;;0.057;;;;;;;;;;;;;;;;;;;;;;;;;;;;;;;;;;;0.0;;;;;;;Manufacturer;;;;;;;;;;;;;;;;;;;;;;;;;AccessibilityPerformance;;FIXED;23-35 70 24;Ceilings;CodePerformance;Color;;Constituents;;ExpectedLife;Features;Finish;;;Grade;;Material;ModelLabel;ModelReference;NominalHeight;NominalLength;NominalWidth;;ProductionYear;Reference;ReplacementCost;Shape;Size;SustainabilityPerformance;WarrantyDescription;WarrantyDurationLabor;WarrantyDurationParts;WarrantyGuarantorLabor;WarrantyGuarantorParts;;;;;;;;;;;;;;;;;;;;;;;;;;;;;Compound Ceiling:Gypsum Board;0.057;;;;;;;;;;;;;;;;;;;;;;;;;;;;;;;;;;;;
3bXiCStxP6Fgxdej$yc554;IfcCovering;IfcCovering.CEILING;Compound Ceiling:Gypsum Board:187649;;Metal - Stud Layer;Level 2;;CEILING;;;;;;;;1;23-35 70 24;Ceilings;;;;;;;;;;;;;;;;2.6;;;Level 2;;;;;;;True;;;;;;;;;;;;;;;;;;;;;22.04323199999996;;;;19.91399999999998;;;;;;1.256464223999998;;;;;;;;;;;AssetIdentifier;BarCode;;;InstallationDate;SerialNumber;;TagNumber;WarrantyStartDate;New Construction;;;;;;;;;;;;;;;;;;;;;;;;;;;;;;;;;;;;;;0.057;;;;;;;;;;;;;;;;;;;;;;;;;;;;;;;;;;;0.0;;;;;;;Manufacturer;;;;;;;;;;;;;;;;;;;;;;;;;AccessibilityPerformance;;FIXED;23-35 70 24;Ceilings;CodePerformance;Color;;Constituents;;ExpectedLife;Features;Finish;;;Grade;;Material;ModelLabel;ModelReference;NominalHeight;NominalLength;NominalWidth;;ProductionYear;Reference;ReplacementCost;Shape;Size;SustainabilityPerformance;WarrantyDescription;WarrantyDurationLabor;WarrantyDurationParts;WarrantyGuarantorLabor;WarrantyGuarantorParts;;;;;;;;;;;;;;;;;;;;;;;;;;;;;Compound Ceiling:Gypsum Board;0.057;;;;;;;;;;;;;;;;;;;;;;;;;;;;;;;;;;;;
3bXiCStxP6Fgxdej$yc55E;IfcCovering;IfcCovering.CEILING;Compound Ceiling:Gypsum Board:187659;;Metal - Stud Layer;Level 2;;CEILING;;;;;;;;1;23-35 70 24;Ceilings;;;;;;;;;;;;;;;;2.6;;;Level 2;;;;;;;True;;;;;;;;;;;;;;;;;;;;;6.735040000000081;;;;11.55800000000004;;;;;;0.3838972800000047;;;;;;;;;;;AssetIdentifier;BarCode;;;InstallationDate;SerialNumber;;TagNumber;WarrantyStartDate;New Construction;;;;;;;;;;;;;;;;;;;;;;;;;;;;;;;;;;;;;;0.057;;;;;;;;;;;;;;;;;;;;;;;;;;;;;;;;;;;0.0;;;;;;;Manufacturer;;;;;;;;;;;;;;;;;;;;;;;;;AccessibilityPerformance;;FIXED;23-35 70 24;Ceilings;CodePerformance;Color;;Constituents;;ExpectedLife;Features;Finish;;;Grade;;Material;ModelLabel;ModelReference;NominalHeight;NominalLength;NominalWidth;;ProductionYear;Reference;ReplacementCost;Shape;Size;SustainabilityPerformance;WarrantyDescription;WarrantyDurationLabor;WarrantyDurationParts;WarrantyGuarantorLabor;WarrantyGuarantorParts;;;;;;;;;;;;;;;;;;;;;;;;;;;;;Compound Ceiling:Gypsum Board;0.057;;;;;;;;;;;;;;;;;;;;;;;;;;;;;;;;;;;;
3bXiCStxP6Fgxdej$yc55M;IfcCovering;IfcCovering.CEILING;Compound Ceiling:Gypsum Board:187667;;Metal - Stud Layer;Level 2;;CEILING;;;;;;;;1;23-35 70 24;Ceilings;;;;;;;;;;;;;;;;2.6;;;Level 2;;;;;;;True;;;;;;;;;;;;;;;;;;;;;9.30193998999993;;;;18.75039999999987;;;;;;0.5302105794299962;;;;;;;;;;;AssetIdentifier;BarCode;;;InstallationDate;SerialNumber;;TagNumber;WarrantyStartDate;New Construction;;;;;;;;;;;;;;;;;;;;;;;;;;;;;;;;;;;;;;0.057;;;;;;;;;;;;;;;;;;;;;;;;;;;;;;;;;;;0.0;;;;;;;Manufacturer;;;;;;;;;;;;;;;;;;;;;;;;;AccessibilityPerformance;;FIXED;23-35 70 24;Ceilings;CodePerformance;Color;;Constituents;;ExpectedLife;Features;Finish;;;Grade;;Material;ModelLabel;ModelReference;NominalHeight;NominalLength;NominalWidth;;ProductionYear;Reference;ReplacementCost;Shape;Size;SustainabilityPerformance;WarrantyDescription;WarrantyDurationLabor;WarrantyDurationParts;WarrantyGuarantorLabor;WarrantyGuarantorParts;;;;;;;;;;;;;;;;;;;;;;;;;;;;;Compound Ceiling:Gypsum Board;0.057;;;;;;;;;;;;;;;;;;;;;;;;;;;;;;;;;;;;
3bXiCStxP6Fgxdej$yc55U;IfcCovering;IfcCovering.CEILING;Compound Ceiling:Gypsum Board:187675;;Metal - Stud Layer;Level 2;;CEILING;;;;;;;;1;23-35 70 24;Ceilings;;;;;;;;;;;;;;;;2.6;;;Level 2;;;;;;;True;;;;;;;;;;;;;;;;;;;;;6.735039999999948;;;;11.55799999999997;;;;;;0.3838972799999974;;;;;;;;;;;AssetIdentifier;BarCode;;;InstallationDate;SerialNumber;;TagNumber;WarrantyStartDate;New Construction;;;;;;;;;;;;;;;;;;;;;;;;;;;;;;;;;;;;;;0.057;;;;;;;;;;;;;;;;;;;;;;;;;;;;;;;;;;;0.0;;;;;;;Manufacturer;;;;;;;;;;;;;;;;;;;;;;;;;AccessibilityPerformance;;FIXED;23-35 70 24;Ceilings;CodePerformance;Color;;Constituents;;ExpectedLife;Features;Finish;;;Grade;;Material;ModelLabel;ModelReference;NominalHeight;NominalLength;NominalWidth;;ProductionYear;Reference;ReplacementCost;Shape;Size;SustainabilityPerformance;WarrantyDescription;WarrantyDurationLabor;WarrantyDurationParts;WarrantyGuarantorLabor;WarrantyGuarantorParts;;;;;;;;;;;;;;;;;;;;;;;;;;;;;Compound Ceiling:Gypsum Board;0.057;;;;;;;;;;;;;;;;;;;;;;;;;;;;;;;;;;;;
3bXiCStxP6Fgxdej$yc55c;IfcCovering;IfcCovering.CEILING;Compound Ceiling:Gypsum Board:187683;;Metal - Stud Layer;Level 2;;CEILING;;;;;;;;1;23-35 70 24;Ceilings;;;;;;;;;;;;;;;;2.6;;;Level 2;;;;;;;True;;;;;;;;;;;;;;;;;;;;;9.301939990000008;;;;18.7503999999999;;;;;;0.5302105794300007;;;;;;;;;;;AssetIdentifier;BarCode;;;InstallationDate;SerialNumber;;TagNumber;WarrantyStartDate;New Construction;;;;;;;;;;;;;;;;;;;;;;;;;;;;;;;;;;;;;;0.057;;;;;;;;;;;;;;;;;;;;;;;;;;;;;;;;;;;0.0;;;;;;;Manufacturer;;;;;;;;;;;;;;;;;;;;;;;;;AccessibilityPerformance;;FIXED;23-35 70 24;Ceilings;CodePerformance;Color;;Constituents;;ExpectedLife;Features;Finish;;;Grade;;Material;ModelLabel;ModelReference;NominalHeight;NominalLength;NominalWidth;;ProductionYear;Reference;ReplacementCost;Shape;Size;SustainabilityPerformance;WarrantyDescription;WarrantyDurationLabor;WarrantyDurationParts;WarrantyGuarantorLabor;WarrantyGuarantorParts;;;;;;;;;;;;;;;;;;;;;;;;;;;;;Compound Ceiling:Gypsum Board;0.057;;;;;;;;;;;;;;;;;;;;;;;;;;;;;;;;;;;;
3bXiCStxP6Fgxdej$yc55k;IfcCovering;IfcCovering.CEILING;Compound Ceiling:Gypsum Board:187691;;Metal - Stud Layer;Level 2;;CEILING;;;;;;;;1;23-35 70 24;Ceilings;;;;;;;;;;;;;;;;2.6;;;Level 2;;;;;;;True;;;;;;;;;;;;;;;;;;;;;22.04323199999979;;;;19.91399999999992;;;;;;1.256464223999989;;;;;;;;;;;AssetIdentifier;BarCode;;;InstallationDate;SerialNumber;;TagNumber;WarrantyStartDate;New Construction;;;;;;;;;;;;;;;;;;;;;;;;;;;;;;;;;;;;;;0.057;;;;;;;;;;;;;;;;;;;;;;;;;;;;;;;;;;;0.0;;;;;;;Manufacturer;;;;;;;;;;;;;;;;;;;;;;;;;AccessibilityPerformance;;FIXED;23-35 70 24;Ceilings;CodePerformance;Color;;Constituents;;ExpectedLife;Features;Finish;;;Grade;;Material;ModelLabel;ModelReference;NominalHeight;NominalLength;NominalWidth;;ProductionYear;Reference;ReplacementCost;Shape;Size;SustainabilityPerformance;WarrantyDescription;WarrantyDurationLabor;WarrantyDurationParts;WarrantyGuarantorLabor;WarrantyGuarantorParts;;;;;;;;;;;;;;;;;;;;;;;;;;;;;Compound Ceiling:Gypsum Board;0.057;;;;;;;;;;;;;;;;;;;;;;;;;;;;;;;;;;;;
3bXiCStxP6Fgxdej$yc55m;IfcCovering;IfcCovering.CEILING;Compound Ceiling:Gypsum Board:187701;;Metal - Stud Layer;Level 2;;CEILING;;;;;;;;1;23-35 70 24;Ceilings;;;;;;;;;;;;;;;;2.6;;;Level 2;;;;;;;True;;;;;;;;;;;;;;;;;;;;;22.04323199999998;;;;19.91399999999996;;;;;;1.256464223999999;;;;;;;;;;;AssetIdentifier;BarCode;;;InstallationDate;SerialNumber;;TagNumber;WarrantyStartDate;New Construction;;;;;;;;;;;;;;;;;;;;;;;;;;;;;;;;;;;;;;0.057;;;;;;;;;;;;;;;;;;;;;;;;;;;;;;;;;;;0.0;;;;;;;Manufacturer;;;;;;;;;;;;;;;;;;;;;;;;;AccessibilityPerformance;;FIXED;23-35 70 24;Ceilings;CodePerformance;Color;;Constituents;;ExpectedLife;Features;Finish;;;Grade;;Material;ModelLabel;ModelReference;NominalHeight;NominalLength;NominalWidth;;ProductionYear;Reference;ReplacementCost;Shape;Size;SustainabilityPerformance;WarrantyDescription;WarrantyDurationLabor;WarrantyDurationParts;WarrantyGuarantorLabor;WarrantyGuarantorParts;;;;;;;;;;;;;;;;;;;;;;;;;;;;;Compound Ceiling:Gypsum Board;0.057;;;;;;;;;;;;;;;;;;;;;;;;;;;;;;;;;;;;
2OrWItJ6zAwBNp0OUxK_l8;IfcBeam;IfcBeam;M_W-Wide Flange:W310X60:W310X60:207325;;Metal - Steel - 345 MPa;Level 1;False;;;;;;;;;1;;;;Default;0.0;;;;;;;;0.0;;;;0.0;;;0.0;;;;;0.0;Level 2;;;;0.0;;;;;;;Level : Level 2;0.0;0.0;;-0.0127;;;;-0.0127;;;;;;;7.52299999999997;;;;;;;0.0548775449799998;;;;;;;;;;Metal - Steel - 345 MPa;AssetIdentifier;BarCode;3.0;;InstallationDate;SerialNumber;3.0;TagNumber;WarrantyStartDate;New Construction;1.0;False;False;False;True;True;True;1.0;False;False;False;False;True;True;3.0;;7.421299999999966;;;;;;0.0;;3.0;;;;;;;;;;;;;;;;;;;;;;;;;;;;;;;;;;;;;;;;;0.203;0.303;0.033;0.0199;0.0131;0.0075;;;;;;;;;Manufacturer;23.25.30.11.14.14;Beams;;;;;;;;;;;;;;;;;;;;;;;AccessibilityPerformance;;FIXED;;;CodePerformance;Color;;Constituents;;ExpectedLife;Features;Finish;;;Grade;;Material;ModelLabel;ModelReference;NominalHeight;NominalLength;NominalWidth;;ProductionYear;Reference;ReplacementCost;Shape;Size;SustainabilityPerformance;WarrantyDescription;WarrantyDurationLabor;WarrantyDurationParts;WarrantyGuarantorLabor;WarrantyGuarantorParts;;;;;;;;;;;;;;;;0.00753;;0.58;;;;;;False;True;M_W-Wide Flange:W310X60;0.0;7.421299999999966;;;;;;;;;;;;;;;;;;;;;;;;;;;;;;;;;;;;;;
2OrWItJ6zAwBNp0OUxK$8W;IfcBeam;IfcBeam;M_W-Wide Flange:W410X60:W410X60:208949;;Metal - Steel - 345 MPa;Level 1;False;;;;;;;;;1;;;;Default;0.0;;;;;;;;0.0;;;;0.0;;;0.0;;;;;0.0;Level 2;;;;0.0;;;;;;;Level : Level 2;0.0;0.0;;-0.0127;;;;-0.0127;;;;;;;6.181887120424957;;;;;;;0.0463244656878742;;;;;;;;;;Metal - Steel - 345 MPa;AssetIdentifier;BarCode;3.0;;InstallationDate;SerialNumber;3.0;TagNumber;WarrantyStartDate;New Construction;1.0;False;False;False;True;True;True;1.0;False;False;False;False;True;True;3.0;;6.181887120424958;;;;;;0.0;;6.0;;;;;;;;;;;;;;;;;;;;;;;;;;;;;;;;;;;;;;;;;0.178;0.407;0.03;0.0172;0.0128;0.007700000000000001;;;;;;;;;Manufacturer;23.25.30.11.14.14;Beams;;;;;;;;;;;;;;;;;;;;;;;AccessibilityPerformance;;FIXED;;;CodePerformance;Color;;Constituents;;ExpectedLife;Features;Finish;;;Grade;;Material;ModelLabel;ModelReference;NominalHeight;NominalLength;NominalWidth;;ProductionYear;Reference;ReplacementCost;Shape;Size;SustainabilityPerformance;WarrantyDescription;WarrantyDurationLabor;WarrantyDurationParts;WarrantyGuarantorLabor;WarrantyGuarantorParts;;;;;;;;;;;;;;;;0.007599999999999999;;0.58;;;;;;False;True;M_W-Wide Flange:W410X60;0.0;6.181887120424958;;;;;;;;;;;;;;;;;;;;;;;;;;;;;;;;;;;;;;
2OrWItJ6zAwBNp0OUxK$Bq;IfcBeam;IfcBeam;M_W-Wide Flange:W410X60:W410X60:209121;;Metal - Steel - 345 MPa;Level 2;False;;;;;;;;;1;;;;Default;0.0;;;;;;;;0.0;;;;0.0;;;0.0;;;;;0.0;Roof;;;;0.0;;;;;;;Level : Roof;0.0;0.0;;-0.0127;;;;-0.0127;;;;;;;4.12127992863035;;;;;;;0.03088314084758592;;;;;;;;;;Metal - Steel - 345 MPa;AssetIdentifier;BarCode;3.0;;InstallationDate;SerialNumber;3.0;TagNumber;WarrantyStartDate;New Construction;1.0;False;False;False;True;True;True;1.0;False;False;False;False;True;True;3.0;;4.121279928630351;;;;;;0.0;;6.0;;;;;;;;;;;;;;;;;;;;;;;;;;;;;;;;;;;;;;;;;0.178;0.407;0.03;0.0172;0.0128;0.007700000000000001;;;;;;;;;Manufacturer;23.25.30.11.14.14;Beams;;;;;;;;;;;;;;;;;;;;;;;AccessibilityPerformance;;FIXED;;;CodePerformance;Color;;Constituents;;ExpectedLife;Features;Finish;;;Grade;;Material;ModelLabel;ModelReference;NominalHeight;NominalLength;NominalWidth;;ProductionYear;Reference;ReplacementCost;Shape;Size;SustainabilityPerformance;WarrantyDescription;WarrantyDurationLabor;WarrantyDurationParts;WarrantyGuarantorLabor;WarrantyGuarantorParts;;;;;;;;;;;;;;;;0.007599999999999999;;0.58;;;;;;False;True;M_W-Wide Flange:W410X60;0.0;4.121279928630352;;;;;;;;;;;;;;;;;;;;;;;;;;;;;;;;;;;;;;
2OrWItJ6zAwBNp0OUxK$CR;IfcBeam;IfcBeam;M_W-Wide Flange:W410X60:W410X60:209166;;Metal - Steel - 345 MPa;Level 2;False;;;;;;;;;1;;;;Default;0.0;;;;;;;;0.0;;;;0.0;;;0.0;;;;;0.0;Roof;;;;0.0;;;;;;;Level : Roof;0.0;0.0;;-0.0127;;;;-0.0127;;;;;;;4.100000000000001;;;;;;;0.0307236780000001;;;;;;;;;;Metal - Steel - 345 MPa;AssetIdentifier;BarCode;3.0;;InstallationDate;SerialNumber;3.0;TagNumber;WarrantyStartDate;New Construction;1.0;False;False;False;True;True;True;1.0;False;False;False;False;True;True;3.0;;4.100000000000001;;;;;;0.0;;6.0;;;;;;;;;;;;;;;;;;;;;;;;;;;;;;;;;;;;;;;;;0.178;0.407;0.03;0.0172;0.0128;0.007700000000000001;;;;;;;;;Manufacturer;23.25.30.11.14.14;Beams;;;;;;;;;;;;;;;;;;;;;;;AccessibilityPerformance;;FIXED;;;CodePerformance;Color;;Constituents;;ExpectedLife;Features;Finish;;;Grade;;Material;ModelLabel;ModelReference;NominalHeight;NominalLength;NominalWidth;;ProductionYear;Reference;ReplacementCost;Shape;Size;SustainabilityPerformance;WarrantyDescription;WarrantyDurationLabor;WarrantyDurationParts;WarrantyGuarantorLabor;WarrantyGuarantorParts;;;;;;;;;;;;;;;;0.007599999999999999;;0.58;;;;;;False;True;M_W-Wide Flange:W410X60;0.0;4.100000000000001;;;;;;;;;;;;;;;;;;;;;;;;;;;;;;;;;;;;;;
2OrWItJ6zAwBNp0OUxK$Dv;IfcBeam;IfcBeam;M_W-Wide Flange:W310X60:W310X60:209260;;Metal - Steel - 345 MPa;Level 1;False;;;;;;;;;1;;;;Default;0.0;;;;;;;;0.0;;;;0.0;;;0.0;;;;;0.0;Level 2;;;;0.0;;;;;;;Level : Level 2;0.0;0.0;;-0.0127;;;;-0.0127;;;;;;;7.52299999999997;;;;;;;0.0548775449799998;;;;;;;;;;Metal - Steel - 345 MPa;AssetIdentifier;BarCode;3.0;;InstallationDate;SerialNumber;3.0;TagNumber;WarrantyStartDate;New Construction;1.0;False;False;False;True;True;True;1.0;False;False;False;False;True;True;3.0;;7.421299999999966;;;;;;0.0;;3.0;;;;;;;;;;;;;;;;;;;;;;;;;;;;;;;;;;;;;;;;;0.203;0.303;0.033;0.0199;0.0131;0.0075;;;;;;;;;Manufacturer;23.25.30.11.14.14;Beams;;;;;;;;;;;;;;;;;;;;;;;AccessibilityPerformance;;FIXED;;;CodePerformance;Color;;Constituents;;ExpectedLife;Features;Finish;;;Grade;;Material;ModelLabel;ModelReference;NominalHeight;NominalLength;NominalWidth;;ProductionYear;Reference;ReplacementCost;Shape;Size;SustainabilityPerformance;WarrantyDescription;WarrantyDurationLabor;WarrantyDurationParts;WarrantyGuarantorLabor;WarrantyGuarantorParts;;;;;;;;;;;;;;;;0.00753;;0.58;;;;;;False;True;M_W-Wide Flange:W310X60;0.0;7.421299999999966;;;;;;;;;;;;;;;;;;;;;;;;;;;;;;;;;;;;;;
2OrWItJ6zAwBNp0OUxK$Du;IfcBeam;IfcBeam;M_W-Wide Flange:W410X60:W410X60:209261;;Metal - Steel - 345 MPa;Level 1;False;;;;;;;;;1;;;;Default;0.0;;;;;;;;0.0;;;;0.0;;;0.0;;;;;0.0;Level 2;;;;0.0;;;;;;;Level : Level 2;0.0;0.0;;-0.0127;;;;-0.0127;;;;;;;6.181887120424957;;;;;;;0.0463244656878742;;;;;;;;;;Metal - Steel - 345 MPa;AssetIdentifier;BarCode;3.0;;InstallationDate;SerialNumber;3.0;TagNumber;WarrantyStartDate;New Construction;1.0;False;False;False;True;True;True;1.0;False;False;False;False;True;True;3.0;;6.181887120424958;;;;;;0.0;;6.0;;;;;;;;;;;;;;;;;;;;;;;;;;;;;;;;;;;;;;;;;0.178;0.407;0.03;0.0172;0.0128;0.007700000000000001;;;;;;;;;Manufacturer;23.25.30.11.14.14;Beams;;;;;;;;;;;;;;;;;;;;;;;AccessibilityPerformance;;FIXED;;;CodePerformance;Color;;Constituents;;ExpectedLife;Features;Finish;;;Grade;;Material;ModelLabel;ModelReference;NominalHeight;NominalLength;NominalWidth;;ProductionYear;Reference;ReplacementCost;Shape;Size;SustainabilityPerformance;WarrantyDescription;WarrantyDurationLabor;WarrantyDurationParts;WarrantyGuarantorLabor;WarrantyGuarantorParts;;;;;;;;;;;;;;;;0.007599999999999999;;0.58;;;;;;False;True;M_W-Wide Flange:W410X60;0.0;6.181887120424958;;;;;;;;;;;;;;;;;;;;;;;;;;;;;;;;;;;;;;
2OrWItJ6zAwBNp0OUxK$Dx;IfcBeam;IfcBeam;M_W-Wide Flange:W410X60:W410X60:209262;;Metal - Steel - 345 MPa;Level 2;False;;;;;;;;;1;;;;Default;0.0;;;;;;;;0.0;;;;0.0;;;0.0;;;;;0.0;Roof;;;;0.0;;;;;;;Level : Roof;0.0;0.0;;-0.0127;;;;-0.0127;;;;;;;4.12127992863035;;;;;;;0.03088314084758592;;;;;;;;;;Metal - Steel - 345 MPa;AssetIdentifier;BarCode;3.0;;InstallationDate;SerialNumber;3.0;TagNumber;WarrantyStartDate;New Construction;1.0;False;False;False;True;True;True;1.0;False;False;False;False;True;True;3.0;;4.121279928630351;;;;;;0.0;;6.0;;;;;;;;;;;;;;;;;;;;;;;;;;;;;;;;;;;;;;;;;0.178;0.407;0.03;0.0172;0.0128;0.007700000000000001;;;;;;;;;Manufacturer;23.25.30.11.14.14;Beams;;;;;;;;;;;;;;;;;;;;;;;AccessibilityPerformance;;FIXED;;;CodePerformance;Color;;Constituents;;ExpectedLife;Features;Finish;;;Grade;;Material;ModelLabel;ModelReference;NominalHeight;NominalLength;NominalWidth;;ProductionYear;Reference;ReplacementCost;Shape;Size;SustainabilityPerformance;WarrantyDescription;WarrantyDurationLabor;WarrantyDurationParts;WarrantyGuarantorLabor;WarrantyGuarantorParts;;;;;;;;;;;;;;;;0.007599999999999999;;0.58;;;;;;False;True;M_W-Wide Flange:W410X60;0.0;4.121279928630351;;;;;;;;;;;;;;;;;;;;;;;;;;;;;;;;;;;;;;
2OrWItJ6zAwBNp0OUxK$Dw;IfcBeam;IfcBeam;M_W-Wide Flange:W410X60:W410X60:209263;;Metal - Steel - 345 MPa;Level 2;False;;;;;;;;;1;;;;Default;0.0;;;;;;;;0.0;;;;0.0;;;0.0;;;;;0.0;Roof;;;;0.0;;;;;;;Level : Roof;0.0;0.0;;-0.0127;;;;-0.0127;;;;;;;4.100000000000001;;;;;;;0.0307236780000001;;;;;;;;;;Metal - Steel - 345 MPa;AssetIdentifier;BarCode;3.0;;InstallationDate;SerialNumber;3.0;TagNumber;WarrantyStartDate;New Construction;1.0;False;False;False;True;True;True;1.0;False;False;False;False;True;True;3.0;;4.100000000000001;;;;;;0.0;;6.0;;;;;;;;;;;;;;;;;;;;;;;;;;;;;;;;;;;;;;;;;0.178;0.407;0.03;0.0172;0.0128;0.007700000000000001;;;;;;;;;Manufacturer;23.25.30.11.14.14;Beams;;;;;;;;;;;;;;;;;;;;;;;AccessibilityPerformance;;FIXED;;;CodePerformance;Color;;Constituents;;ExpectedLife;Features;Finish;;;Grade;;Material;ModelLabel;ModelReference;NominalHeight;NominalLength;NominalWidth;;ProductionYear;Reference;ReplacementCost;Shape;Size;SustainabilityPerformance;WarrantyDescription;WarrantyDurationLabor;WarrantyDurationParts;WarrantyGuarantorLabor;WarrantyGuarantorParts;;;;;;;;;;;;;;;;0.007599999999999999;;0.58;;;;;;False;True;M_W-Wide Flange:W410X60;0.0;4.100000000000001;;;;;;;;;;;;;;;;;;;;;;;;;;;;;;;;;;;;;;
1gtrSK5QnDuxDwygd0EDGO;IfcMember;IfcMember;Stair:Residential - 200mm Max Riser 250mm Tread:151086:1;;;Level 1;;;;;;;;;;1;;;;;;;;;;;;;;;;;;;;;;;;;;;;;;;;;;;;;;;;;;;;;;;;;;;;;;;;;;;;;;;;;;;;;;;;;;;;;;;;;;;;;;;;;;;;;;;;;;;;;;;;;;;;;;;;;;;;;;;;;;;;;;;;;;;;;;;;;;;;;;;;;;;;;;;;;;;;;;;;;;;;;;;;;;;;;;;;;;;;;;;;;;;;;;;;;;;;;;;;;;;;;;;;;;;;;;;;;;;;;;;;;;;;;;;;;;;;;;;;;;;;;;;;;;;;;;;;;;;;;;;;;;;;;;;;;;;;;;;;;;;;
34qUFGjJzFKwVWpXe2dTPt;IfcMember;IfcMember;Stair:Residential - 200mm Max Riser 250mm Tread:151086:2;;;Level 1;;;;;;;;;;1;;;;;;;;;;;;;;;;;;;;;;;;;;;;;;;;;;;;;;;;;;;;;;;;;;;;;;;;;;;;;;;;;;;;;;;;;;;;;;;;;;;;;;;;;;;;;;;;;;;;;;;;;;;;;;;;;;;;;;;;;;;;;;;;;;;;;;;;;;;;;;;;;;;;;;;;;;;;;;;;;;;;;;;;;;;;;;;;;;;;;;;;;;;;;;;;;;;;;;;;;;;;;;;;;;;;;;;;;;;;;;;;;;;;;;;;;;;;;;;;;;;;;;;;;;;;;;;;;;;;;;;;;;;;;;;;;;;;;;;;;;;;
01KzA4SPn5IOODwLEb5RNY;IfcMember;IfcMember;Stair:Residential - 200mm Max Riser 250mm Tread:198878:1;;;Level 1;;;;;;;;;;1;;;;;;;;;;;;;;;;;;;;;;;;;;;;;;;;;;;;;;;;;;;;;;;;;;;;;;;;;;;;;;;;;;;;;;;;;;;;;;;;;;;;;;;;;;;;;;;;;;;;;;;;;;;;;;;;;;;;;;;;;;;;;;;;;;;;;;;;;;;;;;;;;;;;;;;;;;;;;;;;;;;;;;;;;;;;;;;;;;;;;;;;;;;;;;;;;;;;;;;;;;;;;;;;;;;;;;;;;;;;;;;;;;;;;;;;;;;;;;;;;;;;;;;;;;;;;;;;;;;;;;;;;;;;;;;;;;;;;;;;;;;;
37Fy90kSD2PvviizyM7EKl;IfcMember;IfcMember;Stair:Residential - 200mm Max Riser 250mm Tread:198878:2;;;Level 1;;;;;;;;;;1;;;;;;;;;;;;;;;;;;;;;;;;;;;;;;;;;;;;;;;;;;;;;;;;;;;;;;;;;;;;;;;;;;;;;;;;;;;;;;;;;;;;;;;;;;;;;;;;;;;;;;;;;;;;;;;;;;;;;;;;;;;;;;;;;;;;;;;;;;;;;;;;;;;;;;;;;;;;;;;;;;;;;;;;;;;;;;;;;;;;;;;;;;;;;;;;;;;;;;;;;;;;;;;;;;;;;;;;;;;;;;;;;;;;;;;;;;;;;;;;;;;;;;;;;;;;;;;;;;;;;;;;;;;;;;;;;;;;;;;;;;;;
1hOSvn6df7F8_7GcBWlRGQ;IfcDoor;IfcDoor;M_Single-Flush:1250mm x 2010mm:1250mm x 2010mm:146596;1250mm x 2010mm;;Level 1;True;;;;;;;;;1;;;;;;;;;;;;;;;;;;;;;Level 1;;;;;;;;0.0;;;;;;;;;;;;;;;;;;;;;;;;;;;;;;;;;;;;;;;A101;;AssetIdentifier;BarCode;;2.01;InstallationDate;SerialNumber;;TagNumber;WarrantyStartDate;New Construction;;;;;;;;;;;;;;;;;;;;;;;;;;;;Construction Type;;;1.0;;;;;;;;;;0.0;;;;;;;;;;2.01;;;;;;;;0.051;;0.025;0.025;0.076;1.25;;;;;;;;;;;;;;;Fire Rating;Manufacturer;23.30.10.00;Doors;;33;Door - Panel;;;;Door - Frame;;;;;;;;;;;;;;;;AccessibilityPerformance;Area;FIXED;;;CodePerformance;Color;;Constituents;ConstructionType;ExpectedLife;Features;Finish;;GlazingAreaFraction;Grade;IsFireExit;Material;ModelLabel;ModelReference;NominalHeight;NominalLength;NominalWidth;OperationType;ProductionYear;Reference;ReplacementCost;Shape;Size;SustainabilityPerformance;WarrantyDescription;WarrantyDurationLabor;WarrantyDurationParts;WarrantyGuarantorLabor;WarrantyGuarantorParts;;;;;;;;;;;;;;;;;;;;;;;;;;;;;;;Fire Rating;True;M_Single-Flush:1250mm x 2010mm;;;;;;;;;;;;;;;;;;;;;;;;;;;;;;;;;
1hOSvn6df7F8_7GcBWlRH8;IfcDoor;IfcDoor;M_Single-Flush:1250mm x 2010mm:1250mm x 2010mm:146678;1250mm x 2010mm;;Level 1;True;;;;;;;;;1;;;;;;;;;;;;;;;;;;;;;Level 1;;;;;;;;0.0;;;;;;;;;;;;;;;;;;;;;;;;;;;;;;;;;;;;;;;B101;;AssetIdentifier;BarCode;;2.01;InstallationDate;SerialNumber;;TagNumber;WarrantyStartDate;New Construction;;;;;;;;;;;;;;;;;;;;;;;;;;;;Construction Type;;;1.0;;;;;;;;;;0.0;;;;;;;;;;2.01;;;;;;;;0.051;;0.025;0.025;0.076;1.25;;;;;;;;;;;;;;;Fire Rating;Manufacturer;23.30.10.00;Doors;;33;Door - Panel;;;;Door - Frame;;;;;;;;;;;;;;;;AccessibilityPerformance;Area;FIXED;;;CodePerformance;Color;;Constituents;ConstructionType;ExpectedLife;Features;Finish;;GlazingAreaFraction;Grade;IsFireExit;Material;ModelLabel;ModelReference;NominalHeight;NominalLength;NominalWidth;OperationType;ProductionYear;Reference;ReplacementCost;Shape;Size;SustainabilityPerformance;WarrantyDescription;WarrantyDurationLabor;WarrantyDurationParts;WarrantyGuarantorLabor;WarrantyGuarantorParts;;;;;;;;;;;;;;;;;;;;;;;;;;;;;;;Fire Rating;True;M_Single-Flush:1250mm x 2010mm;;;;;;;;;;;;;;;;;;;;;;;;;;;;;;;;;
1hOSvn6df7F8_7GcBWlS8Z;IfcDoor;IfcDoor;M_Single-Flush:0762 x 2032mm:0762 x 2032mm:150173;0762 x 2032mm;;Level 1;False;;;;;;;;;1;;;;;;;;;;;;;;;;;;;;;Level 1;;;;;;;;0.0;;;;;;;;;;;;;;;;;;;;;;;;;;;;;;;;;;;;;;;A104;;AssetIdentifier;BarCode;;2.032;InstallationDate;SerialNumber;;TagNumber;WarrantyStartDate;New Construction;;;;;;;;;;;;;;;;;;;;;;;;;;;;Construction Type;;;0.0;;;;;;;;;;0.0;;;;;;;;;;2.032;;;;;;;;0.051;;0.025;0.025;0.07599999999999998;0.7619999999999999;;;;;;;;;;;;;;;Fire Rating;Manufacturer;23.30.10.00;Doors;;28;Door - Panel;;;;Door - Frame;;;;;;;;;;;;;;;;AccessibilityPerformance;Area;FIXED;;;CodePerformance;Color;;Constituents;ConstructionType;ExpectedLife;Features;Finish;;GlazingAreaFraction;Grade;IsFireExit;Material;ModelLabel;ModelReference;NominalHeight;NominalLength;NominalWidth;OperationType;ProductionYear;Reference;ReplacementCost;Shape;Size;SustainabilityPerformance;WarrantyDescription;WarrantyDurationLabor;WarrantyDurationParts;WarrantyGuarantorLabor;WarrantyGuarantorParts;;;;;;;;;;;;;;;;;;;;;;;;;;;;;;;Fire Rating;False;M_Single-Flush:0762 x 2032mm;;;;;;;;;;;;;;;;;;;;;;;;;;;;;;;;;
1hOSvn6df7F8_7GcBWlS9F;IfcDoor;IfcDoor;M_Single-Flush:0762 x 2032mm:0762 x 2032mm:150257;0762 x 2032mm;;Level 1;False;;;;;;;;;1;;;;;;;;;;;;;;;;;;;;;Level 1;;;;;;;;0.0;;;;;;;;;;;;;;;;;;;;;;;;;;;;;;;;;;;;;;;B104;;AssetIdentifier;BarCode;;2.032;InstallationDate;SerialNumber;;TagNumber;WarrantyStartDate;New Construction;;;;;;;;;;;;;;;;;;;;;;;;;;;;Construction Type;;;0.0;;;;;;;;;;0.0;;;;;;;;;;2.032;;;;;;;;0.051;;0.025;0.025;0.07599999999999998;0.7619999999999999;;;;;;;;;;;;;;;Fire Rating;Manufacturer;23.30.10.00;Doors;;28;Door - Panel;;;;Door - Frame;;;;;;;;;;;;;;;;AccessibilityPerformance;Area;FIXED;;;CodePerformance;Color;;Constituents;ConstructionType;ExpectedLife;Features;Finish;;GlazingAreaFraction;Grade;IsFireExit;Material;ModelLabel;ModelReference;NominalHeight;NominalLength;NominalWidth;OperationType;ProductionYear;Reference;ReplacementCost;Shape;Size;SustainabilityPerformance;WarrantyDescription;WarrantyDurationLabor;WarrantyDurationParts;WarrantyGuarantorLabor;WarrantyGuarantorParts;;;;;;;;;;;;;;;;;;;;;;;;;;;;;;;Fire Rating;False;M_Single-Flush:0762 x 2032mm;;;;;;;;;;;;;;;;;;;;;;;;;;;;;;;;;
1hOSvn6df7F8_7GcBWlSFK;IfcDoor;IfcDoor;M_Single-Flush:0864 x 2032mm:0864 x 2032mm:150378;0864 x 2032mm;;Level 2;False;;;;;;;;;1;;;;;;;;;;;;;;;;;;;;;Level 2;;;;;;;;0.0;;;;;;;;;;;;;;;;;;;;;;;;;;;;;;;;;;;;;;;B203;;AssetIdentifier;BarCode;;2.032;InstallationDate;SerialNumber;;TagNumber;WarrantyStartDate;New Construction;;;;;;;;;;;;;;;;;;;;;;;;;;;;Construction Type;;;0.0;;;;;;;;;;0.0;;;;;;;;;;2.032;;;;;;;;0.051;;0.025;0.025;0.07599999999999998;0.8639999999999999;;;;;;;;;;;;;;;Fire Rating;Manufacturer;23.30.10.00;Doors;;32;Door - Panel;;;;Door - Frame;;;;;;;;;;;;;;;;AccessibilityPerformance;Area;FIXED;;;CodePerformance;Color;;Constituents;ConstructionType;ExpectedLife;Features;Finish;;GlazingAreaFraction;Grade;IsFireExit;Material;ModelLabel;ModelReference;NominalHeight;NominalLength;NominalWidth;OperationType;ProductionYear;Reference;ReplacementCost;Shape;Size;SustainabilityPerformance;WarrantyDescription;WarrantyDurationLabor;WarrantyDurationParts;WarrantyGuarantorLabor;WarrantyGuarantorParts;;;;;;;;;;;;;;;;;;;;;;;;;;;;;;;Fire Rating;False;M_Single-Flush:0864 x 2032mm;;;;;;;;;;;;;;;;;;;;;;;;;;;;;;;;;
1hOSvn6df7F8_7GcBWlSDm;IfcDoor;IfcDoor;M_Single-Flush:0864 x 2032mm:0864 x 2032mm:150478;0864 x 2032mm;;Level 2;False;;;;;;;;;1;;;;;;;;;;;;;;;;;;;;;Level 2;;;;;;;;0.0;;;;;;;;;;;;;;;;;;;;;;;;;;;;;;;;;;;;;;;A203;;AssetIdentifier;BarCode;;2.032;InstallationDate;SerialNumber;;TagNumber;WarrantyStartDate;New Construction;;;;;;;;;;;;;;;;;;;;;;;;;;;;Construction Type;;;0.0;;;;;;;;;;0.0;;;;;;;;;;2.032;;;;;;;;0.051;;0.025;0.025;0.07599999999999998;0.8639999999999999;;;;;;;;;;;;;;;Fire Rating;Manufacturer;23.30.10.00;Doors;;32;Door - Panel;;;;Door - Frame;;;;;;;;;;;;;;;;AccessibilityPerformance;Area;FIXED;;;CodePerformance;Color;;Constituents;ConstructionType;ExpectedLife;Features;Finish;;GlazingAreaFraction;Grade;IsFireExit;Material;ModelLabel;ModelReference;NominalHeight;NominalLength;NominalWidth;OperationType;ProductionYear;Reference;ReplacementCost;Shape;Size;SustainabilityPerformance;WarrantyDescription;WarrantyDurationLabor;WarrantyDurationParts;WarrantyGuarantorLabor;WarrantyGuarantorParts;;;;;;;;;;;;;;;;;;;;;;;;;;;;;;;Fire Rating;False;M_Single-Flush:0864 x 2032mm;;;;;;;;;;;;;;;;;;;;;;;;;;;;;;;;;
2OBrcmyk58NupXoVOHUuXp;IfcDoor;IfcDoor;M_Single-Flush:0864 x 2032mm:0864 x 2032mm:159734;0864 x 2032mm;;Level 2;False;;;;;;;;;1;;;;;;;;;;;;;;;;;;;;;Level 2;;;;;;;;0.0;;;;;;;;;;;;;;;;;;;;;;;;;;;;;;;;;;;;;;;B202;;AssetIdentifier;BarCode;;2.032;InstallationDate;SerialNumber;;TagNumber;WarrantyStartDate;New Construction;;;;;;;;;;;;;;;;;;;;;;;;;;;;Construction Type;;;0.0;;;;;;;;;;0.0;;;;;;;;;;2.032;;;;;;;;0.051;;0.025;0.025;0.07599999999999998;0.8639999999999999;;;;;;;;;;;;;;;Fire Rating;Manufacturer;23.30.10.00;Doors;;32;Door - Panel;;;;Door - Frame;;;;;;;;;;;;;;;;AccessibilityPerformance;Area;FIXED;;;CodePerformance;Color;;Constituents;ConstructionType;ExpectedLife;Features;Finish;;GlazingAreaFraction;Grade;IsFireExit;Material;ModelLabel;ModelReference;NominalHeight;NominalLength;NominalWidth;OperationType;ProductionYear;Reference;ReplacementCost;Shape;Size;SustainabilityPerformance;WarrantyDescription;WarrantyDurationLabor;WarrantyDurationParts;WarrantyGuarantorLabor;WarrantyGuarantorParts;;;;;;;;;;;;;;;;;;;;;;;;;;;;;;;Fire Rating;False;M_Single-Flush:0864 x 2032mm;;;;;;;;;;;;;;;;;;;;;;;;;;;;;;;;;
2OBrcmyk58NupXoVOHUvVV;IfcDoor;IfcDoor;M_Single-Flush:0864 x 2032mm:0864 x 2032mm:159834;0864 x 2032mm;;Level 2;False;;;;;;;;;1;;;;;;;;;;;;;;;;;;;;;Level 2;;;;;;;;0.0;;;;;;;;;;;;;;;;;;;;;;;;;;;;;;;;;;;;;;;A202;;AssetIdentifier;BarCode;;2.032;InstallationDate;SerialNumber;;TagNumber;WarrantyStartDate;New Construction;;;;;;;;;;;;;;;;;;;;;;;;;;;;Construction Type;;;0.0;;;;;;;;;;0.0;;;;;;;;;;2.032;;;;;;;;0.051;;0.025;0.025;0.07599999999999998;0.8639999999999999;;;;;;;;;;;;;;;Fire Rating;Manufacturer;23.30.10.00;Doors;;32;Door - Panel;;;;Door - Frame;;;;;;;;;;;;;;;;AccessibilityPerformance;Area;FIXED;;;CodePerformance;Color;;Constituents;ConstructionType;ExpectedLife;Features;Finish;;GlazingAreaFraction;Grade;IsFireExit;Material;ModelLabel;ModelReference;NominalHeight;NominalLength;NominalWidth;OperationType;ProductionYear;Reference;ReplacementCost;Shape;Size;SustainabilityPerformance;WarrantyDescription;WarrantyDurationLabor;WarrantyDurationParts;WarrantyGuarantorLabor;WarrantyGuarantorParts;;;;;;;;;;;;;;;;;;;;;;;;;;;;;;;Fire Rating;False;M_Single-Flush:0864 x 2032mm;;;;;;;;;;;;;;;;;;;;;;;;;;;;;;;;;
2OBrcmyk58NupXoVOHUvR4;IfcDoor;IfcDoor;M_Single-Flush:0864 x 2032mm:0864 x 2032mm:160065;0864 x 2032mm;;Level 2;False;;;;;;;;;1;;;;;;;;;;;;;;;;;;;;;Level 2;;;;;;;;0.0;;;;;;;;;;;;;;;;;;;;;;;;;;;;;;;;;;;;;;;B204;;AssetIdentifier;BarCode;;2.032;InstallationDate;SerialNumber;;TagNumber;WarrantyStartDate;New Construction;;;;;;;;;;;;;;;;;;;;;;;;;;;;Construction Type;;;0.0;;;;;;;;;;0.0;;;;;;;;;;2.032;;;;;;;;0.051;;0.025;0.025;0.07599999999999998;0.8639999999999999;;;;;;;;;;;;;;;Fire Rating;Manufacturer;23.30.10.00;Doors;;32;Door - Panel;;;;Door - Frame;;;;;;;;;;;;;;;;AccessibilityPerformance;Area;FIXED;;;CodePerformance;Color;;Constituents;ConstructionType;ExpectedLife;Features;Finish;;GlazingAreaFraction;Grade;IsFireExit;Material;ModelLabel;ModelReference;NominalHeight;NominalLength;NominalWidth;OperationType;ProductionYear;Reference;ReplacementCost;Shape;Size;SustainabilityPerformance;WarrantyDescription;WarrantyDurationLabor;WarrantyDurationParts;WarrantyGuarantorLabor;WarrantyGuarantorParts;;;;;;;;;;;;;;;;;;;;;;;;;;;;;;;Fire Rating;False;M_Single-Flush:0864 x 2032mm;;;;;;;;;;;;;;;;;;;;;;;;;;;;;;;;;
2OBrcmyk58NupXoVOHUvPL;IfcDoor;IfcDoor;M_Single-Flush:0864 x 2032mm:0864 x 2032mm:160208;0864 x 2032mm;;Level 2;False;;;;;;;;;1;;;;;;;;;;;;;;;;;;;;;Level 2;;;;;;;;0.0;;;;;;;;;;;;;;;;;;;;;;;;;;;;;;;;;;;;;;;A204;;AssetIdentifier;BarCode;;2.032;InstallationDate;SerialNumber;;TagNumber;WarrantyStartDate;New Construction;;;;;;;;;;;;;;;;;;;;;;;;;;;;Construction Type;;;0.0;;;;;;;;;;0.0;;;;;;;;;;2.032;;;;;;;;0.051;;0.025;0.025;0.07599999999999998;0.8639999999999999;;;;;;;;;;;;;;;Fire Rating;Manufacturer;23.30.10.00;Doors;;32;Door - Panel;;;;Door - Frame;;;;;;;;;;;;;;;;AccessibilityPerformance;Area;FIXED;;;CodePerformance;Color;;Constituents;ConstructionType;ExpectedLife;Features;Finish;;GlazingAreaFraction;Grade;IsFireExit;Material;ModelLabel;ModelReference;NominalHeight;NominalLength;NominalWidth;OperationType;ProductionYear;Reference;ReplacementCost;Shape;Size;SustainabilityPerformance;WarrantyDescription;WarrantyDurationLabor;WarrantyDurationParts;WarrantyGuarantorLabor;WarrantyGuarantorParts;;;;;;;;;;;;;;;;;;;;;;;;;;;;;;;Fire Rating;False;M_Single-Flush:0864 x 2032mm;;;;;;;;;;;;;;;;;;;;;;;;;;;;;;;;;
1s1jVhK8z0pgKYcr9jt781;IfcDoor;IfcDoor;M_Single-Glass 1:0813 x 2420mm:0813 x 2420mm:171853;0813 x 2420mm;;Level 1;True;;;;;;;;;1;;;;;;;;;;;;;;;;;;;;;Level 1;;;;;;;;0.0;;;;;;;;;;;;;;;;;;;;;;;;;;;;;;;;;;;;;;;B102;;AssetIdentifier;BarCode;;2.42;InstallationDate;SerialNumber;;TagNumber;WarrantyStartDate;New Construction;;;;;;;;;;;;;;;;;;;;;;;;;;;;Construction Type;;;1.0;;;;;;;;;;0.0;;;;;;;;;;2.42;;;;0.102;0.102;0.102;0.102;0.051;;0.025;0.025;0.07599999999999998;0.813;;;;;;;;;;;;;;;Fire Rating;Manufacturer;23.30.10.00;Doors;;56;Door - Panel;;;;Door - Frame;;;;;;;;;;;;;;;;AccessibilityPerformance;Area;FIXED;;;CodePerformance;Color;;Constituents;ConstructionType;ExpectedLife;Features;Finish;;GlazingAreaFraction;Grade;IsFireExit;Material;ModelLabel;ModelReference;NominalHeight;NominalLength;NominalWidth;OperationType;ProductionYear;Reference;ReplacementCost;Shape;Size;SustainabilityPerformance;WarrantyDescription;WarrantyDurationLabor;WarrantyDurationParts;WarrantyGuarantorLabor;WarrantyGuarantorParts;;;;;;;;;;;;;;;;;;;;;;;;;;;;;;;Fire Rating;True;M_Single-Glass 1:0813 x 2420mm;;;;;;;;;;;;;;;;;;;;;;;;;;;;;;;;;
1s1jVhK8z0pgKYcr9jt7AB;IfcDoor;IfcDoor;M_Single-Glass 1:0813 x 2420mm:0813 x 2420mm:171975;0813 x 2420mm;;Level 1;True;;;;;;;;;1;;;;;;;;;;;;;;;;;;;;;Level 1;;;;;;;;0.0;;;;;;;;;;;;;;;;;;;;;;;;;;;;;;;;;;;;;;;A102;;AssetIdentifier;BarCode;;2.42;InstallationDate;SerialNumber;;TagNumber;WarrantyStartDate;New Construction;;;;;;;;;;;;;;;;;;;;;;;;;;;;Construction Type;;;1.0;;;;;;;;;;0.0;;;;;;;;;;2.42;;;;0.102;0.102;0.102;0.102;0.051;;0.025;0.025;0.07599999999999998;0.813;;;;;;;;;;;;;;;Fire Rating;Manufacturer;23.30.10.00;Doors;;56;Door - Panel;;;;Door - Frame;;;;;;;;;;;;;;;;AccessibilityPerformance;Area;FIXED;;;CodePerformance;Color;;Constituents;ConstructionType;ExpectedLife;Features;Finish;;GlazingAreaFraction;Grade;IsFireExit;Material;ModelLabel;ModelReference;NominalHeight;NominalLength;NominalWidth;OperationType;ProductionYear;Reference;ReplacementCost;Shape;Size;SustainabilityPerformance;WarrantyDescription;WarrantyDurationLabor;WarrantyDurationParts;WarrantyGuarantorLabor;WarrantyGuarantorParts;;;;;;;;;;;;;;;;;;;;;;;;;;;;;;;Fire Rating;True;M_Single-Glass 1:0813 x 2420mm;;;;;;;;;;;;;;;;;;;;;;;;;;;;;;;;;
1aj$VJZFn2TxepZUBcKp$i;IfcDoor;IfcDoor;M_Single-Flush:0762 x 2032mm:0762 x 2032mm:203720;0762 x 2032mm;;Level 2;False;;;;;;;;;1;;;;;;;;;;;;;;;;;;;;;Level 2;;;;;;;;0.0;;;;;;;;;;;;;;;;;;;;;;;;;;;;;;;;;;;;;;;B205;;AssetIdentifier;BarCode;;2.032;InstallationDate;SerialNumber;;TagNumber;WarrantyStartDate;New Construction;;;;;;;;;;;;;;;;;;;;;;;;;;;;Construction Type;;;0.0;;;;;;;;;;0.0;;;;;;;;;;2.032;;;;;;;;0.051;;0.025;0.025;0.07599999999999998;0.7619999999999999;;;;;;;;;;;;;;;Fire Rating;Manufacturer;23.30.10.00;Doors;;28;Door - Panel;;;;Door - Frame;;;;;;;;;;;;;;;;AccessibilityPerformance;Area;FIXED;;;CodePerformance;Color;;Constituents;ConstructionType;ExpectedLife;Features;Finish;;GlazingAreaFraction;Grade;IsFireExit;Material;ModelLabel;ModelReference;NominalHeight;NominalLength;NominalWidth;OperationType;ProductionYear;Reference;ReplacementCost;Shape;Size;SustainabilityPerformance;WarrantyDescription;WarrantyDurationLabor;WarrantyDurationParts;WarrantyGuarantorLabor;WarrantyGuarantorParts;;;;;;;;;;;;;;;;;;;;;;;;;;;;;;;Fire Rating;False;M_Single-Flush:0762 x 2032mm;;;;;;;;;;;;;;;;;;;;;;;;;;;;;;;;;
1aj$VJZFn2TxepZUBcKpac;IfcDoor;IfcDoor;M_Single-Flush:0762 x 2032mm:0762 x 2032mm:204034;0762 x 2032mm;;Level 2;False;;;;;;;;;1;;;;;;;;;;;;;;;;;;;;;Level 2;;;;;;;;0.0;;;;;;;;;;;;;;;;;;;;;;;;;;;;;;;;;;;;;;;A205;;AssetIdentifier;BarCode;;2.032;InstallationDate;SerialNumber;;TagNumber;WarrantyStartDate;New Construction;;;;;;;;;;;;;;;;;;;;;;;;;;;;Construction Type;;;0.0;;;;;;;;;;0.0;;;;;;;;;;2.032;;;;;;;;0.051;;0.025;0.025;0.07599999999999998;0.7619999999999999;;;;;;;;;;;;;;;Fire Rating;Manufacturer;23.30.10.00;Doors;;28;Door - Panel;;;;Door - Frame;;;;;;;;;;;;;;;;AccessibilityPerformance;Area;FIXED;;;CodePerformance;Color;;Constituents;ConstructionType;ExpectedLife;Features;Finish;;GlazingAreaFraction;Grade;IsFireExit;Material;ModelLabel;ModelReference;NominalHeight;NominalLength;NominalWidth;OperationType;ProductionYear;Reference;ReplacementCost;Shape;Size;SustainabilityPerformance;WarrantyDescription;WarrantyDurationLabor;WarrantyDurationParts;WarrantyGuarantorLabor;WarrantyGuarantorParts;;;;;;;;;;;;;;;;;;;;;;;;;;;;;;;Fire Rating;False;M_Single-Flush:0762 x 2032mm;;;;;;;;;;;;;;;;;;;;;;;;;;;;;;;;;
1hOSvn6df7F8_7GcBWlR72;IfcWindow;IfcWindow;M_Fixed:4835mm x 2420mm:4835mm x 2420mm:145788;4835mm x 2420mm;;Level 1;True;;;;;;;;;1;;;;;;;;;;;;;;;;;;;;;Level 1;;;;;;;;0.1;;;;;;;;;;;;;;;;;;;;;;;;;;;;;;;;;;;;;;;9;;AssetIdentifier;BarCode;;2.52;InstallationDate;SerialNumber;;TagNumber;WarrantyStartDate;New Construction;;;;;;;;;;;;;;;;;;;;;;;;;;;;Construction Type;;;;;;;;;;;;;0.0;;;;;;0.1;;;;2.42;;;;;;;;;;;;;4.835;0.019;;;;;;;;;;;;;;;Manufacturer;23.30.20.17.11;Fixed Windows;;05;;;Sash;Sash;;Glass;;;;;;;Sash;;;;;;;;AccessibilityPerformance;Area;FIXED;;;CodePerformance;Color;ConfigurationType;Constituents;ConstructionType;ExpectedLife;Features;Finish;FireRating;GlazingAreaFraction;Grade;;Material;ModelLabel;ModelReference;NominalHeight;NominalLength;NominalWidth;OperationType;ProductionYear;Reference;ReplacementCost;Shape;Size;SustainabilityPerformance;WarrantyDescription;WarrantyDurationLabor;WarrantyDurationParts;WarrantyGuarantorLabor;WarrantyGuarantorParts;;;;;;;;;;;;;;;;;;;;;;;;;;;;;;;;;;;;;;;;;;;;;;;;;;;;;;;;;;;;;;;;FireRating;True;M_Fixed:4835mm x 2420mm
1hOSvn6df7F8_7GcBWlRBU;IfcWindow;IfcWindow;M_Fixed:4835mm x 2420mm:4835mm x 2420mm:146016;4835mm x 2420mm;;Level 1;True;;;;;;;;;1;;;;;;;;;;;;;;;;;;;;;Level 1;;;;;;;;0.1;;;;;;;;;;;;;;;;;;;;;;;;;;;;;;;;;;;;;;;10;;AssetIdentifier;BarCode;;2.52;InstallationDate;SerialNumber;;TagNumber;WarrantyStartDate;New Construction;;;;;;;;;;;;;;;;;;;;;;;;;;;;Construction Type;;;;;;;;;;;;;0.0;;;;;;0.1;;;;2.42;;;;;;;;;;;;;4.835;0.019;;;;;;;;;;;;;;;Manufacturer;23.30.20.17.11;Fixed Windows;;05;;;Sash;Sash;;Glass;;;;;;;Sash;;;;;;;;AccessibilityPerformance;Area;FIXED;;;CodePerformance;Color;ConfigurationType;Constituents;ConstructionType;ExpectedLife;Features;Finish;FireRating;GlazingAreaFraction;Grade;;Material;ModelLabel;ModelReference;NominalHeight;NominalLength;NominalWidth;OperationType;ProductionYear;Reference;ReplacementCost;Shape;Size;SustainabilityPerformance;WarrantyDescription;WarrantyDurationLabor;WarrantyDurationParts;WarrantyGuarantorLabor;WarrantyGuarantorParts;;;;;;;;;;;;;;;;;;;;;;;;;;;;;;;;;;;;;;;;;;;;;;;;;;;;;;;;;;;;;;;;FireRating;True;M_Fixed:4835mm x 2420mm
1hOSvn6df7F8_7GcBWlRLx;IfcWindow;IfcWindow;M_Fixed:750mm x 2200mm:750mm x 2200mm:146885;750mm x 2200mm;;Level 1;True;;;;;;;;;1;;;;;;;;;;;;;;;;;;;;;Level 1;;;;;;;;0.1;;;;;;;;;;;;;;;;;;;;;;;;;;;;;;;;;;;;;;;12;;AssetIdentifier;BarCode;;2.3;InstallationDate;SerialNumber;;TagNumber;WarrantyStartDate;New Construction;;;;;;;;;;;;;;;;;;;;;;;;;;;;Construction Type;;;;;;;;;;;;;0.0;;;;;;0.1;;;;2.2;;;;;;;;;;;;;0.7500000000000001;0.019;;;;;;;;;;;;;;;Manufacturer;23.30.20.17.11;Fixed Windows;;04;;;Sash;Sash;;Glass;;;;;;;Sash;;;;;;;;AccessibilityPerformance;Area;FIXED;;;CodePerformance;Color;ConfigurationType;Constituents;ConstructionType;ExpectedLife;Features;Finish;FireRating;GlazingAreaFraction;Grade;;Material;ModelLabel;ModelReference;NominalHeight;NominalLength;NominalWidth;OperationType;ProductionYear;Reference;ReplacementCost;Shape;Size;SustainabilityPerformance;WarrantyDescription;WarrantyDurationLabor;WarrantyDurationParts;WarrantyGuarantorLabor;WarrantyGuarantorParts;;;;;;;;;;;;;;;;;;;;;;;;;;;;;;;;;;;;;;;;;;;;;;;;;;;;;;;;;;;;;;;;FireRating;True;M_Fixed:750mm x 2200mm
1hOSvn6df7F8_7GcBWlRRL;IfcWindow;IfcWindow;M_Fixed:750mm x 2200mm:750mm x 2200mm:147051;750mm x 2200mm;;Level 1;True;;;;;;;;;1;;;;;;;;;;;;;;;;;;;;;Level 1;;;;;;;;0.1;;;;;;;;;;;;;;;;;;;;;;;;;;;;;;;;;;;;;;;13;;AssetIdentifier;BarCode;;2.3;InstallationDate;SerialNumber;;TagNumber;WarrantyStartDate;New Construction;;;;;;;;;;;;;;;;;;;;;;;;;;;;Construction Type;;;;;;;;;;;;;0.0;;;;;;0.1;;;;2.2;;;;;;;;;;;;;0.7500000000000001;0.019;;;;;;;;;;;;;;;Manufacturer;23.30.20.17.11;Fixed Windows;;04;;;Sash;Sash;;Glass;;;;;;;Sash;;;;;;;;AccessibilityPerformance;Area;FIXED;;;CodePerformance;Color;ConfigurationType;Constituents;ConstructionType;ExpectedLife;Features;Finish;FireRating;GlazingAreaFraction;Grade;;Material;ModelLabel;ModelReference;NominalHeight;NominalLength;NominalWidth;OperationType;ProductionYear;Reference;ReplacementCost;Shape;Size;SustainabilityPerformance;WarrantyDescription;WarrantyDurationLabor;WarrantyDurationParts;WarrantyGuarantorLabor;WarrantyGuarantorParts;;;;;;;;;;;;;;;;;;;;;;;;;;;;;;;;;;;;;;;;;;;;;;;;;;;;;;;;;;;;;;;;FireRating;True;M_Fixed:750mm x 2200mm
1hOSvn6df7F8_7GcBWlSXO;IfcWindow;IfcWindow;M_Fixed:2800mm x 2410mm:2800mm x 2410mm:147686;2800mm x 2410mm;;Level 2;True;;;;;;;;;1;;;;;;;;;;;;;;;;;;;;;Level 2;;;;;;;;0.1;;;;;;;;;;;;;;;;;;;;;;;;;;;;;;;;;;;;;;;14;;AssetIdentifier;BarCode;;2.51;InstallationDate;SerialNumber;;TagNumber;WarrantyStartDate;New Construction;;;;;;;;;;;;;;;;;;;;;;;;;;;;Construction Type;;;;;;;;;;;;;0.0;;;;;;0.1;;;;2.41;;;;;;;;;;;;;2.8;0.019;;;;;;;;;;;;;;;Manufacturer;23.30.20.17.11;Fixed Windows;;01;;;Sash;Sash;;Glass;;;;;;;Sash;;;;;;;;AccessibilityPerformance;Area;FIXED;;;CodePerformance;Color;ConfigurationType;Constituents;ConstructionType;ExpectedLife;Features;Finish;FireRating;GlazingAreaFraction;Grade;;Material;ModelLabel;ModelReference;NominalHeight;NominalLength;NominalWidth;OperationType;ProductionYear;Reference;ReplacementCost;Shape;Size;SustainabilityPerformance;WarrantyDescription;WarrantyDurationLabor;WarrantyDurationParts;WarrantyGuarantorLabor;WarrantyGuarantorParts;;;;;;;;;;;;;;;;;;;;;;;;;;;;;;;;;;;;;;;;;;;;;;;;;;;;;;;;;;;;;;;;FireRating;True;M_Fixed:2800mm x 2410mm
1hOSvn6df7F8_7GcBWlSga;IfcWindow;IfcWindow;M_Fixed:819mm x 759mm:819mm x 759mm:147994;819mm x 759mm;;Level 2;True;;;;;;;;;1;;;;;;;;;;;;;;;;;;;;;Level 2;;;;;;;;0.1000000000000048;;;;;;;;;;;;;;;;;;;;;;;;;;;;;;;;;;;;;;;15;;AssetIdentifier;BarCode;;0.8590000000000048;InstallationDate;SerialNumber;;TagNumber;WarrantyStartDate;New Construction;;;;;;;;;;;;;;;;;;;;;;;;;;;;Construction Type;;;;;;;;;;;;;0.0;;;;;;0.1;;;;0.759;;;;;;;;;;;;;0.8190000000000001;0.019;;;;;;;;;;;;;;;Manufacturer;23.30.20.17.11;Fixed Windows;;02;;;Sash;Sash;;Glass;;;;;;;Sash;;;;;;;;AccessibilityPerformance;Area;FIXED;;;CodePerformance;Color;ConfigurationType;Constituents;ConstructionType;ExpectedLife;Features;Finish;FireRating;GlazingAreaFraction;Grade;;Material;ModelLabel;ModelReference;NominalHeight;NominalLength;NominalWidth;OperationType;ProductionYear;Reference;ReplacementCost;Shape;Size;SustainabilityPerformance;WarrantyDescription;WarrantyDurationLabor;WarrantyDurationParts;WarrantyGuarantorLabor;WarrantyGuarantorParts;;;;;;;;;;;;;;;;;;;;;;;;;;;;;;;;;;;;;;;;;;;;;;;;;;;;;;;;;;;;;;;;FireRating;True;M_Fixed:819mm x 759mm
1hOSvn6df7F8_7GcBWlSp1;IfcWindow;IfcWindow;M_Casement:819mm x 759mm:819mm x 759mm:148607;819mm x 759mm;;Level 2;True;;;;;;;;;1;;;;;;;;;;;;;;;;;;;;;Level 2;;;;;;;;0.9254999999999991;;;;;;;;;;;;;;;;;;;;;;;;;;;;;;;;;;;;;;;16;;AssetIdentifier;BarCode;;1.684499999999999;InstallationDate;SerialNumber;;TagNumber;WarrantyStartDate;New Construction;;;;;;;;;;;;;;;;;;;;;;;;;;;;Construction Type;;;;;;;;;;;;;0.0;;;;;;0.9149999999999999;;;;0.759;;;;;;;;;;;;;0.8190000000000001;0.019;;;;;;;;;;;;;;;Manufacturer;23.30.20.17.21.14;Casement Windows;;03;;;;;;Glass;;;;;;;Sash;;;;;;Trim;Trim;AccessibilityPerformance;Area;FIXED;;;CodePerformance;Color;ConfigurationType;Constituents;ConstructionType;ExpectedLife;Features;Finish;FireRating;GlazingAreaFraction;Grade;;Material;ModelLabel;ModelReference;NominalHeight;NominalLength;NominalWidth;OperationType;ProductionYear;Reference;ReplacementCost;Shape;Size;SustainabilityPerformance;WarrantyDescription;WarrantyDurationLabor;WarrantyDurationParts;WarrantyGuarantorLabor;WarrantyGuarantorParts;;;;;;;;;;;;;;;;;;;;;;;;;;;;;;;;;;;;;;;;;;;;;;;;;;;;;;;;;;;;;;;;FireRating;True;M_Casement:819mm x 759mm
1hOSvn6df7F8_7GcBWlSnC;IfcWindow;IfcWindow;M_Fixed:819mm x 759mm:819mm x 759mm:148722;819mm x 759mm;;Level 2;True;;;;;;;;;1;;;;;;;;;;;;;;;;;;;;;Level 2;;;;;;;;1.750999999999997;;;;;;;;;;;;;;;;;;;;;;;;;;;;;;;;;;;;;;;17;;AssetIdentifier;BarCode;;2.509999999999998;InstallationDate;SerialNumber;;TagNumber;WarrantyStartDate;New Construction;;;;;;;;;;;;;;;;;;;;;;;;;;;;Construction Type;;;;;;;;;;;;;0.0;;;;;;0.1;;;;0.759;;;;;;;;;;;;;0.8190000000000001;0.019;;;;;;;;;;;;;;;Manufacturer;23.30.20.17.11;Fixed Windows;;02;;;Sash;Sash;;Glass;;;;;;;Sash;;;;;;;;AccessibilityPerformance;Area;FIXED;;;CodePerformance;Color;ConfigurationType;Constituents;ConstructionType;ExpectedLife;Features;Finish;FireRating;GlazingAreaFraction;Grade;;Material;ModelLabel;ModelReference;NominalHeight;NominalLength;NominalWidth;OperationType;ProductionYear;Reference;ReplacementCost;Shape;Size;SustainabilityPerformance;WarrantyDescription;WarrantyDurationLabor;WarrantyDurationParts;WarrantyGuarantorLabor;WarrantyGuarantorParts;;;;;;;;;;;;;;;;;;;;;;;;;;;;;;;;;;;;;;;;;;;;;;;;;;;;;;;;;;;;;;;;FireRating;True;M_Fixed:819mm x 759mm
1hOSvn6df7F8_7GcBWlS_W;IfcWindow;IfcWindow;M_Fixed:2800mm x 2410mm:2800mm x 2410mm:149278;2800mm x 2410mm;;Level 2;True;;;;;;;;;1;;;;;;;;;;;;;;;;;;;;;Level 2;;;;;;;;0.1000000000000048;;;;;;;;;;;;;;;;;;;;;;;;;;;;;;;;;;;;;;;18;;AssetIdentifier;BarCode;;2.510000000000005;InstallationDate;SerialNumber;;TagNumber;WarrantyStartDate;New Construction;;;;;;;;;;;;;;;;;;;;;;;;;;;;Construction Type;;;;;;;;;;;;;0.0;;;;;;0.1;;;;2.41;;;;;;;;;;;;;2.8;0.019;;;;;;;;;;;;;;;Manufacturer;23.30.20.17.11;Fixed Windows;;01;;;Sash;Sash;;Glass;;;;;;;Sash;;;;;;;;AccessibilityPerformance;Area;FIXED;;;CodePerformance;Color;ConfigurationType;Constituents;ConstructionType;ExpectedLife;Features;Finish;FireRating;GlazingAreaFraction;Grade;;Material;ModelLabel;ModelReference;NominalHeight;NominalLength;NominalWidth;OperationType;ProductionYear;Reference;ReplacementCost;Shape;Size;SustainabilityPerformance;WarrantyDescription;WarrantyDurationLabor;WarrantyDurationParts;WarrantyGuarantorLabor;WarrantyGuarantorParts;;;;;;;;;;;;;;;;;;;;;;;;;;;;;;;;;;;;;;;;;;;;;;;;;;;;;;;;;;;;;;;;FireRating;True;M_Fixed:2800mm x 2410mm
1hOSvn6df7F8_7GcBWlS2V;IfcWindow;IfcWindow;M_Fixed:819mm x 759mm:819mm x 759mm:149537;819mm x 759mm;;Level 2;True;;;;;;;;;1;;;;;;;;;;;;;;;;;;;;;Level 2;;;;;;;;0.1000000000000048;;;;;;;;;;;;;;;;;;;;;;;;;;;;;;;;;;;;;;;19;;AssetIdentifier;BarCode;;0.8590000000000048;InstallationDate;SerialNumber;;TagNumber;WarrantyStartDate;New Construction;;;;;;;;;;;;;;;;;;;;;;;;;;;;Construction Type;;;;;;;;;;;;;0.0;;;;;;0.1;;;;0.759;;;;;;;;;;;;;0.8190000000000001;0.019;;;;;;;;;;;;;;;Manufacturer;23.30.20.17.11;Fixed Windows;;02;;;Sash;Sash;;Glass;;;;;;;Sash;;;;;;;;AccessibilityPerformance;Area;FIXED;;;CodePerformance;Color;ConfigurationType;Constituents;ConstructionType;ExpectedLife;Features;Finish;FireRating;GlazingAreaFraction;Grade;;Material;ModelLabel;ModelReference;NominalHeight;NominalLength;NominalWidth;OperationType;ProductionYear;Reference;ReplacementCost;Shape;Size;SustainabilityPerformance;WarrantyDescription;WarrantyDurationLabor;WarrantyDurationParts;WarrantyGuarantorLabor;WarrantyGuarantorParts;;;;;;;;;;;;;;;;;;;;;;;;;;;;;;;;;;;;;;;;;;;;;;;;;;;;;;;;;;;;;;;;FireRating;True;M_Fixed:819mm x 759mm
1hOSvn6df7F8_7GcBWlS1M;IfcWindow;IfcWindow;M_Casement:819mm x 759mm:819mm x 759mm:149736;819mm x 759mm;;Level 2;True;;;;;;;;;1;;;;;;;;;;;;;;;;;;;;;Level 2;;;;;;;;0.9255000000000001;;;;;;;;;;;;;;;;;;;;;;;;;;;;;;;;;;;;;;;20;;AssetIdentifier;BarCode;;1.6845;InstallationDate;SerialNumber;;TagNumber;WarrantyStartDate;New Construction;;;;;;;;;;;;;;;;;;;;;;;;;;;;Construction Type;;;;;;;;;;;;;0.0;;;;;;0.9149999999999999;;;;0.759;;;;;;;;;;;;;0.8190000000000001;0.019;;;;;;;;;;;;;;;Manufacturer;23.30.20.17.21.14;Casement Windows;;03;;;;;;Glass;;;;;;;Sash;;;;;;Trim;Trim;AccessibilityPerformance;Area;FIXED;;;CodePerformance;Color;ConfigurationType;Constituents;ConstructionType;ExpectedLife;Features;Finish;FireRating;GlazingAreaFraction;Grade;;Material;ModelLabel;ModelReference;NominalHeight;NominalLength;NominalWidth;OperationType;ProductionYear;Reference;ReplacementCost;Shape;Size;SustainabilityPerformance;WarrantyDescription;WarrantyDurationLabor;WarrantyDurationParts;WarrantyGuarantorLabor;WarrantyGuarantorParts;;;;;;;;;;;;;;;;;;;;;;;;;;;;;;;;;;;;;;;;;;;;;;;;;;;;;;;;;;;;;;;;FireRating;True;M_Casement:819mm x 759mm
1hOSvn6df7F8_7GcBWlS4Q;IfcWindow;IfcWindow;M_Fixed:819mm x 759mm:819mm x 759mm:149924;819mm x 759mm;;Level 2;True;;;;;;;;;1;;;;;;;;;;;;;;;;;;;;;Level 2;;;;;;;;1.751;;;;;;;;;;;;;;;;;;;;;;;;;;;;;;;;;;;;;;;21;;AssetIdentifier;BarCode;;2.51;InstallationDate;SerialNumber;;TagNumber;WarrantyStartDate;New Construction;;;;;;;;;;;;;;;;;;;;;;;;;;;;Construction Type;;;;;;;;;;;;;0.0;;;;;;0.1;;;;0.759;;;;;;;;;;;;;0.8190000000000001;0.019;;;;;;;;;;;;;;;Manufacturer;23.30.20.17.11;Fixed Windows;;02;;;Sash;Sash;;Glass;;;;;;;Sash;;;;;;;;AccessibilityPerformance;Area;FIXED;;;CodePerformance;Color;ConfigurationType;Constituents;ConstructionType;ExpectedLife;Features;Finish;FireRating;GlazingAreaFraction;Grade;;Material;ModelLabel;ModelReference;NominalHeight;NominalLength;NominalWidth;OperationType;ProductionYear;Reference;ReplacementCost;Shape;Size;SustainabilityPerformance;WarrantyDescription;WarrantyDurationLabor;WarrantyDurationParts;WarrantyGuarantorLabor;WarrantyGuarantorParts;;;;;;;;;;;;;;;;;;;;;;;;;;;;;;;;;;;;;;;;;;;;;;;;;;;;;;;;;;;;;;;;FireRating;True;M_Fixed:819mm x 759mm
1l0GAJtRTFv8$zmKJOH4$e;IfcWindow;IfcWindow;M_Fixed:2800mm x 2410mm:2800mm x 2410mm:180318;2800mm x 2410mm;;Level 2;True;;;;;;;;;1;;;;;;;;;;;;;;;;;;;;;Level 2;;;;;;;;0.1;;;;;;;;;;;;;;;;;;;;;;;;;;;;;;;;;;;;;;;22;;AssetIdentifier;BarCode;;2.51;InstallationDate;SerialNumber;;TagNumber;WarrantyStartDate;New Construction;;;;;;;;;;;;;;;;;;;;;;;;;;;;Construction Type;;;;;;;;;;;;;0.0;;;;;;0.1;;;;2.41;;;;;;;;;;;;;2.8;0.019;;;;;;;;;;;;;;;Manufacturer;23.30.20.17.11;Fixed Windows;;01;;;Sash;Sash;;Glass;;;;;;;Sash;;;;;;;;AccessibilityPerformance;Area;FIXED;;;CodePerformance;Color;ConfigurationType;Constituents;ConstructionType;ExpectedLife;Features;Finish;FireRating;GlazingAreaFraction;Grade;;Material;ModelLabel;ModelReference;NominalHeight;NominalLength;NominalWidth;OperationType;ProductionYear;Reference;ReplacementCost;Shape;Size;SustainabilityPerformance;WarrantyDescription;WarrantyDurationLabor;WarrantyDurationParts;WarrantyGuarantorLabor;WarrantyGuarantorParts;;;;;;;;;;;;;;;;;;;;;;;;;;;;;;;;;;;;;;;;;;;;;;;;;;;;;;;;;;;;;;;;FireRating;True;M_Fixed:2800mm x 2410mm
1l0GAJtRTFv8$zmKJOH4u1;IfcWindow;IfcWindow;M_Fixed:819mm x 759mm:819mm x 759mm:180663;819mm x 759mm;;Level 2;True;;;;;;;;;1;;;;;;;;;;;;;;;;;;;;;Level 2;;;;;;;;1.751;;;;;;;;;;;;;;;;;;;;;;;;;;;;;;;;;;;;;;;23;;AssetIdentifier;BarCode;;2.51;InstallationDate;SerialNumber;;TagNumber;WarrantyStartDate;New Construction;;;;;;;;;;;;;;;;;;;;;;;;;;;;Construction Type;;;;;;;;;;;;;0.0;;;;;;0.1;;;;0.759;;;;;;;;;;;;;0.8190000000000001;0.019;;;;;;;;;;;;;;;Manufacturer;23.30.20.17.11;Fixed Windows;;02;;;Sash;Sash;;Glass;;;;;;;Sash;;;;;;;;AccessibilityPerformance;Area;FIXED;;;CodePerformance;Color;ConfigurationType;Constituents;ConstructionType;ExpectedLife;Features;Finish;FireRating;GlazingAreaFraction;Grade;;Material;ModelLabel;ModelReference;NominalHeight;NominalLength;NominalWidth;OperationType;ProductionYear;Reference;ReplacementCost;Shape;Size;SustainabilityPerformance;WarrantyDescription;WarrantyDurationLabor;WarrantyDurationParts;WarrantyGuarantorLabor;WarrantyGuarantorParts;;;;;;;;;;;;;;;;;;;;;;;;;;;;;;;;;;;;;;;;;;;;;;;;;;;;;;;;;;;;;;;;FireRating;True;M_Fixed:819mm x 759mm
1l0GAJtRTFv8$zmKJOH4qs;IfcWindow;IfcWindow;M_Fixed:819mm x 759mm:819mm x 759mm:180864;819mm x 759mm;;Level 2;True;;;;;;;;;1;;;;;;;;;;;;;;;;;;;;;Level 2;;;;;;;;0.1;;;;;;;;;;;;;;;;;;;;;;;;;;;;;;;;;;;;;;;24;;AssetIdentifier;BarCode;;0.8590000000000001;InstallationDate;SerialNumber;;TagNumber;WarrantyStartDate;New Construction;;;;;;;;;;;;;;;;;;;;;;;;;;;;Construction Type;;;;;;;;;;;;;0.0;;;;;;0.1;;;;0.759;;;;;;;;;;;;;0.8190000000000001;0.019;;;;;;;;;;;;;;;Manufacturer;23.30.20.17.11;Fixed Windows;;02;;;Sash;Sash;;Glass;;;;;;;Sash;;;;;;;;AccessibilityPerformance;Area;FIXED;;;CodePerformance;Color;ConfigurationType;Constituents;ConstructionType;ExpectedLife;Features;Finish;FireRating;GlazingAreaFraction;Grade;;Material;ModelLabel;ModelReference;NominalHeight;NominalLength;NominalWidth;OperationType;ProductionYear;Reference;ReplacementCost;Shape;Size;SustainabilityPerformance;WarrantyDescription;WarrantyDurationLabor;WarrantyDurationParts;WarrantyGuarantorLabor;WarrantyGuarantorParts;;;;;;;;;;;;;;;;;;;;;;;;;;;;;;;;;;;;;;;;;;;;;;;;;;;;;;;;;;;;;;;;FireRating;True;M_Fixed:819mm x 759mm
1l0GAJtRTFv8$zmKJOH4oq;IfcWindow;IfcWindow;M_Casement:819mm x 759mm:819mm x 759mm:180994;819mm x 759mm;;Level 2;True;;;;;;;;;1;;;;;;;;;;;;;;;;;;;;;Level 2;;;;;;;;0.9255000000000001;;;;;;;;;;;;;;;;;;;;;;;;;;;;;;;;;;;;;;;25;;AssetIdentifier;BarCode;;1.6845;InstallationDate;SerialNumber;;TagNumber;WarrantyStartDate;New Construction;;;;;;;;;;;;;;;;;;;;;;;;;;;;Construction Type;;;;;;;;;;;;;0.0;;;;;;0.9149999999999999;;;;0.759;;;;;;;;;;;;;0.8190000000000001;0.019;;;;;;;;;;;;;;;Manufacturer;23.30.20.17.21.14;Casement Windows;;03;;;;;;Glass;;;;;;;Sash;;;;;;Trim;Trim;AccessibilityPerformance;Area;FIXED;;;CodePerformance;Color;ConfigurationType;Constituents;ConstructionType;ExpectedLife;Features;Finish;FireRating;GlazingAreaFraction;Grade;;Material;ModelLabel;ModelReference;NominalHeight;NominalLength;NominalWidth;OperationType;ProductionYear;Reference;ReplacementCost;Shape;Size;SustainabilityPerformance;WarrantyDescription;WarrantyDurationLabor;WarrantyDurationParts;WarrantyGuarantorLabor;WarrantyGuarantorParts;;;;;;;;;;;;;;;;;;;;;;;;;;;;;;;;;;;;;;;;;;;;;;;;;;;;;;;;;;;;;;;;FireRating;True;M_Casement:819mm x 759mm
1l0GAJtRTFv8$zmKJOH4pU;IfcWindow;IfcWindow;M_Fixed:2800mm x 2410mm:2800mm x 2410mm:181096;2800mm x 2410mm;;Level 2;True;;;;;;;;;1;;;;;;;;;;;;;;;;;;;;;Level 2;;;;;;;;0.1;;;;;;;;;;;;;;;;;;;;;;;;;;;;;;;;;;;;;;;26;;AssetIdentifier;BarCode;;2.51;InstallationDate;SerialNumber;;TagNumber;WarrantyStartDate;New Construction;;;;;;;;;;;;;;;;;;;;;;;;;;;;Construction Type;;;;;;;;;;;;;0.0;;;;;;0.1;;;;2.41;;;;;;;;;;;;;2.8;0.019;;;;;;;;;;;;;;;Manufacturer;23.30.20.17.11;Fixed Windows;;01;;;Sash;Sash;;Glass;;;;;;;Sash;;;;;;;;AccessibilityPerformance;Area;FIXED;;;CodePerformance;Color;ConfigurationType;Constituents;ConstructionType;ExpectedLife;Features;Finish;FireRating;GlazingAreaFraction;Grade;;Material;ModelLabel;ModelReference;NominalHeight;NominalLength;NominalWidth;OperationType;ProductionYear;Reference;ReplacementCost;Shape;Size;SustainabilityPerformance;WarrantyDescription;WarrantyDurationLabor;WarrantyDurationParts;WarrantyGuarantorLabor;WarrantyGuarantorParts;;;;;;;;;;;;;;;;;;;;;;;;;;;;;;;;;;;;;;;;;;;;;;;;;;;;;;;;;;;;;;;;FireRating;True;M_Fixed:2800mm x 2410mm
1l0GAJtRTFv8$zmKJOH4kJ;IfcWindow;IfcWindow;M_Fixed:819mm x 759mm:819mm x 759mm:181285;819mm x 759mm;;Level 2;True;;;;;;;;;1;;;;;;;;;;;;;;;;;;;;;Level 2;;;;;;;;1.751;;;;;;;;;;;;;;;;;;;;;;;;;;;;;;;;;;;;;;;27;;AssetIdentifier;BarCode;;2.51;InstallationDate;SerialNumber;;TagNumber;WarrantyStartDate;New Construction;;;;;;;;;;;;;;;;;;;;;;;;;;;;Construction Type;;;;;;;;;;;;;0.0;;;;;;0.1;;;;0.759;;;;;;;;;;;;;0.8190000000000001;0.019;;;;;;;;;;;;;;;Manufacturer;23.30.20.17.11;Fixed Windows;;02;;;Sash;Sash;;Glass;;;;;;;Sash;;;;;;;;AccessibilityPerformance;Area;FIXED;;;CodePerformance;Color;ConfigurationType;Constituents;ConstructionType;ExpectedLife;Features;Finish;FireRating;GlazingAreaFraction;Grade;;Material;ModelLabel;ModelReference;NominalHeight;NominalLength;NominalWidth;OperationType;ProductionYear;Reference;ReplacementCost;Shape;Size;SustainabilityPerformance;WarrantyDescription;WarrantyDurationLabor;WarrantyDurationParts;WarrantyGuarantorLabor;WarrantyGuarantorParts;;;;;;;;;;;;;;;;;;;;;;;;;;;;;;;;;;;;;;;;;;;;;;;;;;;;;;;;;;;;;;;;FireRating;True;M_Fixed:819mm x 759mm
1l0GAJtRTFv8$zmKJOH4gQ;IfcWindow;IfcWindow;M_Casement:819mm x 759mm:819mm x 759mm:181548;819mm x 759mm;;Level 2;True;;;;;;;;;1;;;;;;;;;;;;;;;;;;;;;Level 2;;;;;;;;0.9255000000000001;;;;;;;;;;;;;;;;;;;;;;;;;;;;;;;;;;;;;;;28;;AssetIdentifier;BarCode;;1.6845;InstallationDate;SerialNumber;;TagNumber;WarrantyStartDate;New Construction;;;;;;;;;;;;;;;;;;;;;;;;;;;;Construction Type;;;;;;;;;;;;;0.0;;;;;;0.9149999999999999;;;;0.759;;;;;;;;;;;;;0.8190000000000001;0.019;;;;;;;;;;;;;;;Manufacturer;23.30.20.17.21.14;Casement Windows;;03;;;;;;Glass;;;;;;;Sash;;;;;;Trim;Trim;AccessibilityPerformance;Area;FIXED;;;CodePerformance;Color;ConfigurationType;Constituents;ConstructionType;ExpectedLife;Features;Finish;FireRating;GlazingAreaFraction;Grade;;Material;ModelLabel;ModelReference;NominalHeight;NominalLength;NominalWidth;OperationType;ProductionYear;Reference;ReplacementCost;Shape;Size;SustainabilityPerformance;WarrantyDescription;WarrantyDurationLabor;WarrantyDurationParts;WarrantyGuarantorLabor;WarrantyGuarantorParts;;;;;;;;;;;;;;;;;;;;;;;;;;;;;;;;;;;;;;;;;;;;;;;;;;;;;;;;;;;;;;;;FireRating;True;M_Casement:819mm x 759mm
1l0GAJtRTFv8$zmKJOH4hv;IfcWindow;IfcWindow;M_Fixed:819mm x 759mm:819mm x 759mm:181583;819mm x 759mm;;Level 2;True;;;;;;;;;1;;;;;;;;;;;;;;;;;;;;;Level 2;;;;;;;;0.1;;;;;;;;;;;;;;;;;;;;;;;;;;;;;;;;;;;;;;;29;;AssetIdentifier;BarCode;;0.8590000000000001;InstallationDate;SerialNumber;;TagNumber;WarrantyStartDate;New Construction;;;;;;;;;;;;;;;;;;;;;;;;;;;;Construction Type;;;;;;;;;;;;;0.0;;;;;;0.1;;;;0.759;;;;;;;;;;;;;0.8190000000000001;0.019;;;;;;;;;;;;;;;Manufacturer;23.30.20.17.11;Fixed Windows;;02;;;Sash;Sash;;Glass;;;;;;;Sash;;;;;;;;AccessibilityPerformance;Area;FIXED;;;CodePerformance;Color;ConfigurationType;Constituents;ConstructionType;ExpectedLife;Features;Finish;FireRating;GlazingAreaFraction;Grade;;Material;ModelLabel;ModelReference;NominalHeight;NominalLength;NominalWidth;OperationType;ProductionYear;Reference;ReplacementCost;Shape;Size;SustainabilityPerformance;WarrantyDescription;WarrantyDurationLabor;WarrantyDurationParts;WarrantyGuarantorLabor;WarrantyGuarantorParts;;;;;;;;;;;;;;;;;;;;;;;;;;;;;;;;;;;;;;;;;;;;;;;;;;;;;;;;;;;;;;;;FireRating;True;M_Fixed:819mm x 759mm
1l0GAJtRTFv8$zmKJOH4aS;IfcWindow;IfcWindow;M_Fixed:750mm x 2200mm:750mm x 2200mm:181930;750mm x 2200mm;;Level 2;True;;;;;;;;;1;;;;;;;;;;;;;;;;;;;;;Level 2;;;;;;;;0.1;;;;;;;;;;;;;;;;;;;;;;;;;;;;;;;;;;;;;;;31;;AssetIdentifier;BarCode;;2.3;InstallationDate;SerialNumber;;TagNumber;WarrantyStartDate;New Construction;;;;;;;;;;;;;;;;;;;;;;;;;;;;Construction Type;;;;;;;;;;;;;0.0;;;;;;0.1;;;;2.2;;;;;;;;;;;;;0.7500000000000001;0.019;;;;;;;;;;;;;;;Manufacturer;23.30.20.17.11;Fixed Windows;;04;;;Sash;Sash;;Glass;;;;;;;Sash;;;;;;;;AccessibilityPerformance;Area;FIXED;;;CodePerformance;Color;ConfigurationType;Constituents;ConstructionType;ExpectedLife;Features;Finish;FireRating;GlazingAreaFraction;Grade;;Material;ModelLabel;ModelReference;NominalHeight;NominalLength;NominalWidth;OperationType;ProductionYear;Reference;ReplacementCost;Shape;Size;SustainabilityPerformance;WarrantyDescription;WarrantyDurationLabor;WarrantyDurationParts;WarrantyGuarantorLabor;WarrantyGuarantorParts;;;;;;;;;;;;;;;;;;;;;;;;;;;;;;;;;;;;;;;;;;;;;;;;;;;;;;;;;;;;;;;;FireRating;True;M_Fixed:750mm x 2200mm
1l0GAJtRTFv8$zmKJOH4ZZ;IfcWindow;IfcWindow;M_Fixed:750mm x 2200mm:750mm x 2200mm:182101;750mm x 2200mm;;Level 2;True;;;;;;;;;1;;;;;;;;;;;;;;;;;;;;;Level 2;;;;;;;;0.1;;;;;;;;;;;;;;;;;;;;;;;;;;;;;;;;;;;;;;;32;;AssetIdentifier;BarCode;;2.3;InstallationDate;SerialNumber;;TagNumber;WarrantyStartDate;New Construction;;;;;;;;;;;;;;;;;;;;;;;;;;;;Construction Type;;;;;;;;;;;;;0.0;;;;;;0.1;;;;2.2;;;;;;;;;;;;;0.7500000000000001;0.019;;;;;;;;;;;;;;;Manufacturer;23.30.20.17.11;Fixed Windows;;04;;;Sash;Sash;;Glass;;;;;;;Sash;;;;;;;;AccessibilityPerformance;Area;FIXED;;;CodePerformance;Color;ConfigurationType;Constituents;ConstructionType;ExpectedLife;Features;Finish;FireRating;GlazingAreaFraction;Grade;;Material;ModelLabel;ModelReference;NominalHeight;NominalLength;NominalWidth;OperationType;ProductionYear;Reference;ReplacementCost;Shape;Size;SustainabilityPerformance;WarrantyDescription;WarrantyDurationLabor;WarrantyDurationParts;WarrantyGuarantorLabor;WarrantyGuarantorParts;;;;;;;;;;;;;;;;;;;;;;;;;;;;;;;;;;;;;;;;;;;;;;;;;;;;;;;;;;;;;;;;FireRating;True;M_Fixed:750mm x 2200mm
1Eo2$BaHX42AEkDvQQDocD;IfcWindow;IfcWindow;M_Skylight:1180 x 1170mm:1180 x 1170mm:185337;1180 x 1170mm;;Roof;False;;;;;;;;;1;;;;;;;;;;;;;;;;;;;;;Roof;;False;;;;;;;;;;;;;;;;;;;;;;;;;;;;;;;;;;;;;;;;;;;;;33;;AssetIdentifier;BarCode;;;InstallationDate;SerialNumber;;TagNumber;WarrantyStartDate;New Construction;;;;;;;;;;;;;;;;;;;;;;;;;;;;Construction Type;;;;;;;;;;;;;;;;;;;;;;;1.17;;;;;;;;;;;;;1.118;;;;;;;;;;;;;;;;Manufacturer;23.30.20.21.14;Roof Windows;;36;;;;;Metal - Bronze, Light Brush;Glass;;;;;;;;Metal - Bronze, Light Brush;;;;;;;AccessibilityPerformance;Area;FIXED;;;CodePerformance;Color;ConfigurationType;Constituents;ConstructionType;ExpectedLife;Features;Finish;FireRating;GlazingAreaFraction;Grade;;Material;ModelLabel;ModelReference;NominalHeight;NominalLength;NominalWidth;OperationType;ProductionYear;Reference;ReplacementCost;Shape;Size;SustainabilityPerformance;WarrantyDescription;WarrantyDurationLabor;WarrantyDurationParts;WarrantyGuarantorLabor;WarrantyGuarantorParts;;;;;;;;;;;;;;;;;;;;;;;;;;;;;;;;;;;;;;;;;;;;;;;;;;;;;;;;;;;;;;;;FireRating;False;M_Skylight:1180 x 1170mm
1Eo2$BaHX42AEkDvQQDoy2;IfcWindow;IfcWindow;M_Skylight:1180 x 1170mm:1180 x 1170mm:185718;1180 x 1170mm;;Roof;False;;;;;;;;;1;;;;;;;;;;;;;;;;;;;;;Roof;;False;;;;;;;;;;;;;;;;;;;;;;;;;;;;;;;;;;;;;;;;;;;;;34;;AssetIdentifier;BarCode;;;InstallationDate;SerialNumber;;TagNumber;WarrantyStartDate;New Construction;;;;;;;;;;;;;;;;;;;;;;;;;;;;Construction Type;;;;;;;;;;;;;;;;;;;;;;;1.17;;;;;;;;;;;;;1.118;;;;;;;;;;;;;;;;Manufacturer;23.30.20.21.14;Roof Windows;;36;;;;;Metal - Bronze, Light Brush;Glass;;;;;;;;Metal - Bronze, Light Brush;;;;;;;AccessibilityPerformance;Area;FIXED;;;CodePerformance;Color;ConfigurationType;Constituents;ConstructionType;ExpectedLife;Features;Finish;FireRating;GlazingAreaFraction;Grade;;Material;ModelLabel;ModelReference;NominalHeight;NominalLength;NominalWidth;OperationType;ProductionYear;Reference;ReplacementCost;Shape;Size;SustainabilityPerformance;WarrantyDescription;WarrantyDurationLabor;WarrantyDurationParts;WarrantyGuarantorLabor;WarrantyGuarantorParts;;;;;;;;;;;;;;;;;;;;;;;;;;;;;;;;;;;;;;;;;;;;;;;;;;;;;;;;;;;;;;;;FireRating;False;M_Skylight:1180 x 1170mm
0wkEuT1wr1kOyafLY4v_O1;IfcStair;IfcStair;Stair:Residential - 200mm Max Riser 250mm Tread:151086;;;Level 1;False;;;;;;;;;1;23-30 70 21;Stairs;;;;;;;Level 1;0.0;;;;;;;;;;;;;;;;;;;;;;;Level 2;0.0;;;;;;;;;;;;16.0;0.1937500000000122;0.25;;16.0;;;;;;;;;;1.0;True;True;DN;False;True;True;UP;;;AssetIdentifier;BarCode;;;InstallationDate;SerialNumber;;TagNumber;WarrantyStartDate;New Construction;;;;;;;;;;;;;;;;;;;;;;;;;;;;;;0.0;0.0;;0.07599999999999998;False;;;;;1.0;;;;;;;;;;;;;;;;;;;;;;;;;;;;;;;;;True;;;Arial;0.008202099737532808;;;;Manufacturer;;;;;;;;;;;;;;;;Wood - Flooring;;;;Wood - Dimensional Lumber;;Wood - Flooring;;;AccessibilityPerformance;;FIXED;23-30 70 21;Stairs;CodePerformance;Color;;Constituents;;ExpectedLife;Features;Finish;;;Grade;;Material;ModelLabel;ModelReference;NominalHeight;NominalLength;NominalWidth;;ProductionYear;Reference;ReplacementCost;Shape;Size;SustainabilityPerformance;WarrantyDescription;WarrantyDurationLabor;WarrantyDurationParts;WarrantyGuarantorLabor;WarrantyGuarantorParts;True;True;0.2;0.0125;1.0;0.0;0.3075634918610404;1.0;0.0;0.0;1.0;0.152;0.4;0.05;1.0;;;;0.0;0.25;0.01;M_Stair Nosing - Radius : 20mm;0.05;;;;;;;;;;;;;;;;;;;;;False;16.0;15.0;Stair:Residential - 200mm Max Riser 250mm Tread;0.1937500000000122;0.25;;;;;;;;;;;;;;;;;
21ldoMpbP4VfsJ0XGY_34d;IfcStair;IfcStair;Stair:Residential - 200mm Max Riser 250mm Tread:198878;;;Level 1;False;;;;;;;;;1;23-30 70 21;Stairs;;;;;;;Level 1;0.0;;;;;;;;;;;;;;;;;;;;;;;Level 2;0.0;;;;;;;;;;;;16.0;0.1937500000000122;0.25;;16.0;;;;;;;;;;1.0;True;True;DN;False;True;True;UP;;;AssetIdentifier;BarCode;;;InstallationDate;SerialNumber;;TagNumber;WarrantyStartDate;New Construction;;;;;;;;;;;;;;;;;;;;;;;;;;;;;;0.0;0.0;;0.07599999999999998;False;;;;;1.0;;;;;;;;;;;;;;;;;;;;;;;;;;;;;;;;;True;;;Arial;0.008202099737532808;;;;Manufacturer;;;;;;;;;;;;;;;;Wood - Flooring;;;;Wood - Dimensional Lumber;;Wood - Flooring;;;AccessibilityPerformance;;FIXED;23-30 70 21;Stairs;CodePerformance;Color;;Constituents;;ExpectedLife;Features;Finish;;;Grade;;Material;ModelLabel;ModelReference;NominalHeight;NominalLength;NominalWidth;;ProductionYear;Reference;ReplacementCost;Shape;Size;SustainabilityPerformance;WarrantyDescription;WarrantyDurationLabor;WarrantyDurationParts;WarrantyGuarantorLabor;WarrantyGuarantorParts;True;True;0.2;0.0125;1.0;0.0;0.3075634918610404;1.0;0.0;0.0;1.0;0.152;0.4;0.05;1.0;;;;0.0;0.25;0.01;M_Stair Nosing - Radius : 20mm;0.05;;;;;;;;;;;;;;;;;;;;;False;16.0;15.0;Stair:Residential - 200mm Max Riser 250mm Tread;0.1937500000000122;0.25;;;;;;;;;;;;;;;;;
1oKjKg9PD3fP1iIwXLh3lK;IfcStairFlight;IfcStairFlight;Stair:Residential - 200mm Max Riser 250mm Tread:151086:1;;;Level 1;;;;;;;;;;1;;;;;;;;;;;;;;;;;;;;;;;;;;;;;;;;;;;;;;;;;;;;;;;;;;;;;;;;;;;;;;;;;;;;;;;;;;;;;;;;;;;;;;;;;;;;;;;;;;;;;;;;;;;;;;;;;;;;;;;;;;;;;;;;;;;;;;;;;;;;;;;;;;;;;;;;;;;;;;;;;;;;;;;;;;;;;;;;;;;;;;;;;;;;;;;;;;;;;;;;;;;;;;;;;;;;;;;;;;;;;;;;;;;;;;;;;;;;;;;;;;;;;;;;;;;;;;;;;;;;;;;;;;;;0.01;16.0;15.0;Stair:Residential - 200mm Max Riser 250mm Tread;0.1937500000000122;0.25;0.25;0.25;0.9144000000000001;0.4572000000000001;;;;;;;
3KMJUyUe9DfQ2FOCd5ZoiN;IfcStairFlight;IfcStairFlight;Stair:Residential - 200mm Max Riser 250mm Tread:198878:1;;;Level 1;;;;;;;;;;1;;;;;;;;;;;;;;;;;;;;;;;;;;;;;;;;;;;;;;;;;;;;;;;;;;;;;;;;;;;;;;;;;;;;;;;;;;;;;;;;;;;;;;;;;;;;;;;;;;;;;;;;;;;;;;;;;;;;;;;;;;;;;;;;;;;;;;;;;;;;;;;;;;;;;;;;;;;;;;;;;;;;;;;;;;;;;;;;;;;;;;;;;;;;;;;;;;;;;;;;;;;;;;;;;;;;;;;;;;;;;;;;;;;;;;;;;;;;;;;;;;;;;;;;;;;;;;;;;;;;;;;;;;;;0.01;16.0;15.0;Stair:Residential - 200mm Max Riser 250mm Tread;0.1937500000000122;0.25;0.25;0.25;0.9143999999999999;0.4571999999999999;;;;;;;
0wkEuT1wr1kOyafLY4v_PL;IfcRailing;IfcRailing;Railing:900mm Handrail Only:151162;;;Level 1;False;NOTDEFINED;;;;;;;;1;23-30 80 14;Handrails;;;;;;;;0.0;;;;;;;;;;;;;;;;;;;;;;;;;;;;;;;;;;;;;;;;;;4.74434284833011;;;;;;;;;;;;;;;;;;AssetIdentifier;BarCode;;;InstallationDate;SerialNumber;;TagNumber;WarrantyStartDate;New Construction;;;;;;;;;;;;;;;;;;;;;;;;;;0.0;-0.025;;;;;0.0;;;0.0;0.8999999999999999;2.0;;;0.0;;;;;;;;;;;;;;;;;;;;;;;;;;;;;;;;;;;;;;;;Manufacturer;;;;;;;;;;;;;;;;;;;;;;;;;AccessibilityPerformance;;FIXED;23-30 80 14;Handrails;CodePerformance;Color;;Constituents;;ExpectedLife;Features;Finish;;;Grade;;Material;ModelLabel;ModelReference;NominalHeight;NominalLength;NominalWidth;;ProductionYear;Reference;ReplacementCost;Shape;Size;SustainabilityPerformance;WarrantyDescription;WarrantyDurationLabor;WarrantyDurationParts;WarrantyGuarantorLabor;WarrantyGuarantorParts;;;;;;;;;;;;;;;;;;;;;;;;;;;;;;;;;;0.8999999999999999;False;Railing:900mm Handrail Only;;;;;;;;;;;;;;;;;;;;;;;;;;;;;;
0wkEuT1wr1kOyafLY4v_PH;IfcRailing;IfcRailing;Railing:1100mm Guard Rail:151166;;;Level 1;False;NOTDEFINED;;;;;;;;1;23-30 80 11;Guardrails;;;;;;;;0.0;;;;;;;;;;;;;;;;;;;;;;;;;;;;;;;;;;;;;;;;;;8.334342848330111;;;;;;;;;;;;;;;;;;AssetIdentifier;BarCode;;;InstallationDate;SerialNumber;;TagNumber;WarrantyStartDate;New Construction;;;;;;;;;;;;;;;;;;;;;;;;;;0.0;-0.025;;;;;0.0;;;0.0;1.1;2.0;;;0.0;;;;;;;;;;;;;;;;;;;;;;;;;;;;;;;;;;;;;;;;Manufacturer;;;;;;;;;;;;;;;;;;;;;;;;;AccessibilityPerformance;;FIXED;23-30 80 11;Guardrails;CodePerformance;Color;;Constituents;;ExpectedLife;Features;Finish;;;Grade;;Material;ModelLabel;ModelReference;NominalHeight;NominalLength;NominalWidth;;ProductionYear;Reference;ReplacementCost;Shape;Size;SustainabilityPerformance;WarrantyDescription;WarrantyDurationLabor;WarrantyDurationParts;WarrantyGuarantorLabor;WarrantyGuarantorParts;;;;;;;;;;;;;;;;;;;;;;;;;;;;;;;;;;1.1;False;Railing:1100mm Guard Rail;;;;;;;;;;;;;;;;;;;;;;;;;;;;;;
21ldoMpbP4VfsJ0XGY_34P;IfcRailing;IfcRailing;Railing:900mm Handrail Only:198880;;;Level 1;False;NOTDEFINED;;;;;;;;1;23-30 80 14;Handrails;;;;;;;;0.0;;;;;;;;;;;;;;;;;;;;;;;;;;;;;;;;;;;;;;;;;;4.74434284833011;;;;;;;;;;;;;;;;;;AssetIdentifier;BarCode;;;InstallationDate;SerialNumber;;TagNumber;WarrantyStartDate;New Construction;;;;;;;;;;;;;;;;;;;;;;;;;;0.0;-0.025;;;;;0.0;;;0.0;0.8999999999999999;2.0;;;0.0;;;;;;;;;;;;;;;;;;;;;;;;;;;;;;;;;;;;;;;;Manufacturer;;;;;;;;;;;;;;;;;;;;;;;;;AccessibilityPerformance;;FIXED;23-30 80 14;Handrails;CodePerformance;Color;;Constituents;;ExpectedLife;Features;Finish;;;Grade;;Material;ModelLabel;ModelReference;NominalHeight;NominalLength;NominalWidth;;ProductionYear;Reference;ReplacementCost;Shape;Size;SustainabilityPerformance;WarrantyDescription;WarrantyDurationLabor;WarrantyDurationParts;WarrantyGuarantorLabor;WarrantyGuarantorParts;;;;;;;;;;;;;;;;;;;;;;;;;;;;;;;;;;0.8999999999999999;False;Railing:900mm Handrail Only;;;;;;;;;;;;;;;;;;;;;;;;;;;;;;
21ldoMpbP4VfsJ0XGY_335;IfcRailing;IfcRailing;Railing:1100mm Guard Rail:198972;;;Level 1;False;NOTDEFINED;;;;;;;;1;23-30 80 11;Guardrails;;;;;;;;0.0;;;;;;;;;;;;;;;;;;;;;;;;;;;;;;;;;;;;;;;;;;8.33434284833011;;;;;;;;;;;;;;;;;;AssetIdentifier;BarCode;;;InstallationDate;SerialNumber;;TagNumber;WarrantyStartDate;New Construction;;;;;;;;;;;;;;;;;;;;;;;;;;0.0;-0.025;;;;;0.0;;;0.0;1.1;2.0;;;0.0;;;;;;;;;;;;;;;;;;;;;;;;;;;;;;;;;;;;;;;;Manufacturer;;;;;;;;;;;;;;;;;;;;;;;;;AccessibilityPerformance;;FIXED;23-30 80 11;Guardrails;CodePerformance;Color;;Constituents;;ExpectedLife;Features;Finish;;;Grade;;Material;ModelLabel;ModelReference;NominalHeight;NominalLength;NominalWidth;;ProductionYear;Reference;ReplacementCost;Shape;Size;SustainabilityPerformance;WarrantyDescription;WarrantyDurationLabor;WarrantyDurationParts;WarrantyGuarantorLabor;WarrantyGuarantorParts;;;;;;;;;;;;;;;;;;;;;;;;;;;;;;;;;;1.1;False;Railing:1100mm Guard Rail;;;;;;;;;;;;;;;;;;;;;;;;;;;;;;
0kF45Qs8L9PAM9kmb1lT5d;IfcFooting;IfcFooting.STRIP_FOOTING;Wall Foundation:Bearing Footing - 900 x 300:186596;;;T/FDN;;STRIP_FOOTING;;;;;;;;1;23-25 05 17;Shallow Foundations;;;;;;;;;;;;;0.0;;;;;;;;;;;;;;;;;;;;;;;;;;;;;;;;;;;;-1.55;17.38299999999999;;;;;;;4.936409999999995;0.9;;;;;;;;;;AssetIdentifier;BarCode;;;InstallationDate;SerialNumber;;TagNumber;WarrantyStartDate;New Construction;4.0;;;;;;;;;;;;;;;;;Rebar Cover 1 <0.025>;;;Rebar Cover 1 <0.025>;Rebar Cover 1 <0.025>;;;;;;;;;;;;;;;;;;;;;;;;0.0;;;False;0.3;;;;;;;;;;;;;;0.9;;;;;;;;;;;;;;;;Manufacturer;;;;;;;;;;;;;Concrete - Cast In Situ;;;;;;;;;;;;AccessibilityPerformance;;FIXED;23-25 05 17;Shallow Foundations;CodePerformance;Color;;Constituents;;ExpectedLife;Features;Finish;;;Grade;;Material;ModelLabel;ModelReference;NominalHeight;NominalLength;NominalWidth;;ProductionYear;Reference;ReplacementCost;Shape;Size;SustainabilityPerformance;WarrantyDescription;WarrantyDurationLabor;WarrantyDurationParts;WarrantyGuarantorLabor;WarrantyGuarantorParts;;;;;;;;;;;;;;;;;1.0;;;;;;;;;;;;;;;;;;;;;;;;;;;;;;;;;;;;;;;;;;;;;;;;;
0kF45Qs8L9PAM9kmb1lT5l;IfcFooting;IfcFooting.STRIP_FOOTING;Wall Foundation:Bearing Footing - 900 x 300:186604;;;T/FDN;;STRIP_FOOTING;;;;;;;;1;23-25 05 17;Shallow Foundations;;;;;;;;;;;;;0.0;;;;;;;;;;;;;;;;;;;;;;;;;;;;;;;;;;;;;8.382999999999976;;;;;;;2.263409999999996;0.9;;;;;;;;;;AssetIdentifier;BarCode;;;InstallationDate;SerialNumber;;TagNumber;WarrantyStartDate;New Construction;4.0;;;;;;;;;;;;;;;;;Rebar Cover 1 <0.025>;;;Rebar Cover 1 <0.025>;Rebar Cover 1 <0.025>;;;;;;;;;;;;;;;;;;;;;;;;0.0;;;False;0.3;;;;;;;;;;;;;;0.9;;;;;;;;;;;;;;;;Manufacturer;;;;;;;;;;;;;Concrete - Cast In Situ;;;;;;;;;;;;AccessibilityPerformance;;FIXED;23-25 05 17;Shallow Foundations;CodePerformance;Color;;Constituents;;ExpectedLife;Features;Finish;;;Grade;;Material;ModelLabel;ModelReference;NominalHeight;NominalLength;NominalWidth;;ProductionYear;Reference;ReplacementCost;Shape;Size;SustainabilityPerformance;WarrantyDescription;WarrantyDurationLabor;WarrantyDurationParts;WarrantyGuarantorLabor;WarrantyGuarantorParts;;;;;;;;;;;;;;;;;1.0;;;;;;;;;;;;;;;;;;;;;;;;;;;;;;;;;;;;;;;;;;;;;;;;;
0kF45Qs8L9PAM9kmb1lT5t;IfcFooting;IfcFooting.STRIP_FOOTING;Wall Foundation:Bearing Footing - 900 x 300:186612;;;T/FDN;;STRIP_FOOTING;;;;;;;;1;23-25 05 17;Shallow Foundations;;;;;;;;;;;;;0.0;;;;;;;;;;;;;;;;;;;;;;;;;;;;;;;;;;;;;16.96599999999998;;;;;;;4.693409999999997;0.9;;;;;;;;;;AssetIdentifier;BarCode;;;InstallationDate;SerialNumber;;TagNumber;WarrantyStartDate;New Construction;4.0;;;;;;;;;;;;;;;;;Rebar Cover 1 <0.025>;;;Rebar Cover 1 <0.025>;Rebar Cover 1 <0.025>;;;;;;;;;;;;;;;;;;;;;;;;0.0;;;False;0.3;;;;;;;;;;;;;;0.9;;;;;;;;;;;;;;;;Manufacturer;;;;;;;;;;;;;Concrete - Cast In Situ;;;;;;;;;;;;AccessibilityPerformance;;FIXED;23-25 05 17;Shallow Foundations;CodePerformance;Color;;Constituents;;ExpectedLife;Features;Finish;;;Grade;;Material;ModelLabel;ModelReference;NominalHeight;NominalLength;NominalWidth;;ProductionYear;Reference;ReplacementCost;Shape;Size;SustainabilityPerformance;WarrantyDescription;WarrantyDurationLabor;WarrantyDurationParts;WarrantyGuarantorLabor;WarrantyGuarantorParts;;;;;;;;;;;;;;;;;1.0;;;;;;;;;;;;;;;;;;;;;;;;;;;;;;;;;;;;;;;;;;;;;;;;;
0kF45Qs8L9PAM9kmb1lT5$;IfcFooting;IfcFooting.STRIP_FOOTING;Wall Foundation:Bearing Footing - 900 x 300:186620;;;T/FDN;;STRIP_FOOTING;;;;;;;;1;23-25 05 17;Shallow Foundations;;;;;;;;;;;;;0.0;;;;;;;;;;;;;;;;;;;;;;;;;;;;;;;;;;;;;8.800000000000002;;;;;;;2.02041;0.9;;;;;;;;;;AssetIdentifier;BarCode;;;InstallationDate;SerialNumber;;TagNumber;WarrantyStartDate;New Construction;4.0;;;;;;;;;;;;;;;;;Rebar Cover 1 <0.025>;;;Rebar Cover 1 <0.025>;Rebar Cover 1 <0.025>;;;;;;;;;;;;;;;;;;;;;;;;0.0;;;False;0.3;;;;;;;;;;;;;;0.9;;;;;;;;;;;;;;;;Manufacturer;;;;;;;;;;;;;Concrete - Cast In Situ;;;;;;;;;;;;AccessibilityPerformance;;FIXED;23-25 05 17;Shallow Foundations;CodePerformance;Color;;Constituents;;ExpectedLife;Features;Finish;;;Grade;;Material;ModelLabel;ModelReference;NominalHeight;NominalLength;NominalWidth;;ProductionYear;Reference;ReplacementCost;Shape;Size;SustainabilityPerformance;WarrantyDescription;WarrantyDurationLabor;WarrantyDurationParts;WarrantyGuarantorLabor;WarrantyGuarantorParts;;;;;;;;;;;;;;;;;1.0;;;;;;;;;;;;;;;;;;;;;;;;;;;;;;;;;;;;;;;;;;;;;;;;;
0kF45Qs8L9PAM9kmb1lT2B;IfcFooting;IfcFooting.STRIP_FOOTING;Wall Foundation:Bearing Footing - 900 x 300:186632;;;T/FDN;;STRIP_FOOTING;;;;;;;;1;23-25 05 17;Shallow Foundations;;;;;;;;;;;;;0.0;;;;;;;;;;;;;;;;;;;;;;;;;;;;;;;;;;;;;4.200499999999994;;;;;;;1.131705;0.9;;;;;;;;;;AssetIdentifier;BarCode;;;InstallationDate;SerialNumber;;TagNumber;WarrantyStartDate;New Construction;4.0;;;;;;;;;;;;;;;;;Rebar Cover 1 <0.025>;;;Rebar Cover 1 <0.025>;Rebar Cover 1 <0.025>;;;;;;;;;;;;;;;;;;;;;;;;0.0;;;False;0.3;;;;;;;;;;;;;;0.9;;;;;;;;;;;;;;;;Manufacturer;;;;;;;;;;;;;Concrete - Cast In Situ;;;;;;;;;;;;AccessibilityPerformance;;FIXED;23-25 05 17;Shallow Foundations;CodePerformance;Color;;Constituents;;ExpectedLife;Features;Finish;;;Grade;;Material;ModelLabel;ModelReference;NominalHeight;NominalLength;NominalWidth;;ProductionYear;Reference;ReplacementCost;Shape;Size;SustainabilityPerformance;WarrantyDescription;WarrantyDurationLabor;WarrantyDurationParts;WarrantyGuarantorLabor;WarrantyGuarantorParts;;;;;;;;;;;;;;;;;1.0;;;;;;;;;;;;;;;;;;;;;;;;;;;;;;;;;;;;;;;;;;;;;;;;;
0kF45Qs8L9PAM9kmb1lT2N;IfcFooting;IfcFooting.STRIP_FOOTING;Wall Foundation:Bearing Footing - 900 x 300:186644;;;T/FDN;;STRIP_FOOTING;;;;;;;;1;23-25 05 17;Shallow Foundations;;;;;;;;;;;;;0.0;;;;;;;;;;;;;;;;;;;;;;;;;;;;;;;;;;;;;1.765000000000027;;;;;;;0.5940000000000077;0.9;;;;;;;;;;AssetIdentifier;BarCode;;;InstallationDate;SerialNumber;;TagNumber;WarrantyStartDate;New Construction;4.0;;;;;;;;;;;;;;;;;Rebar Cover 1 <0.025>;;;Rebar Cover 1 <0.025>;Rebar Cover 1 <0.025>;;;;;;;;;;;;;;;;;;;;;;;;0.0;;;False;0.3;;;;;;;;;;;;;;0.9;;;;;;;;;;;;;;;;Manufacturer;;;;;;;;;;;;;Concrete - Cast In Situ;;;;;;;;;;;;AccessibilityPerformance;;FIXED;23-25 05 17;Shallow Foundations;CodePerformance;Color;;Constituents;;ExpectedLife;Features;Finish;;;Grade;;Material;ModelLabel;ModelReference;NominalHeight;NominalLength;NominalWidth;;ProductionYear;Reference;ReplacementCost;Shape;Size;SustainabilityPerformance;WarrantyDescription;WarrantyDurationLabor;WarrantyDurationParts;WarrantyGuarantorLabor;WarrantyGuarantorParts;;;;;;;;;;;;;;;;;1.0;;;;;;;;;;;;;;;;;;;;;;;;;;;;;;;;;;;;;;;;;;;;;;;;;
0kF45Qs8L9PAM9kmb1lT2Z;IfcFooting;IfcFooting.STRIP_FOOTING;Wall Foundation:Bearing Footing - 900 x 300:186656;;;T/FDN;;STRIP_FOOTING;;;;;;;;1;23-25 05 17;Shallow Foundations;;;;;;;;;;;;;0.0;;;;;;;;;;;;;;;;;;;;;;;;;;;;;;;;;;;;;4.200499999999992;;;;;;;0.8887049999999972;0.9;;;;;;;;;;AssetIdentifier;BarCode;;;InstallationDate;SerialNumber;;TagNumber;WarrantyStartDate;New Construction;4.0;;;;;;;;;;;;;;;;;Rebar Cover 1 <0.025>;;;Rebar Cover 1 <0.025>;Rebar Cover 1 <0.025>;;;;;;;;;;;;;;;;;;;;;;;;0.0;;;False;0.3;;;;;;;;;;;;;;0.9;;;;;;;;;;;;;;;;Manufacturer;;;;;;;;;;;;;Concrete - Cast In Situ;;;;;;;;;;;;AccessibilityPerformance;;FIXED;23-25 05 17;Shallow Foundations;CodePerformance;Color;;Constituents;;ExpectedLife;Features;Finish;;;Grade;;Material;ModelLabel;ModelReference;NominalHeight;NominalLength;NominalWidth;;ProductionYear;Reference;ReplacementCost;Shape;Size;SustainabilityPerformance;WarrantyDescription;WarrantyDurationLabor;WarrantyDurationParts;WarrantyGuarantorLabor;WarrantyGuarantorParts;;;;;;;;;;;;;;;;;1.0;;;;;;;;;;;;;;;;;;;;;;;;;;;;;;;;;;;;;;;;;;;;;;;;;
0wkEuT1wr1kOyafLY4vyu$;IfcFurnishingElement;IfcFurnishingElement;M_Tall Cabinet-Single Door(2):800 mm:800 mm:157200;800 mm;;B202;;;;;;;;;;1;;;;;;;;;;;;;;;;;;;Floor : Residential - Wood Joist with Subflooring;;Level 2;;False;0.0;;;;;;;;;;;;;;;;;;;;;;;;;;;;;;;;;;;;;;;;;;;;;;AssetIdentifier;BarCode;;;InstallationDate;SerialNumber;;TagNumber;WarrantyStartDate;New Construction;;;;;;;;;;;;;;;;;;;;;;;;;;;;Construction Type;;;;;;;;;;;;;;;;;;;;0.5199999999999999;;;2.0;;0.035;0.16;;;;;;;;;;0.8;;;;;;;;;;;;;;;;Manufacturer;23.40.35.17.47.11;Kitchen Casework;;;;Finish;;;;;Cabinets - Handles;;;;Cabinets - Panel;;;;;;;;;;AccessibilityPerformance;Area;FIXED;;;CodePerformance;Color;;Constituents;;ExpectedLife;Features;Finish;;;Grade;;Material;ModelLabel;ModelReference;NominalHeight;NominalLength;NominalWidth;;ProductionYear;Reference;ReplacementCost;Shape;Size;SustainabilityPerformance;WarrantyDescription;WarrantyDurationLabor;WarrantyDurationParts;WarrantyGuarantorLabor;WarrantyGuarantorParts;;;;;;;;;;;;;;;;;;;;;;;;;;;;;;;;;;;;;;;;;;;;;;;;;;;;;;;;;;;;;;;;;;
0wkEuT1wr1kOyafLY4vy_8;IfcFurnishingElement;IfcFurnishingElement;M_Tall Cabinet-Single Door(2):800 mm:800 mm:157607;800 mm;;B202;;;;;;;;;;1;;;;;;;;;;;;;;;;;;;Floor : Residential - Wood Joist with Subflooring;;Level 2;;False;0.0;;;;;;;;;;;;;;;;;;;;;;;;;;;;;;;;;;;;;;;;;;;;;;AssetIdentifier;BarCode;;;InstallationDate;SerialNumber;;TagNumber;WarrantyStartDate;New Construction;;;;;;;;;;;;;;;;;;;;;;;;;;;;Construction Type;;;;;;;;;;;;;;;;;;;;0.5199999999999999;;;2.0;;0.035;0.16;;;;;;;;;;0.8;;;;;;;;;;;;;;;;Manufacturer;23.40.35.17.47.11;Kitchen Casework;;;;Finish;;;;;Cabinets - Handles;;;;Cabinets - Panel;;;;;;;;;;AccessibilityPerformance;Area;FIXED;;;CodePerformance;Color;;Constituents;;ExpectedLife;Features;Finish;;;Grade;;Material;ModelLabel;ModelReference;NominalHeight;NominalLength;NominalWidth;;ProductionYear;Reference;ReplacementCost;Shape;Size;SustainabilityPerformance;WarrantyDescription;WarrantyDurationLabor;WarrantyDurationParts;WarrantyGuarantorLabor;WarrantyGuarantorParts;;;;;;;;;;;;;;;;;;;;;;;;;;;;;;;;;;;;;;;;;;;;;;;;;;;;;;;;;;;;;;;;;;
0wkEuT1wr1kOyafLY4vy3H;IfcFurnishingElement;IfcFurnishingElement;M_Tall Cabinet-Single Door(2):800 mm:800 mm:157950;800 mm;;A203;;;;;;;;;;1;;;;;;;;;;;;;;;;;;;Floor : Residential - Wood Joist with Subflooring;;Level 2;;False;0.0;;;;;;;;;;;;;;;;;;;;;;;;;;;;;;;;;;;;;;;;;;;;;;AssetIdentifier;BarCode;;;InstallationDate;SerialNumber;;TagNumber;WarrantyStartDate;New Construction;;;;;;;;;;;;;;;;;;;;;;;;;;;;Construction Type;;;;;;;;;;;;;;;;;;;;0.5199999999999999;;;2.0;;0.035;0.16;;;;;;;;;;0.8;;;;;;;;;;;;;;;;Manufacturer;23.40.35.17.47.11;Kitchen Casework;;;;Finish;;;;;Cabinets - Handles;;;;Cabinets - Panel;;;;;;;;;;AccessibilityPerformance;Area;FIXED;;;CodePerformance;Color;;Constituents;;ExpectedLife;Features;Finish;;;Grade;;Material;ModelLabel;ModelReference;NominalHeight;NominalLength;NominalWidth;;ProductionYear;Reference;ReplacementCost;Shape;Size;SustainabilityPerformance;WarrantyDescription;WarrantyDurationLabor;WarrantyDurationParts;WarrantyGuarantorLabor;WarrantyGuarantorParts;;;;;;;;;;;;;;;;;;;;;;;;;;;;;;;;;;;;;;;;;;;;;;;;;;;;;;;;;;;;;;;;;;
0wkEuT1wr1kOyafLY4vy3G;IfcFurnishingElement;IfcFurnishingElement;M_Tall Cabinet-Single Door(2):800 mm:800 mm:157951;800 mm;;A203;;;;;;;;;;1;;;;;;;;;;;;;;;;;;;Floor : Residential - Wood Joist with Subflooring;;Level 2;;False;0.0;;;;;;;;;;;;;;;;;;;;;;;;;;;;;;;;;;;;;;;;;;;;;;AssetIdentifier;BarCode;;;InstallationDate;SerialNumber;;TagNumber;WarrantyStartDate;New Construction;;;;;;;;;;;;;;;;;;;;;;;;;;;;Construction Type;;;;;;;;;;;;;;;;;;;;0.5199999999999999;;;2.0;;0.035;0.16;;;;;;;;;;0.8;;;;;;;;;;;;;;;;Manufacturer;23.40.35.17.47.11;Kitchen Casework;;;;Finish;;;;;Cabinets - Handles;;;;Cabinets - Panel;;;;;;;;;;AccessibilityPerformance;Area;FIXED;;;CodePerformance;Color;;Constituents;;ExpectedLife;Features;Finish;;;Grade;;Material;ModelLabel;ModelReference;NominalHeight;NominalLength;NominalWidth;;ProductionYear;Reference;ReplacementCost;Shape;Size;SustainabilityPerformance;WarrantyDescription;WarrantyDurationLabor;WarrantyDurationParts;WarrantyGuarantorLabor;WarrantyGuarantorParts;;;;;;;;;;;;;;;;;;;;;;;;;;;;;;;;;;;;;;;;;;;;;;;;;;;;;;;;;;;;;;;;;;
0wkEuT1wr1kOyafLY4vy4m;IfcFurnishingElement;IfcFurnishingElement;M_Tall Cabinet-Single Door(2):800 mm:800 mm:157983;800 mm;;A202;;;;;;;;;;1;;;;;;;;;;;;;;;;;;;Floor : Residential - Wood Joist with Subflooring;;Level 2;;False;0.0;;;;;;;;;;;;;;;;;;;;;;;;;;;;;;;;;;;;;;;;;;;;;;AssetIdentifier;BarCode;;;InstallationDate;SerialNumber;;TagNumber;WarrantyStartDate;New Construction;;;;;;;;;;;;;;;;;;;;;;;;;;;;Construction Type;;;;;;;;;;;;;;;;;;;;0.5199999999999999;;;2.0;;0.035;0.16;;;;;;;;;;0.8;;;;;;;;;;;;;;;;Manufacturer;23.40.35.17.47.11;Kitchen Casework;;;;Finish;;;;;Cabinets - Handles;;;;Cabinets - Panel;;;;;;;;;;AccessibilityPerformance;Area;FIXED;;;CodePerformance;Color;;Constituents;;ExpectedLife;Features;Finish;;;Grade;;Material;ModelLabel;ModelReference;NominalHeight;NominalLength;NominalWidth;;ProductionYear;Reference;ReplacementCost;Shape;Size;SustainabilityPerformance;WarrantyDescription;WarrantyDurationLabor;WarrantyDurationParts;WarrantyGuarantorLabor;WarrantyGuarantorParts;;;;;;;;;;;;;;;;;;;;;;;;;;;;;;;;;;;;;;;;;;;;;;;;;;;;;;;;;;;;;;;;;;
0wkEuT1wr1kOyafLY4vy4F;IfcFurnishingElement;IfcFurnishingElement;M_Tall Cabinet-Single Door(2):800 mm:800 mm:157984;800 mm;;A202;;;;;;;;;;1;;;;;;;;;;;;;;;;;;;Floor : Residential - Wood Joist with Subflooring;;Level 2;;False;0.0;;;;;;;;;;;;;;;;;;;;;;;;;;;;;;;;;;;;;;;;;;;;;;AssetIdentifier;BarCode;;;InstallationDate;SerialNumber;;TagNumber;WarrantyStartDate;New Construction;;;;;;;;;;;;;;;;;;;;;;;;;;;;Construction Type;;;;;;;;;;;;;;;;;;;;0.5199999999999999;;;2.0;;0.035;0.16;;;;;;;;;;0.8;;;;;;;;;;;;;;;;Manufacturer;23.40.35.17.47.11;Kitchen Casework;;;;Finish;;;;;Cabinets - Handles;;;;Cabinets - Panel;;;;;;;;;;AccessibilityPerformance;Area;FIXED;;;CodePerformance;Color;;Constituents;;ExpectedLife;Features;Finish;;;Grade;;Material;ModelLabel;ModelReference;NominalHeight;NominalLength;NominalWidth;;ProductionYear;Reference;ReplacementCost;Shape;Size;SustainabilityPerformance;WarrantyDescription;WarrantyDurationLabor;WarrantyDurationParts;WarrantyGuarantorLabor;WarrantyGuarantorParts;;;;;;;;;;;;;;;;;;;;;;;;;;;;;;;;;;;;;;;;;;;;;;;;;;;;;;;;;;;;;;;;;;
0wkEuT1wr1kOyafLY4vy6l;IfcFurnishingElement;IfcFurnishingElement;M_Tall Cabinet-Single Door(2):800 mm:800 mm:158080;800 mm;;B203;;;;;;;;;;1;;;;;;;;;;;;;;;;;;;Floor : Residential - Wood Joist with Subflooring;;Level 2;;False;0.0;;;;;;;;;;;;;;;;;;;;;;;;;;;;;;;;;;;;;;;;;;;;;;AssetIdentifier;BarCode;;;InstallationDate;SerialNumber;;TagNumber;WarrantyStartDate;New Construction;;;;;;;;;;;;;;;;;;;;;;;;;;;;Construction Type;;;;;;;;;;;;;;;;;;;;0.5199999999999999;;;2.0;;0.035;0.16;;;;;;;;;;0.8;;;;;;;;;;;;;;;;Manufacturer;23.40.35.17.47.11;Kitchen Casework;;;;Finish;;;;;Cabinets - Handles;;;;Cabinets - Panel;;;;;;;;;;AccessibilityPerformance;Area;FIXED;;;CodePerformance;Color;;Constituents;;ExpectedLife;Features;Finish;;;Grade;;Material;ModelLabel;ModelReference;NominalHeight;NominalLength;NominalWidth;;ProductionYear;Reference;ReplacementCost;Shape;Size;SustainabilityPerformance;WarrantyDescription;WarrantyDurationLabor;WarrantyDurationParts;WarrantyGuarantorLabor;WarrantyGuarantorParts;;;;;;;;;;;;;;;;;;;;;;;;;;;;;;;;;;;;;;;;;;;;;;;;;;;;;;;;;;;;;;;;;;
0wkEuT1wr1kOyafLY4vy6k;IfcFurnishingElement;IfcFurnishingElement;M_Tall Cabinet-Single Door(2):800 mm:800 mm:158081;800 mm;;B203;;;;;;;;;;1;;;;;;;;;;;;;;;;;;;Floor : Residential - Wood Joist with Subflooring;;Level 2;;False;0.0;;;;;;;;;;;;;;;;;;;;;;;;;;;;;;;;;;;;;;;;;;;;;;AssetIdentifier;BarCode;;;InstallationDate;SerialNumber;;TagNumber;WarrantyStartDate;New Construction;;;;;;;;;;;;;;;;;;;;;;;;;;;;Construction Type;;;;;;;;;;;;;;;;;;;;0.5199999999999999;;;2.0;;0.035;0.16;;;;;;;;;;0.8;;;;;;;;;;;;;;;;Manufacturer;23.40.35.17.47.11;Kitchen Casework;;;;Finish;;;;;Cabinets - Handles;;;;Cabinets - Panel;;;;;;;;;;AccessibilityPerformance;Area;FIXED;;;CodePerformance;Color;;Constituents;;ExpectedLife;Features;Finish;;;Grade;;Material;ModelLabel;ModelReference;NominalHeight;NominalLength;NominalWidth;;ProductionYear;Reference;ReplacementCost;Shape;Size;SustainabilityPerformance;WarrantyDescription;WarrantyDurationLabor;WarrantyDurationParts;WarrantyGuarantorLabor;WarrantyGuarantorParts;;;;;;;;;;;;;;;;;;;;;;;;;;;;;;;;;;;;;;;;;;;;;;;;;;;;;;;;;;;;;;;;;;
0wkEuT1wr1kOyafLY4vyMO;IfcFurnishingElement;IfcFurnishingElement;M_Base Cabinet-Double Door & 2 Drawer:1000mm:1000mm:159159;1000mm;;B103;;;;;;;;;;1;;;;;;;;;;;;;;;;;;;Floor : 127mm Slab on Grade;;Level 1;;False;0.0;;;;;;;;;;;;;;;;;;;;;;;;;;;;;;;;;;;;;;;;;;;;;;AssetIdentifier;BarCode;;;InstallationDate;SerialNumber;;TagNumber;WarrantyStartDate;New Construction;;;;;;;;;;;;;;;;;;;;;;;;;;;;Construction Type;;;;;;;;;;;;;;;;;;;;0.6000000000000001;;;0.8600000000000001;;0.035;0.1;;;;;;;;;;1.0;;;;;;;;;;;;;;;;Manufacturer;23.40.35.17.47.11;Kitchen Casework;;;;Finish;;;;;Cabinets - Handles;;;;;;;;;;;;;;AccessibilityPerformance;Area;FIXED;;;CodePerformance;Color;;Constituents;;ExpectedLife;Features;Finish;;;Grade;;Material;ModelLabel;ModelReference;NominalHeight;NominalLength;NominalWidth;;ProductionYear;Reference;ReplacementCost;Shape;Size;SustainabilityPerformance;WarrantyDescription;WarrantyDurationLabor;WarrantyDurationParts;WarrantyGuarantorLabor;WarrantyGuarantorParts;;;;;;;;;;;;;;;;;;;;;;;;;;;;;;;;;;;;;;;;;;;;;;;;;;;;;;;;;;;;;;;;;;
0wkEuT1wr1kOyafLY4vyOn;IfcFurnishingElement;IfcFurnishingElement;M_Base Cabinet-Double Door & 2 Drawer:1000mm:1000mm:159262;1000mm;;B103;;;;;;;;;;1;;;;;;;;;;;;;;;;;;;Floor : 127mm Slab on Grade;;Level 1;;False;0.0;;;;;;;;;;;;;;;;;;;;;;;;;;;;;;;;;;;;;;;;;;;;;;AssetIdentifier;BarCode;;;InstallationDate;SerialNumber;;TagNumber;WarrantyStartDate;New Construction;;;;;;;;;;;;;;;;;;;;;;;;;;;;Construction Type;;;;;;;;;;;;;;;;;;;;0.6000000000000001;;;0.8600000000000001;;0.035;0.1;;;;;;;;;;1.0;;;;;;;;;;;;;;;;Manufacturer;23.40.35.17.47.11;Kitchen Casework;;;;Finish;;;;;Cabinets - Handles;;;;;;;;;;;;;;AccessibilityPerformance;Area;FIXED;;;CodePerformance;Color;;Constituents;;ExpectedLife;Features;Finish;;;Grade;;Material;ModelLabel;ModelReference;NominalHeight;NominalLength;NominalWidth;;ProductionYear;Reference;ReplacementCost;Shape;Size;SustainabilityPerformance;WarrantyDescription;WarrantyDurationLabor;WarrantyDurationParts;WarrantyGuarantorLabor;WarrantyGuarantorParts;;;;;;;;;;;;;;;;;;;;;;;;;;;;;;;;;;;;;;;;;;;;;;;;;;;;;;;;;;;;;;;;;;
2OBrcmyk58NupXoVOHUvGQ;IfcFurnishingElement;IfcFurnishingElement;M_Base Cabinet-Double Door & 2 Drawer:1000mm:1000mm:160671;1000mm;;B103;;;;;;;;;;1;;;;;;;;;;;;;;;;;;;Floor : 127mm Slab on Grade;;Level 1;;False;0.0;;;;;;;;;;;;;;;;;;;;;;;;;;;;;;;;;;;;;;;;;;;;;;AssetIdentifier;BarCode;;;InstallationDate;SerialNumber;;TagNumber;WarrantyStartDate;New Construction;;;;;;;;;;;;;;;;;;;;;;;;;;;;Construction Type;;;;;;;;;;;;;;;;;;;;0.6000000000000001;;;0.8600000000000001;;0.035;0.1;;;;;;;;;;1.0;;;;;;;;;;;;;;;;Manufacturer;23.40.35.17.47.11;Kitchen Casework;;;;Finish;;;;;Cabinets - Handles;;;;;;;;;;;;;;AccessibilityPerformance;Area;FIXED;;;CodePerformance;Color;;Constituents;;ExpectedLife;Features;Finish;;;Grade;;Material;ModelLabel;ModelReference;NominalHeight;NominalLength;NominalWidth;;ProductionYear;Reference;ReplacementCost;Shape;Size;SustainabilityPerformance;WarrantyDescription;WarrantyDurationLabor;WarrantyDurationParts;WarrantyGuarantorLabor;WarrantyGuarantorParts;;;;;;;;;;;;;;;;;;;;;;;;;;;;;;;;;;;;;;;;;;;;;;;;;;;;;;;;;;;;;;;;;;
2OBrcmyk58NupXoVOHUvH8;IfcFurnishingElement;IfcFurnishingElement;M_Base Cabinet-Double Door & 2 Drawer:1000mm:1000mm:160717;1000mm;;B103;;;;;;;;;;1;;;;;;;;;;;;;;;;;;;Floor : 127mm Slab on Grade;;Level 1;;False;0.0;;;;;;;;;;;;;;;;;;;;;;;;;;;;;;;;;;;;;;;;;;;;;;AssetIdentifier;BarCode;;;InstallationDate;SerialNumber;;TagNumber;WarrantyStartDate;New Construction;;;;;;;;;;;;;;;;;;;;;;;;;;;;Construction Type;;;;;;;;;;;;;;;;;;;;0.6000000000000001;;;0.8600000000000001;;0.035;0.1;;;;;;;;;;1.0;;;;;;;;;;;;;;;;Manufacturer;23.40.35.17.47.11;Kitchen Casework;;;;Finish;;;;;Cabinets - Handles;;;;;;;;;;;;;;AccessibilityPerformance;Area;FIXED;;;CodePerformance;Color;;Constituents;;ExpectedLife;Features;Finish;;;Grade;;Material;ModelLabel;ModelReference;NominalHeight;NominalLength;NominalWidth;;ProductionYear;Reference;ReplacementCost;Shape;Size;SustainabilityPerformance;WarrantyDescription;WarrantyDurationLabor;WarrantyDurationParts;WarrantyGuarantorLabor;WarrantyGuarantorParts;;;;;;;;;;;;;;;;;;;;;;;;;;;;;;;;;;;;;;;;;;;;;;;;;;;;;;;;;;;;;;;;;;
2OBrcmyk58NupXoVOHUv88;IfcFurnishingElement;IfcFurnishingElement;M_Counter Top w Sink Hole:600mm Depth:600mm Depth:161165;600mm Depth;;B103;;;;;;;;;;1;;;;;;;;;;;;;;;;;;;Floor : 127mm Slab on Grade;;Level 1;;False;0.0;;;;;;;;;;;;;;;;;;;;;;;;;;;;3.000000000000002;;1.500000000000007;0.1;0.378;0.3808000000000282;;;;;;;;;;;;;AssetIdentifier;BarCode;;;InstallationDate;SerialNumber;;TagNumber;WarrantyStartDate;New Construction;;;;;;;;;;;;;;;;;;;;;;;;;;;;Construction Type;;;;;;;;;;;;;;;;;0.04;;;0.625;;;0.9;;;;;;;;;;;;;;;;;;;;;;;;;;;;;Manufacturer;23.40.35.17.47.11;Kitchen Casework;;;;Finish;;;;;;;;;;;;;;;;;;;AccessibilityPerformance;Area;FIXED;;;CodePerformance;Color;;Constituents;;ExpectedLife;Features;Finish;;;Grade;;Material;ModelLabel;ModelReference;NominalHeight;NominalLength;NominalWidth;;ProductionYear;Reference;ReplacementCost;Shape;Size;SustainabilityPerformance;WarrantyDescription;WarrantyDurationLabor;WarrantyDurationParts;WarrantyGuarantorLabor;WarrantyGuarantorParts;;;;;;;;;;;;;;;;;;;;;;;;;;;;;;;;;;;;;;;;;;;;;;;;;;;;;;;;;;;;;;;;;;
2OBrcmyk58NupXoVOHUv3h;IfcFurnishingElement;IfcFurnishingElement;M_Counter Top:600mm Depth:600mm Depth:161646;600mm Depth;;B103;;;;;;;;;;1;;;;;;;;;;;;;;;;;;;Floor : 127mm Slab on Grade;;Level 1;;False;0.0;;;;;;;;;;;;;;;;True;;;;;;;;;;;;1.0;;;;;;;;;;;;;;;;;;AssetIdentifier;BarCode;;;InstallationDate;SerialNumber;;TagNumber;WarrantyStartDate;New Construction;;;;;;;;;;;;;;;;;;;;;;;;;;;;Construction Type;;;;;;;;;;;;;;;;;0.04;;;0.625;;;0.8999999999999999;;;;;;;;;;;;;;;;;;;;;;;;;;;;;Manufacturer;23.40.35.17.47.11;Kitchen Casework;;;;Finish;;;;;;;;;;;;;;;;;;;AccessibilityPerformance;Area;FIXED;;;CodePerformance;Color;;Constituents;;ExpectedLife;Features;Finish;;;Grade;;Material;ModelLabel;ModelReference;NominalHeight;NominalLength;NominalWidth;;ProductionYear;Reference;ReplacementCost;Shape;Size;SustainabilityPerformance;WarrantyDescription;WarrantyDurationLabor;WarrantyDurationParts;WarrantyGuarantorLabor;WarrantyGuarantorParts;;;;;;;;;;;;;;;;;;;;;;;;;;;;;;;;;;;;;;;;;;;;;;;;;;;;;;;;;;;;;;;;;;
2OBrcmyk58NupXoVOHUvup;IfcFurnishingElement;IfcFurnishingElement;M_Base Cabinet-Double Door & 2 Drawer:1000mm:1000mm:162230;1000mm;;B103;;;;;;;;;;1;;;;;;;;;;;;;;;;;;;Floor : 127mm Slab on Grade;;Level 1;;False;0.0;;;;;;;;;;;;;;;;;;;;;;;;;;;;;;;;;;;;;;;;;;;;;;AssetIdentifier;BarCode;;;InstallationDate;SerialNumber;;TagNumber;WarrantyStartDate;New Construction;;;;;;;;;;;;;;;;;;;;;;;;;;;;Construction Type;;;;;;;;;;;;;;;;;;;;0.6000000000000001;;;0.8600000000000001;;0.035;0.1;;;;;;;;;;1.0;;;;;;;;;;;;;;;;Manufacturer;23.40.35.17.47.11;Kitchen Casework;;;;Finish;;;;;Cabinets - Handles;;;;;;;;;;;;;;AccessibilityPerformance;Area;FIXED;;;CodePerformance;Color;;Constituents;;ExpectedLife;Features;Finish;;;Grade;;Material;ModelLabel;ModelReference;NominalHeight;NominalLength;NominalWidth;;ProductionYear;Reference;ReplacementCost;Shape;Size;SustainabilityPerformance;WarrantyDescription;WarrantyDurationLabor;WarrantyDurationParts;WarrantyGuarantorLabor;WarrantyGuarantorParts;;;;;;;;;;;;;;;;;;;;;;;;;;;;;;;;;;;;;;;;;;;;;;;;;;;;;;;;;;;;;;;;;;
2OBrcmyk58NupXoVOHUvuo;IfcFurnishingElement;IfcFurnishingElement;M_Counter Top:600mm Depth:600mm Depth:162231;600mm Depth;;B103;;;;;;;;;;1;;;;;;;;;;;;;;;;;;;Floor : 127mm Slab on Grade;;Level 1;;False;0.0;;;;;;;;;;;;;;;;False;;;;;;;;;;;;4.024;;;;;;;;;;;;;;;;;;AssetIdentifier;BarCode;;;InstallationDate;SerialNumber;;TagNumber;WarrantyStartDate;New Construction;;;;;;;;;;;;;;;;;;;;;;;;;;;;Construction Type;;;;;;;;;;;;;;;;;0.04;;;0.625;;;0.8999999999999999;;;;;;;;;;;;;;;;;;;;;;;;;;;;;Manufacturer;23.40.35.17.47.11;Kitchen Casework;;;;Finish;;;;;;;;;;;;;;;;;;;AccessibilityPerformance;Area;FIXED;;;CodePerformance;Color;;Constituents;;ExpectedLife;Features;Finish;;;Grade;;Material;ModelLabel;ModelReference;NominalHeight;NominalLength;NominalWidth;;ProductionYear;Reference;ReplacementCost;Shape;Size;SustainabilityPerformance;WarrantyDescription;WarrantyDurationLabor;WarrantyDurationParts;WarrantyGuarantorLabor;WarrantyGuarantorParts;;;;;;;;;;;;;;;;;;;;;;;;;;;;;;;;;;;;;;;;;;;;;;;;;;;;;;;;;;;;;;;;;;
2OBrcmyk58NupXoVOHUvs2;IfcFurnishingElement;IfcFurnishingElement;M_Base Cabinet-Double Door & 2 Drawer:1000mm:1000mm:162311;1000mm;;B103;;;;;;;;;;1;;;;;;;;;;;;;;;;;;;Floor : 127mm Slab on Grade;;Level 1;;False;0.0;;;;;;;;;;;;;;;;;;;;;;;;;;;;;;;;;;;;;;;;;;;;;;AssetIdentifier;BarCode;;;InstallationDate;SerialNumber;;TagNumber;WarrantyStartDate;New Construction;;;;;;;;;;;;;;;;;;;;;;;;;;;;Construction Type;;;;;;;;;;;;;;;;;;;;0.6000000000000001;;;0.8600000000000001;;0.035;0.1;;;;;;;;;;1.0;;;;;;;;;;;;;;;;Manufacturer;23.40.35.17.47.11;Kitchen Casework;;;;Finish;;;;;Cabinets - Handles;;;;;;;;;;;;;;AccessibilityPerformance;Area;FIXED;;;CodePerformance;Color;;Constituents;;ExpectedLife;Features;Finish;;;Grade;;Material;ModelLabel;ModelReference;NominalHeight;NominalLength;NominalWidth;;ProductionYear;Reference;ReplacementCost;Shape;Size;SustainabilityPerformance;WarrantyDescription;WarrantyDurationLabor;WarrantyDurationParts;WarrantyGuarantorLabor;WarrantyGuarantorParts;;;;;;;;;;;;;;;;;;;;;;;;;;;;;;;;;;;;;;;;;;;;;;;;;;;;;;;;;;;;;;;;;;
2OBrcmyk58NupXoVOHUvsm;IfcFurnishingElement;IfcFurnishingElement;M_Base Cabinet-Double Door & 2 Drawer:1000mm:1000mm:162357;1000mm;;B103;;;;;;;;;;1;;;;;;;;;;;;;;;;;;;Floor : 127mm Slab on Grade;;Level 1;;False;0.0;;;;;;;;;;;;;;;;;;;;;;;;;;;;;;;;;;;;;;;;;;;;;;AssetIdentifier;BarCode;;;InstallationDate;SerialNumber;;TagNumber;WarrantyStartDate;New Construction;;;;;;;;;;;;;;;;;;;;;;;;;;;;Construction Type;;;;;;;;;;;;;;;;;;;;0.6000000000000001;;;0.8600000000000001;;0.035;0.1;;;;;;;;;;1.0;;;;;;;;;;;;;;;;Manufacturer;23.40.35.17.47.11;Kitchen Casework;;;;Finish;;;;;Cabinets - Handles;;;;;;;;;;;;;;AccessibilityPerformance;Area;FIXED;;;CodePerformance;Color;;Constituents;;ExpectedLife;Features;Finish;;;Grade;;Material;ModelLabel;ModelReference;NominalHeight;NominalLength;NominalWidth;;ProductionYear;Reference;ReplacementCost;Shape;Size;SustainabilityPerformance;WarrantyDescription;WarrantyDurationLabor;WarrantyDurationParts;WarrantyGuarantorLabor;WarrantyGuarantorParts;;;;;;;;;;;;;;;;;;;;;;;;;;;;;;;;;;;;;;;;;;;;;;;;;;;;;;;;;;;;;;;;;;
2OBrcmyk58NupXoVOHUvtA;IfcFurnishingElement;IfcFurnishingElement;M_Base Cabinet-Double Door & 2 Drawer:1000mm:1000mm:162383;1000mm;;B103;;;;;;;;;;1;;;;;;;;;;;;;;;;;;;Floor : 127mm Slab on Grade;;Level 1;;False;0.0;;;;;;;;;;;;;;;;;;;;;;;;;;;;;;;;;;;;;;;;;;;;;;AssetIdentifier;BarCode;;;InstallationDate;SerialNumber;;TagNumber;WarrantyStartDate;New Construction;;;;;;;;;;;;;;;;;;;;;;;;;;;;Construction Type;;;;;;;;;;;;;;;;;;;;0.6000000000000001;;;0.8600000000000001;;0.035;0.1;;;;;;;;;;1.0;;;;;;;;;;;;;;;;Manufacturer;23.40.35.17.47.11;Kitchen Casework;;;;Finish;;;;;Cabinets - Handles;;;;;;;;;;;;;;AccessibilityPerformance;Area;FIXED;;;CodePerformance;Color;;Constituents;;ExpectedLife;Features;Finish;;;Grade;;Material;ModelLabel;ModelReference;NominalHeight;NominalLength;NominalWidth;;ProductionYear;Reference;ReplacementCost;Shape;Size;SustainabilityPerformance;WarrantyDescription;WarrantyDurationLabor;WarrantyDurationParts;WarrantyGuarantorLabor;WarrantyGuarantorParts;;;;;;;;;;;;;;;;;;;;;;;;;;;;;;;;;;;;;;;;;;;;;;;;;;;;;;;;;;;;;;;;;;
2OBrcmyk58NupXoVOHUvqp;IfcFurnishingElement;IfcFurnishingElement;M_Base Cabinet-Double Door & 2 Drawer:1000mm:1000mm:162486;1000mm;;A103;;;;;;;;;;1;;;;;;;;;;;;;;;;;;;Level : Level 1;;Level 1;;False;0.0;;;;;;;;;;;;;;;;;;;;;;;;;;;;;;;;;;;;;;;;;;;;;;AssetIdentifier;BarCode;;;InstallationDate;SerialNumber;;TagNumber;WarrantyStartDate;New Construction;;;;;;;;;;;;;;;;;;;;;;;;;;;;Construction Type;;;;;;;;;;;;;;;;;;;;0.6000000000000001;;;0.8600000000000001;;0.035;0.1;;;;;;;;;;1.0;;;;;;;;;;;;;;;;Manufacturer;23.40.35.17.47.11;Kitchen Casework;;;;Finish;;;;;Cabinets - Handles;;;;;;;;;;;;;;AccessibilityPerformance;Area;FIXED;;;CodePerformance;Color;;Constituents;;ExpectedLife;Features;Finish;;;Grade;;Material;ModelLabel;ModelReference;NominalHeight;NominalLength;NominalWidth;;ProductionYear;Reference;ReplacementCost;Shape;Size;SustainabilityPerformance;WarrantyDescription;WarrantyDurationLabor;WarrantyDurationParts;WarrantyGuarantorLabor;WarrantyGuarantorParts;;;;;;;;;;;;;;;;;;;;;;;;;;;;;;;;;;;;;;;;;;;;;;;;;;;;;;;;;;;;;;;;;;
2OBrcmyk58NupXoVOHUvqo;IfcFurnishingElement;IfcFurnishingElement;M_Base Cabinet-Double Door & 2 Drawer:1000mm:1000mm:162487;1000mm;;A103;;;;;;;;;;1;;;;;;;;;;;;;;;;;;;Level : Level 1;;Level 1;;False;0.0;;;;;;;;;;;;;;;;;;;;;;;;;;;;;;;;;;;;;;;;;;;;;;AssetIdentifier;BarCode;;;InstallationDate;SerialNumber;;TagNumber;WarrantyStartDate;New Construction;;;;;;;;;;;;;;;;;;;;;;;;;;;;Construction Type;;;;;;;;;;;;;;;;;;;;0.6000000000000001;;;0.8600000000000001;;0.035;0.1;;;;;;;;;;1.0;;;;;;;;;;;;;;;;Manufacturer;23.40.35.17.47.11;Kitchen Casework;;;;Finish;;;;;Cabinets - Handles;;;;;;;;;;;;;;AccessibilityPerformance;Area;FIXED;;;CodePerformance;Color;;Constituents;;ExpectedLife;Features;Finish;;;Grade;;Material;ModelLabel;ModelReference;NominalHeight;NominalLength;NominalWidth;;ProductionYear;Reference;ReplacementCost;Shape;Size;SustainabilityPerformance;WarrantyDescription;WarrantyDurationLabor;WarrantyDurationParts;WarrantyGuarantorLabor;WarrantyGuarantorParts;;;;;;;;;;;;;;;;;;;;;;;;;;;;;;;;;;;;;;;;;;;;;;;;;;;;;;;;;;;;;;;;;;
2OBrcmyk58NupXoVOHUvqz;IfcFurnishingElement;IfcFurnishingElement;M_Base Cabinet-Double Door & 2 Drawer:1000mm:1000mm:162488;1000mm;;A103;;;;;;;;;;1;;;;;;;;;;;;;;;;;;;Level : Level 1;;Level 1;;False;0.0;;;;;;;;;;;;;;;;;;;;;;;;;;;;;;;;;;;;;;;;;;;;;;AssetIdentifier;BarCode;;;InstallationDate;SerialNumber;;TagNumber;WarrantyStartDate;New Construction;;;;;;;;;;;;;;;;;;;;;;;;;;;;Construction Type;;;;;;;;;;;;;;;;;;;;0.6000000000000001;;;0.8600000000000001;;0.035;0.1;;;;;;;;;;1.0;;;;;;;;;;;;;;;;Manufacturer;23.40.35.17.47.11;Kitchen Casework;;;;Finish;;;;;Cabinets - Handles;;;;;;;;;;;;;;AccessibilityPerformance;Area;FIXED;;;CodePerformance;Color;;Constituents;;ExpectedLife;Features;Finish;;;Grade;;Material;ModelLabel;ModelReference;NominalHeight;NominalLength;NominalWidth;;ProductionYear;Reference;ReplacementCost;Shape;Size;SustainabilityPerformance;WarrantyDescription;WarrantyDurationLabor;WarrantyDurationParts;WarrantyGuarantorLabor;WarrantyGuarantorParts;;;;;;;;;;;;;;;;;;;;;;;;;;;;;;;;;;;;;;;;;;;;;;;;;;;;;;;;;;;;;;;;;;
2OBrcmyk58NupXoVOHUvqy;IfcFurnishingElement;IfcFurnishingElement;M_Base Cabinet-Double Door & 2 Drawer:1000mm:1000mm:162489;1000mm;;A103;;;;;;;;;;1;;;;;;;;;;;;;;;;;;;Level : Level 1;;Level 1;;False;0.0;;;;;;;;;;;;;;;;;;;;;;;;;;;;;;;;;;;;;;;;;;;;;;AssetIdentifier;BarCode;;;InstallationDate;SerialNumber;;TagNumber;WarrantyStartDate;New Construction;;;;;;;;;;;;;;;;;;;;;;;;;;;;Construction Type;;;;;;;;;;;;;;;;;;;;0.6000000000000001;;;0.8600000000000001;;0.035;0.1;;;;;;;;;;1.0;;;;;;;;;;;;;;;;Manufacturer;23.40.35.17.47.11;Kitchen Casework;;;;Finish;;;;;Cabinets - Handles;;;;;;;;;;;;;;AccessibilityPerformance;Area;FIXED;;;CodePerformance;Color;;Constituents;;ExpectedLife;Features;Finish;;;Grade;;Material;ModelLabel;ModelReference;NominalHeight;NominalLength;NominalWidth;;ProductionYear;Reference;ReplacementCost;Shape;Size;SustainabilityPerformance;WarrantyDescription;WarrantyDurationLabor;WarrantyDurationParts;WarrantyGuarantorLabor;WarrantyGuarantorParts;;;;;;;;;;;;;;;;;;;;;;;;;;;;;;;;;;;;;;;;;;;;;;;;;;;;;;;;;;;;;;;;;;
2OBrcmyk58NupXoVOHUvq$;IfcFurnishingElement;IfcFurnishingElement;M_Counter Top w Sink Hole:600mm Depth:600mm Depth:162490;600mm Depth;;A103;;;;;;;;;;1;;;;;;;;;;;;;;;;;;;Level : Level 1;;Level 1;;False;0.0;;;;;;;;;;;;;;;;;;;;;;;;;;;;3.0;;1.500000000000001;0.1;0.378;0.3808000000000239;;;;;;;;;;;;;AssetIdentifier;BarCode;;;InstallationDate;SerialNumber;;TagNumber;WarrantyStartDate;New Construction;;;;;;;;;;;;;;;;;;;;;;;;;;;;Construction Type;;;;;;;;;;;;;;;;;0.04;;;0.625;;;0.9;;;;;;;;;;;;;;;;;;;;;;;;;;;;;Manufacturer;23.40.35.17.47.11;Kitchen Casework;;;;Finish;;;;;;;;;;;;;;;;;;;AccessibilityPerformance;Area;FIXED;;;CodePerformance;Color;;Constituents;;ExpectedLife;Features;Finish;;;Grade;;Material;ModelLabel;ModelReference;NominalHeight;NominalLength;NominalWidth;;ProductionYear;Reference;ReplacementCost;Shape;Size;SustainabilityPerformance;WarrantyDescription;WarrantyDurationLabor;WarrantyDurationParts;WarrantyGuarantorLabor;WarrantyGuarantorParts;;;;;;;;;;;;;;;;;;;;;;;;;;;;;;;;;;;;;;;;;;;;;;;;;;;;;;;;;;;;;;;;;;
2OBrcmyk58NupXoVOHUvq_;IfcFurnishingElement;IfcFurnishingElement;M_Counter Top:600mm Depth:600mm Depth:162491;600mm Depth;;A103;;;;;;;;;;1;;;;;;;;;;;;;;;;;;;Level : Level 1;;Level 1;;False;0.0;;;;;;;;;;;;;;;;True;;;;;;;;;;;;1.0;;;;;;;;;;;;;;;;;;AssetIdentifier;BarCode;;;InstallationDate;SerialNumber;;TagNumber;WarrantyStartDate;New Construction;;;;;;;;;;;;;;;;;;;;;;;;;;;;Construction Type;;;;;;;;;;;;;;;;;0.04;;;0.625;;;0.8999999999999999;;;;;;;;;;;;;;;;;;;;;;;;;;;;;Manufacturer;23.40.35.17.47.11;Kitchen Casework;;;;Finish;;;;;;;;;;;;;;;;;;;AccessibilityPerformance;Area;FIXED;;;CodePerformance;Color;;Constituents;;ExpectedLife;Features;Finish;;;Grade;;Material;ModelLabel;ModelReference;NominalHeight;NominalLength;NominalWidth;;ProductionYear;Reference;ReplacementCost;Shape;Size;SustainabilityPerformance;WarrantyDescription;WarrantyDurationLabor;WarrantyDurationParts;WarrantyGuarantorLabor;WarrantyGuarantorParts;;;;;;;;;;;;;;;;;;;;;;;;;;;;;;;;;;;;;;;;;;;;;;;;;;;;;;;;;;;;;;;;;;
2OBrcmyk58NupXoVOHUvqu;IfcFurnishingElement;IfcFurnishingElement;M_Base Cabinet-Double Door & 2 Drawer:1000mm:1000mm:162493;1000mm;;A103;;;;;;;;;;1;;;;;;;;;;;;;;;;;;;Level : Level 1;;Level 1;;False;0.0;;;;;;;;;;;;;;;;;;;;;;;;;;;;;;;;;;;;;;;;;;;;;;AssetIdentifier;BarCode;;;InstallationDate;SerialNumber;;TagNumber;WarrantyStartDate;New Construction;;;;;;;;;;;;;;;;;;;;;;;;;;;;Construction Type;;;;;;;;;;;;;;;;;;;;0.6000000000000001;;;0.8600000000000001;;0.035;0.1;;;;;;;;;;1.0;;;;;;;;;;;;;;;;Manufacturer;23.40.35.17.47.11;Kitchen Casework;;;;Finish;;;;;Cabinets - Handles;;;;;;;;;;;;;;AccessibilityPerformance;Area;FIXED;;;CodePerformance;Color;;Constituents;;ExpectedLife;Features;Finish;;;Grade;;Material;ModelLabel;ModelReference;NominalHeight;NominalLength;NominalWidth;;ProductionYear;Reference;ReplacementCost;Shape;Size;SustainabilityPerformance;WarrantyDescription;WarrantyDurationLabor;WarrantyDurationParts;WarrantyGuarantorLabor;WarrantyGuarantorParts;;;;;;;;;;;;;;;;;;;;;;;;;;;;;;;;;;;;;;;;;;;;;;;;;;;;;;;;;;;;;;;;;;
2OBrcmyk58NupXoVOHUvqx;IfcFurnishingElement;IfcFurnishingElement;M_Counter Top:600mm Depth:600mm Depth:162494;600mm Depth;;A103;;;;;;;;;;1;;;;;;;;;;;;;;;;;;;Level : Level 1;;Level 1;;False;0.0;;;;;;;;;;;;;;;;False;;;;;;;;;;;;4.024;;;;;;;;;;;;;;;;;;AssetIdentifier;BarCode;;;InstallationDate;SerialNumber;;TagNumber;WarrantyStartDate;New Construction;;;;;;;;;;;;;;;;;;;;;;;;;;;;Construction Type;;;;;;;;;;;;;;;;;0.04;;;0.625;;;0.8999999999999999;;;;;;;;;;;;;;;;;;;;;;;;;;;;;Manufacturer;23.40.35.17.47.11;Kitchen Casework;;;;Finish;;;;;;;;;;;;;;;;;;;AccessibilityPerformance;Area;FIXED;;;CodePerformance;Color;;Constituents;;ExpectedLife;Features;Finish;;;Grade;;Material;ModelLabel;ModelReference;NominalHeight;NominalLength;NominalWidth;;ProductionYear;Reference;ReplacementCost;Shape;Size;SustainabilityPerformance;WarrantyDescription;WarrantyDurationLabor;WarrantyDurationParts;WarrantyGuarantorLabor;WarrantyGuarantorParts;;;;;;;;;;;;;;;;;;;;;;;;;;;;;;;;;;;;;;;;;;;;;;;;;;;;;;;;;;;;;;;;;;
2OBrcmyk58NupXoVOHUvqw;IfcFurnishingElement;IfcFurnishingElement;M_Base Cabinet-Double Door & 2 Drawer:1000mm:1000mm:162495;1000mm;;A103;;;;;;;;;;1;;;;;;;;;;;;;;;;;;;Level : Level 1;;Level 1;;False;0.0;;;;;;;;;;;;;;;;;;;;;;;;;;;;;;;;;;;;;;;;;;;;;;AssetIdentifier;BarCode;;;InstallationDate;SerialNumber;;TagNumber;WarrantyStartDate;New Construction;;;;;;;;;;;;;;;;;;;;;;;;;;;;Construction Type;;;;;;;;;;;;;;;;;;;;0.6000000000000001;;;0.8600000000000001;;0.035;0.1;;;;;;;;;;1.0;;;;;;;;;;;;;;;;Manufacturer;23.40.35.17.47.11;Kitchen Casework;;;;Finish;;;;;Cabinets - Handles;;;;;;;;;;;;;;AccessibilityPerformance;Area;FIXED;;;CodePerformance;Color;;Constituents;;ExpectedLife;Features;Finish;;;Grade;;Material;ModelLabel;ModelReference;NominalHeight;NominalLength;NominalWidth;;ProductionYear;Reference;ReplacementCost;Shape;Size;SustainabilityPerformance;WarrantyDescription;WarrantyDurationLabor;WarrantyDurationParts;WarrantyGuarantorLabor;WarrantyGuarantorParts;;;;;;;;;;;;;;;;;;;;;;;;;;;;;;;;;;;;;;;;;;;;;;;;;;;;;;;;;;;;;;;;;;
2OBrcmyk58NupXoVOHUvr5;IfcFurnishingElement;IfcFurnishingElement;M_Base Cabinet-Double Door & 2 Drawer:1000mm:1000mm:162496;1000mm;;A103;;;;;;;;;;1;;;;;;;;;;;;;;;;;;;Level : Level 1;;Level 1;;False;0.0;;;;;;;;;;;;;;;;;;;;;;;;;;;;;;;;;;;;;;;;;;;;;;AssetIdentifier;BarCode;;;InstallationDate;SerialNumber;;TagNumber;WarrantyStartDate;New Construction;;;;;;;;;;;;;;;;;;;;;;;;;;;;Construction Type;;;;;;;;;;;;;;;;;;;;0.6000000000000001;;;0.8600000000000001;;0.035;0.1;;;;;;;;;;1.0;;;;;;;;;;;;;;;;Manufacturer;23.40.35.17.47.11;Kitchen Casework;;;;Finish;;;;;Cabinets - Handles;;;;;;;;;;;;;;AccessibilityPerformance;Area;FIXED;;;CodePerformance;Color;;Constituents;;ExpectedLife;Features;Finish;;;Grade;;Material;ModelLabel;ModelReference;NominalHeight;NominalLength;NominalWidth;;ProductionYear;Reference;ReplacementCost;Shape;Size;SustainabilityPerformance;WarrantyDescription;WarrantyDurationLabor;WarrantyDurationParts;WarrantyGuarantorLabor;WarrantyGuarantorParts;;;;;;;;;;;;;;;;;;;;;;;;;;;;;;;;;;;;;;;;;;;;;;;;;;;;;;;;;;;;;;;;;;
2OBrcmyk58NupXoVOHUvr4;IfcFurnishingElement;IfcFurnishingElement;M_Base Cabinet-Double Door & 2 Drawer:1000mm:1000mm:162497;1000mm;;A103;;;;;;;;;;1;;;;;;;;;;;;;;;;;;;Level : Level 1;;Level 1;;False;0.0;;;;;;;;;;;;;;;;;;;;;;;;;;;;;;;;;;;;;;;;;;;;;;AssetIdentifier;BarCode;;;InstallationDate;SerialNumber;;TagNumber;WarrantyStartDate;New Construction;;;;;;;;;;;;;;;;;;;;;;;;;;;;Construction Type;;;;;;;;;;;;;;;;;;;;0.6000000000000001;;;0.8600000000000001;;0.035;0.1;;;;;;;;;;1.0;;;;;;;;;;;;;;;;Manufacturer;23.40.35.17.47.11;Kitchen Casework;;;;Finish;;;;;Cabinets - Handles;;;;;;;;;;;;;;AccessibilityPerformance;Area;FIXED;;;CodePerformance;Color;;Constituents;;ExpectedLife;Features;Finish;;;Grade;;Material;ModelLabel;ModelReference;NominalHeight;NominalLength;NominalWidth;;ProductionYear;Reference;ReplacementCost;Shape;Size;SustainabilityPerformance;WarrantyDescription;WarrantyDurationLabor;WarrantyDurationParts;WarrantyGuarantorLabor;WarrantyGuarantorParts;;;;;;;;;;;;;;;;;;;;;;;;;;;;;;;;;;;;;;;;;;;;;;;;;;;;;;;;;;;;;;;;;;
2OBrcmyk58NupXoVOHUshs;IfcFurnishingElement;IfcFurnishingElement;M_Sofa:1830mm:1830mm:167283;1830mm;;B102;;;;;;;;;;1;;;;;;;;;;;;;;;;;;;Floor : 127mm Slab on Grade;;Level 1;;False;;;;;;;;;;;;;;;;;;;;;;;;;;;;;;;;;;;;;;;;;;;;;;;AssetIdentifier;BarCode;;;InstallationDate;SerialNumber;;TagNumber;WarrantyStartDate;New Construction;;;;;;;;;;;;;;;;;;;;;;;;;;;;;;;;;;;;;;;;;;;;;;;;;;;;;;;;;;;;;;;;1.83;;;;;;;;;;;;;;;;Manufacturer;23.40.20.14.14.14;Settees, Sofas;;;;;;;Wood - Cherry;;;;;;;;;;Textile - Linen, Smooth;;;;;;AccessibilityPerformance;Area;NONFIXED;;;CodePerformance;Color;;Constituents;;ExpectedLife;Features;Finish;;;Grade;;Material;ModelLabel;ModelReference;NominalHeight;NominalLength;NominalWidth;;ProductionYear;Reference;ReplacementCost;Shape;Size;SustainabilityPerformance;WarrantyDescription;WarrantyDurationLabor;WarrantyDurationParts;WarrantyGuarantorLabor;WarrantyGuarantorParts;;;;;;;;;;;;;;;;;;;;;;;;;;;;;;;;;;;;;;;;;;;;;;;;;;;;;;;;;;;;;;;;;;
2OBrcmyk58NupXoVOHUsc7;IfcFurnishingElement;IfcFurnishingElement;M_Sofa:1830mm:1830mm:167426;1830mm;;B102;;;;;;;;;;1;;;;;;;;;;;;;;;;;;;Floor : 127mm Slab on Grade;;Level 1;;False;;;;;;;;;;;;;;;;;;;;;;;;;;;;;;;;;;;;;;;;;;;;;;;AssetIdentifier;BarCode;;;InstallationDate;SerialNumber;;TagNumber;WarrantyStartDate;New Construction;;;;;;;;;;;;;;;;;;;;;;;;;;;;;;;;;;;;;;;;;;;;;;;;;;;;;;;;;;;;;;;;1.83;;;;;;;;;;;;;;;;Manufacturer;23.40.20.14.14.14;Settees, Sofas;;;;;;;Wood - Cherry;;;;;;;;;;Textile - Linen, Smooth;;;;;;AccessibilityPerformance;Area;NONFIXED;;;CodePerformance;Color;;Constituents;;ExpectedLife;Features;Finish;;;Grade;;Material;ModelLabel;ModelReference;NominalHeight;NominalLength;NominalWidth;;ProductionYear;Reference;ReplacementCost;Shape;Size;SustainabilityPerformance;WarrantyDescription;WarrantyDurationLabor;WarrantyDurationParts;WarrantyGuarantorLabor;WarrantyGuarantorParts;;;;;;;;;;;;;;;;;;;;;;;;;;;;;;;;;;;;;;;;;;;;;;;;;;;;;;;;;;;;;;;;;;
2OBrcmyk58NupXoVOHUsab;IfcFurnishingElement;IfcFurnishingElement;M_Table-Coffee:0610 x 0610 x 0610mm:0610 x 0610 x 0610mm:167584;0610 x 0610 x 0610mm;;B102;;;;;;;;;;1;;;;;;;;;;;;;;;;;;;Floor : 127mm Slab on Grade;;Level 1;;False;;;;;;;;;;;;;;;;;;;;;;;;;;;;;;;;;;;;;;;;;;;;;;;AssetIdentifier;BarCode;;;InstallationDate;SerialNumber;;TagNumber;WarrantyStartDate;New Construction;;;;;;;;;;;;;;;;;;;;;;;;;;;;;;;;;;;;;;;;;;;;;;;;;;;0.61;0.61;;;;;;;;;;;;0.61;;;;;;;;;;;;;;;;Manufacturer;23.40.20.14.17.24;Coffee Tables;;;;;;;Wood - Teak;;;;;;;;;;;;Metal - Chrome;;;;AccessibilityPerformance;Area;NONFIXED;;;CodePerformance;Color;;Constituents;;ExpectedLife;Features;Finish;;;Grade;;Material;ModelLabel;ModelReference;NominalHeight;NominalLength;NominalWidth;;ProductionYear;Reference;ReplacementCost;Shape;Size;SustainabilityPerformance;WarrantyDescription;WarrantyDurationLabor;WarrantyDurationParts;WarrantyGuarantorLabor;WarrantyGuarantorParts;;;;;;;;;;;;;;;;;;;;;;;;;;;;;;;;;;;;;;;;;;;;;;;;;;;;;;;;;;;;;;;;;;
2OBrcmyk58NupXoVOHUsbY;IfcFurnishingElement;IfcFurnishingElement;M_Table-Coffee:0610 x 0610 x 0610mm:0610 x 0610 x 0610mm:167655;0610 x 0610 x 0610mm;;B102;;;;;;;;;;1;;;;;;;;;;;;;;;;;;;Floor : 127mm Slab on Grade;;Level 1;;False;;;;;;;;;;;;;;;;;;;;;;;;;;;;;;;;;;;;;;;;;;;;;;;AssetIdentifier;BarCode;;;InstallationDate;SerialNumber;;TagNumber;WarrantyStartDate;New Construction;;;;;;;;;;;;;;;;;;;;;;;;;;;;;;;;;;;;;;;;;;;;;;;;;;;0.61;0.61;;;;;;;;;;;;0.61;;;;;;;;;;;;;;;;Manufacturer;23.40.20.14.17.24;Coffee Tables;;;;;;;Wood - Teak;;;;;;;;;;;;Metal - Chrome;;;;AccessibilityPerformance;Area;NONFIXED;;;CodePerformance;Color;;Constituents;;ExpectedLife;Features;Finish;;;Grade;;Material;ModelLabel;ModelReference;NominalHeight;NominalLength;NominalWidth;;ProductionYear;Reference;ReplacementCost;Shape;Size;SustainabilityPerformance;WarrantyDescription;WarrantyDurationLabor;WarrantyDurationParts;WarrantyGuarantorLabor;WarrantyGuarantorParts;;;;;;;;;;;;;;;;;;;;;;;;;;;;;;;;;;;;;;;;;;;;;;;;;;;;;;;;;;;;;;;;;;
2OBrcmyk58NupXoVOHUtVQ;IfcFurnishingElement;IfcFurnishingElement;M_Table-Coffee:0915 x 1830 x 0457mm:0915 x 1830 x 0457mm:168031;0915 x 1830 x 0457mm;;B102;;;;;;;;;;1;;;;;;;;;;;;;;;;;;;Floor : 127mm Slab on Grade;;Level 1;;False;;;;;;;;;;;;;;;;;;;;;;;;;;;;;;;;;;;;;;;;;;;;;;;AssetIdentifier;BarCode;;;InstallationDate;SerialNumber;;TagNumber;WarrantyStartDate;New Construction;;;;;;;;;;;;;;;;;;;;;;;;;;;;;;;;;;;;;;;;;;;;;;;;;;;0.4569999999999999;1.83;;;;;;;;;;;;0.9149999999999999;;;;;;;;;;;;;;;;Manufacturer;23.40.20.14.17.24;Coffee Tables;;;;;;;Wood - Teak;;;;;;;;;;;;Metal - Chrome;;;;AccessibilityPerformance;Area;NONFIXED;;;CodePerformance;Color;;Constituents;;ExpectedLife;Features;Finish;;;Grade;;Material;ModelLabel;ModelReference;NominalHeight;NominalLength;NominalWidth;;ProductionYear;Reference;ReplacementCost;Shape;Size;SustainabilityPerformance;WarrantyDescription;WarrantyDurationLabor;WarrantyDurationParts;WarrantyGuarantorLabor;WarrantyGuarantorParts;;;;;;;;;;;;;;;;;;;;;;;;;;;;;;;;;;;;;;;;;;;;;;;;;;;;;;;;;;;;;;;;;;
2OBrcmyk58NupXoVOHUtOy;IfcFurnishingElement;IfcFurnishingElement;M_Sofa:1830mm:1830mm:168377;1830mm;;A102;;;;;;;;;;1;;;;;;;;;;;;;;;;;;;Floor : 127mm Slab on Grade;;Level 1;;False;;;;;;;;;;;;;;;;;;;;;;;;;;;;;;;;;;;;;;;;;;;;;;;AssetIdentifier;BarCode;;;InstallationDate;SerialNumber;;TagNumber;WarrantyStartDate;New Construction;;;;;;;;;;;;;;;;;;;;;;;;;;;;;;;;;;;;;;;;;;;;;;;;;;;;;;;;;;;;;;;;1.83;;;;;;;;;;;;;;;;Manufacturer;23.40.20.14.14.14;Settees, Sofas;;;;;;;Wood - Cherry;;;;;;;;;;Textile - Linen, Smooth;;;;;;AccessibilityPerformance;Area;NONFIXED;;;CodePerformance;Color;;Constituents;;ExpectedLife;Features;Finish;;;Grade;;Material;ModelLabel;ModelReference;NominalHeight;NominalLength;NominalWidth;;ProductionYear;Reference;ReplacementCost;Shape;Size;SustainabilityPerformance;WarrantyDescription;WarrantyDurationLabor;WarrantyDurationParts;WarrantyGuarantorLabor;WarrantyGuarantorParts;;;;;;;;;;;;;;;;;;;;;;;;;;;;;;;;;;;;;;;;;;;;;;;;;;;;;;;;;;;;;;;;;;
2OBrcmyk58NupXoVOHUtO$;IfcFurnishingElement;IfcFurnishingElement;M_Sofa:1830mm:1830mm:168378;1830mm;;A102;;;;;;;;;;1;;;;;;;;;;;;;;;;;;;Floor : 127mm Slab on Grade;;Level 1;;False;;;;;;;;;;;;;;;;;;;;;;;;;;;;;;;;;;;;;;;;;;;;;;;AssetIdentifier;BarCode;;;InstallationDate;SerialNumber;;TagNumber;WarrantyStartDate;New Construction;;;;;;;;;;;;;;;;;;;;;;;;;;;;;;;;;;;;;;;;;;;;;;;;;;;;;;;;;;;;;;;;1.83;;;;;;;;;;;;;;;;Manufacturer;23.40.20.14.14.14;Settees, Sofas;;;;;;;Wood - Cherry;;;;;;;;;;Textile - Linen, Smooth;;;;;;AccessibilityPerformance;Area;NONFIXED;;;CodePerformance;Color;;Constituents;;ExpectedLife;Features;Finish;;;Grade;;Material;ModelLabel;ModelReference;NominalHeight;NominalLength;NominalWidth;;ProductionYear;Reference;ReplacementCost;Shape;Size;SustainabilityPerformance;WarrantyDescription;WarrantyDurationLabor;WarrantyDurationParts;WarrantyGuarantorLabor;WarrantyGuarantorParts;;;;;;;;;;;;;;;;;;;;;;;;;;;;;;;;;;;;;;;;;;;;;;;;;;;;;;;;;;;;;;;;;;
2OBrcmyk58NupXoVOHUtO_;IfcFurnishingElement;IfcFurnishingElement;M_Table-Coffee:0610 x 0610 x 0610mm:0610 x 0610 x 0610mm:168379;0610 x 0610 x 0610mm;;A102;;;;;;;;;;1;;;;;;;;;;;;;;;;;;;Floor : 127mm Slab on Grade;;Level 1;;False;;;;;;;;;;;;;;;;;;;;;;;;;;;;;;;;;;;;;;;;;;;;;;;AssetIdentifier;BarCode;;;InstallationDate;SerialNumber;;TagNumber;WarrantyStartDate;New Construction;;;;;;;;;;;;;;;;;;;;;;;;;;;;;;;;;;;;;;;;;;;;;;;;;;;0.61;0.61;;;;;;;;;;;;0.61;;;;;;;;;;;;;;;;Manufacturer;23.40.20.14.17.24;Coffee Tables;;;;;;;Wood - Teak;;;;;;;;;;;;Metal - Chrome;;;;AccessibilityPerformance;Area;NONFIXED;;;CodePerformance;Color;;Constituents;;ExpectedLife;Features;Finish;;;Grade;;Material;ModelLabel;ModelReference;NominalHeight;NominalLength;NominalWidth;;ProductionYear;Reference;ReplacementCost;Shape;Size;SustainabilityPerformance;WarrantyDescription;WarrantyDurationLabor;WarrantyDurationParts;WarrantyGuarantorLabor;WarrantyGuarantorParts;;;;;;;;;;;;;;;;;;;;;;;;;;;;;;;;;;;;;;;;;;;;;;;;;;;;;;;;;;;;;;;;;;
2OBrcmyk58NupXoVOHUtOv;IfcFurnishingElement;IfcFurnishingElement;M_Table-Coffee:0610 x 0610 x 0610mm:0610 x 0610 x 0610mm:168380;0610 x 0610 x 0610mm;;A102;;;;;;;;;;1;;;;;;;;;;;;;;;;;;;Floor : 127mm Slab on Grade;;Level 1;;False;;;;;;;;;;;;;;;;;;;;;;;;;;;;;;;;;;;;;;;;;;;;;;;AssetIdentifier;BarCode;;;InstallationDate;SerialNumber;;TagNumber;WarrantyStartDate;New Construction;;;;;;;;;;;;;;;;;;;;;;;;;;;;;;;;;;;;;;;;;;;;;;;;;;;0.61;0.61;;;;;;;;;;;;0.61;;;;;;;;;;;;;;;;Manufacturer;23.40.20.14.17.24;Coffee Tables;;;;;;;Wood - Teak;;;;;;;;;;;;Metal - Chrome;;;;AccessibilityPerformance;Area;NONFIXED;;;CodePerformance;Color;;Constituents;;ExpectedLife;Features;Finish;;;Grade;;Material;ModelLabel;ModelReference;NominalHeight;NominalLength;NominalWidth;;ProductionYear;Reference;ReplacementCost;Shape;Size;SustainabilityPerformance;WarrantyDescription;WarrantyDurationLabor;WarrantyDurationParts;WarrantyGuarantorLabor;WarrantyGuarantorParts;;;;;;;;;;;;;;;;;;;;;;;;;;;;;;;;;;;;;;;;;;;;;;;;;;;;;;;;;;;;;;;;;;
2OBrcmyk58NupXoVOHUtOu;IfcFurnishingElement;IfcFurnishingElement;M_Table-Coffee:0915 x 1830 x 0457mm:0915 x 1830 x 0457mm:168381;0915 x 1830 x 0457mm;;A102;;;;;;;;;;1;;;;;;;;;;;;;;;;;;;Floor : 127mm Slab on Grade;;Level 1;;False;;;;;;;;;;;;;;;;;;;;;;;;;;;;;;;;;;;;;;;;;;;;;;;AssetIdentifier;BarCode;;;InstallationDate;SerialNumber;;TagNumber;WarrantyStartDate;New Construction;;;;;;;;;;;;;;;;;;;;;;;;;;;;;;;;;;;;;;;;;;;;;;;;;;;0.4569999999999999;1.83;;;;;;;;;;;;0.9149999999999999;;;;;;;;;;;;;;;;Manufacturer;23.40.20.14.17.24;Coffee Tables;;;;;;;Wood - Teak;;;;;;;;;;;;Metal - Chrome;;;;AccessibilityPerformance;Area;NONFIXED;;;CodePerformance;Color;;Constituents;;ExpectedLife;Features;Finish;;;Grade;;Material;ModelLabel;ModelReference;NominalHeight;NominalLength;NominalWidth;;ProductionYear;Reference;ReplacementCost;Shape;Size;SustainabilityPerformance;WarrantyDescription;WarrantyDurationLabor;WarrantyDurationParts;WarrantyGuarantorLabor;WarrantyGuarantorParts;;;;;;;;;;;;;;;;;;;;;;;;;;;;;;;;;;;;;;;;;;;;;;;;;;;;;;;;;;;;;;;;;;
2OBrcmyk58NupXoVOHUtM4;IfcFurnishingElement;IfcFurnishingElement;M_Bed-Standard:1525 x 2007mm - Queen:1525 x 2007mm - Queen:168449;1525 x 2007mm - Queen;;B203;;;;;;;;;;1;;;;;;;;;;;;;;;;;;;Floor : Residential - Wood Joist with Subflooring;;Level 2;;False;;;;;;;;;;;;;;;;;;;;;;;;;;;;;;;;;;;;;;;;;;;;;;;AssetIdentifier;BarCode;;;InstallationDate;SerialNumber;;TagNumber;WarrantyStartDate;New Construction;;;;;;;;;;;;;;;;;;;;;;;;;;;;;;;;;;;;;;;;;;;;;;;;;;;;2.007;;;;;;;;;;;;1.525;;;;;;;;;;;;;;;;Manufacturer;23.40.20.17.14.11;Beds;;;;;;;;;;Metal - Chrome;;Textile - White;;;;;;;;;;;AccessibilityPerformance;Area;NONFIXED;;;CodePerformance;Color;;Constituents;;ExpectedLife;Features;Finish;;;Grade;;Material;ModelLabel;ModelReference;NominalHeight;NominalLength;NominalWidth;;ProductionYear;Reference;ReplacementCost;Shape;Size;SustainabilityPerformance;WarrantyDescription;WarrantyDurationLabor;WarrantyDurationParts;WarrantyGuarantorLabor;WarrantyGuarantorParts;;;;;;;;;;;;;;;;;;;;;;;;;;;;;;;;;;;;;;;;;;;;;;;;;;;;;;;;;;;;;;;;;;
2OBrcmyk58NupXoVOHUtI8;IfcFurnishingElement;IfcFurnishingElement;M_Bed-Standard:1981 x 2032mm - King:1981 x 2032mm - King:168717;1981 x 2032mm - King;;A202;;;;;;;;;;1;;;;;;;;;;;;;;;;;;;Floor : Residential - Wood Joist with Subflooring;;Level 2;;False;;;;;;;;;;;;;;;;;;;;;;;;;;;;;;;;;;;;;;;;;;;;;;;AssetIdentifier;BarCode;;;InstallationDate;SerialNumber;;TagNumber;WarrantyStartDate;New Construction;;;;;;;;;;;;;;;;;;;;;;;;;;;;;;;;;;;;;;;;;;;;;;;;;;;;2.032;;;;;;;;;;;;1.981;;;;;;;;;;;;;;;;Manufacturer;23.40.20.17.14.11;Beds;;;;;;;;;;Metal - Chrome;;Textile - White;;;;;;;;;;;AccessibilityPerformance;Area;NONFIXED;;;CodePerformance;Color;;Constituents;;ExpectedLife;Features;Finish;;;Grade;;Material;ModelLabel;ModelReference;NominalHeight;NominalLength;NominalWidth;;ProductionYear;Reference;ReplacementCost;Shape;Size;SustainabilityPerformance;WarrantyDescription;WarrantyDurationLabor;WarrantyDurationParts;WarrantyGuarantorLabor;WarrantyGuarantorParts;;;;;;;;;;;;;;;;;;;;;;;;;;;;;;;;;;;;;;;;;;;;;;;;;;;;;;;;;;;;;;;;;;
2OBrcmyk58NupXoVOHUtHN;IfcFurnishingElement;IfcFurnishingElement;M_Bed-Standard:1981 x 2032mm - King:1981 x 2032mm - King:168914;1981 x 2032mm - King;;B202;;;;;;;;;;1;;;;;;;;;;;;;;;;;;;Floor : Residential - Wood Joist with Subflooring;;Level 2;;False;;;;;;;;;;;;;;;;;;;;;;;;;;;;;;;;;;;;;;;;;;;;;;;AssetIdentifier;BarCode;;;InstallationDate;SerialNumber;;TagNumber;WarrantyStartDate;New Construction;;;;;;;;;;;;;;;;;;;;;;;;;;;;;;;;;;;;;;;;;;;;;;;;;;;;2.032;;;;;;;;;;;;1.981;;;;;;;;;;;;;;;;Manufacturer;23.40.20.17.14.11;Beds;;;;;;;;;;Metal - Chrome;;Textile - White;;;;;;;;;;;AccessibilityPerformance;Area;NONFIXED;;;CodePerformance;Color;;Constituents;;ExpectedLife;Features;Finish;;;Grade;;Material;ModelLabel;ModelReference;NominalHeight;NominalLength;NominalWidth;;ProductionYear;Reference;ReplacementCost;Shape;Size;SustainabilityPerformance;WarrantyDescription;WarrantyDurationLabor;WarrantyDurationParts;WarrantyGuarantorLabor;WarrantyGuarantorParts;;;;;;;;;;;;;;;;;;;;;;;;;;;;;;;;;;;;;;;;;;;;;;;;;;;;;;;;;;;;;;;;;;
2OBrcmyk58NupXoVOHUtEr;IfcFurnishingElement;IfcFurnishingElement;M_Bed-Standard:1525 x 2007mm - Queen:1525 x 2007mm - Queen:169008;1525 x 2007mm - Queen;;A203;;;;;;;;;;1;;;;;;;;;;;;;;;;;;;Floor : Residential - Wood Joist with Subflooring;;Level 2;;False;;;;;;;;;;;;;;;;;;;;;;;;;;;;;;;;;;;;;;;;;;;;;;;AssetIdentifier;BarCode;;;InstallationDate;SerialNumber;;TagNumber;WarrantyStartDate;New Construction;;;;;;;;;;;;;;;;;;;;;;;;;;;;;;;;;;;;;;;;;;;;;;;;;;;;2.007;;;;;;;;;;;;1.525;;;;;;;;;;;;;;;;Manufacturer;23.40.20.17.14.11;Beds;;;;;;;;;;Metal - Chrome;;Textile - White;;;;;;;;;;;AccessibilityPerformance;Area;NONFIXED;;;CodePerformance;Color;;Constituents;;ExpectedLife;Features;Finish;;;Grade;;Material;ModelLabel;ModelReference;NominalHeight;NominalLength;NominalWidth;;ProductionYear;Reference;ReplacementCost;Shape;Size;SustainabilityPerformance;WarrantyDescription;WarrantyDurationLabor;WarrantyDurationParts;WarrantyGuarantorLabor;WarrantyGuarantorParts;;;;;;;;;;;;;;;;;;;;;;;;;;;;;;;;;;;;;;;;;;;;;;;;;;;;;;;;;;;;;;;;;;
0iEHWY1$XA8eQeeULq4j7w;IfcFurnishingElement;IfcFurnishingElement;M_Upper Cabinet-Double Door-Wall:1000 mm:1000 mm:191401;1000 mm;;A103;;;;;;;;;;1;;;;;;;;;;;;;;;;1.399999999999999;;;;;Level 1;;;;;;;;;;;;;;;;;;;;;;;;;;;;;;;;;;;;;;;;;;;;;;;;;AssetIdentifier;BarCode;;;InstallationDate;SerialNumber;;TagNumber;WarrantyStartDate;New Construction;;;;;;;;;;;;;;;;;;;;;;;;;;;;Construction Type;;;;;;;;;;;;;;;;;;;;0.3;;;0.6000000000000001;;;;;;;;;2.0;;;;1.0;;;;;;;;;;;;;;;;Manufacturer;23.40.35.17.47.11;Kitchen Casework;;;;Finish;;;;;Cabinets - Handles;;;;;;;;;;;;;;AccessibilityPerformance;Area;FIXED;;;CodePerformance;Color;;Constituents;;ExpectedLife;Features;Finish;;;Grade;;Material;ModelLabel;ModelReference;NominalHeight;NominalLength;NominalWidth;;ProductionYear;Reference;ReplacementCost;Shape;Size;SustainabilityPerformance;WarrantyDescription;WarrantyDurationLabor;WarrantyDurationParts;WarrantyGuarantorLabor;WarrantyGuarantorParts;;;;;;;;;;;;;;;;;;;;;;;;;;;;;;;;;;;;;;;;;;;;;;;;;;;;;;;;;;;;;;;;;;
0iEHWY1$XA8eQeeULq4jOM;IfcFurnishingElement;IfcFurnishingElement;M_Upper Cabinet-Double Door-Wall:1000 mm:1000 mm:191557;1000 mm;;A103;;;;;;;;;;1;;;;;;;;;;;;;;;;1.399999999999999;;;;;Level 1;;;;;;;;;;;;;;;;;;;;;;;;;;;;;;;;;;;;;;;;;;;;;;;;;AssetIdentifier;BarCode;;;InstallationDate;SerialNumber;;TagNumber;WarrantyStartDate;New Construction;;;;;;;;;;;;;;;;;;;;;;;;;;;;Construction Type;;;;;;;;;;;;;;;;;;;;0.3;;;0.6000000000000001;;;;;;;;;2.0;;;;1.0;;;;;;;;;;;;;;;;Manufacturer;23.40.35.17.47.11;Kitchen Casework;;;;Finish;;;;;Cabinets - Handles;;;;;;;;;;;;;;AccessibilityPerformance;Area;FIXED;;;CodePerformance;Color;;Constituents;;ExpectedLife;Features;Finish;;;Grade;;Material;ModelLabel;ModelReference;NominalHeight;NominalLength;NominalWidth;;ProductionYear;Reference;ReplacementCost;Shape;Size;SustainabilityPerformance;WarrantyDescription;WarrantyDurationLabor;WarrantyDurationParts;WarrantyGuarantorLabor;WarrantyGuarantorParts;;;;;;;;;;;;;;;;;;;;;;;;;;;;;;;;;;;;;;;;;;;;;;;;;;;;;;;;;;;;;;;;;;
0iEHWY1$XA8eQeeULq4jQJ;IfcFurnishingElement;IfcFurnishingElement;M_Upper Cabinet-Double Door-Wall:1000 mm:1000 mm:191680;1000 mm;;A103;;;;;;;;;;1;;;;;;;;;;;;;;;;1.399999999999999;;;;;Level 1;;;;;;;;;;;;;;;;;;;;;;;;;;;;;;;;;;;;;;;;;;;;;;;;;AssetIdentifier;BarCode;;;InstallationDate;SerialNumber;;TagNumber;WarrantyStartDate;New Construction;;;;;;;;;;;;;;;;;;;;;;;;;;;;Construction Type;;;;;;;;;;;;;;;;;;;;0.3;;;0.6000000000000001;;;;;;;;;2.0;;;;1.0;;;;;;;;;;;;;;;;Manufacturer;23.40.35.17.47.11;Kitchen Casework;;;;Finish;;;;;Cabinets - Handles;;;;;;;;;;;;;;AccessibilityPerformance;Area;FIXED;;;CodePerformance;Color;;Constituents;;ExpectedLife;Features;Finish;;;Grade;;Material;ModelLabel;ModelReference;NominalHeight;NominalLength;NominalWidth;;ProductionYear;Reference;ReplacementCost;Shape;Size;SustainabilityPerformance;WarrantyDescription;WarrantyDurationLabor;WarrantyDurationParts;WarrantyGuarantorLabor;WarrantyGuarantorParts;;;;;;;;;;;;;;;;;;;;;;;;;;;;;;;;;;;;;;;;;;;;;;;;;;;;;;;;;;;;;;;;;;
0iEHWY1$XA8eQeeULq4jTB;IfcFurnishingElement;IfcFurnishingElement;M_Upper Cabinet-Double Door-Wall:1000mm:1000mm:191768;1000mm;;A103;;;;;;;;;;1;;;;;;;;;;;;;;;;1.399999999999999;;;;;Level 1;;;;;;;;;;;;;;;;;;;;;;;;;;;;;;;;;;;;;;;;;;;;;;;;;AssetIdentifier;BarCode;;;InstallationDate;SerialNumber;;TagNumber;WarrantyStartDate;New Construction;;;;;;;;;;;;;;;;;;;;;;;;;;;;Construction Type;;;;;;;;;;;;;;;;;;;;0.3;;;0.6000000000000001;;;;;;;;;2.0;;;;1.0;;;;;;;;;;;;;;;;Manufacturer;23.40.35.17.47.11;Kitchen Casework;;;;Finish;;;;;Cabinets - Handles;;;;;;;;;;;;;;AccessibilityPerformance;Area;FIXED;;;CodePerformance;Color;;Constituents;;ExpectedLife;Features;Finish;;;Grade;;Material;ModelLabel;ModelReference;NominalHeight;NominalLength;NominalWidth;;ProductionYear;Reference;ReplacementCost;Shape;Size;SustainabilityPerformance;WarrantyDescription;WarrantyDurationLabor;WarrantyDurationParts;WarrantyGuarantorLabor;WarrantyGuarantorParts;;;;;;;;;;;;;;;;;;;;;;;;;;;;;;;;;;;;;;;;;;;;;;;;;;;;;;;;;;;;;;;;;;
0iEHWY1$XA8eQeeULq4jJA;IfcFurnishingElement;IfcFurnishingElement;M_Upper Cabinet-Double Door-Wall:1000 mm:1000 mm:192153;1000 mm;;B103;;;;;;;;;;1;;;;;;;;;;;;;;;;1.399999999999999;;;;;Level 1;;;;;;;;;;;;;;;;;;;;;;;;;;;;;;;;;;;;;;;;;;;;;;;;;AssetIdentifier;BarCode;;;InstallationDate;SerialNumber;;TagNumber;WarrantyStartDate;New Construction;;;;;;;;;;;;;;;;;;;;;;;;;;;;Construction Type;;;;;;;;;;;;;;;;;;;;0.3;;;0.6000000000000001;;;;;;;;;2.0;;;;1.0;;;;;;;;;;;;;;;;Manufacturer;23.40.35.17.47.11;Kitchen Casework;;;;Finish;;;;;Cabinets - Handles;;;;;;;;;;;;;;AccessibilityPerformance;Area;FIXED;;;CodePerformance;Color;;Constituents;;ExpectedLife;Features;Finish;;;Grade;;Material;ModelLabel;ModelReference;NominalHeight;NominalLength;NominalWidth;;ProductionYear;Reference;ReplacementCost;Shape;Size;SustainabilityPerformance;WarrantyDescription;WarrantyDurationLabor;WarrantyDurationParts;WarrantyGuarantorLabor;WarrantyGuarantorParts;;;;;;;;;;;;;;;;;;;;;;;;;;;;;;;;;;;;;;;;;;;;;;;;;;;;;;;;;;;;;;;;;;
0iEHWY1$XA8eQeeULq4jKO;IfcFurnishingElement;IfcFurnishingElement;M_Upper Cabinet-Double Door-Wall:1000 mm:1000 mm:192331;1000 mm;;B103;;;;;;;;;;1;;;;;;;;;;;;;;;;1.399999999999999;;;;;Level 1;;;;;;;;;;;;;;;;;;;;;;;;;;;;;;;;;;;;;;;;;;;;;;;;;AssetIdentifier;BarCode;;;InstallationDate;SerialNumber;;TagNumber;WarrantyStartDate;New Construction;;;;;;;;;;;;;;;;;;;;;;;;;;;;Construction Type;;;;;;;;;;;;;;;;;;;;0.3;;;0.6000000000000001;;;;;;;;;2.0;;;;1.0;;;;;;;;;;;;;;;;Manufacturer;23.40.35.17.47.11;Kitchen Casework;;;;Finish;;;;;Cabinets - Handles;;;;;;;;;;;;;;AccessibilityPerformance;Area;FIXED;;;CodePerformance;Color;;Constituents;;ExpectedLife;Features;Finish;;;Grade;;Material;ModelLabel;ModelReference;NominalHeight;NominalLength;NominalWidth;;ProductionYear;Reference;ReplacementCost;Shape;Size;SustainabilityPerformance;WarrantyDescription;WarrantyDurationLabor;WarrantyDurationParts;WarrantyGuarantorLabor;WarrantyGuarantorParts;;;;;;;;;;;;;;;;;;;;;;;;;;;;;;;;;;;;;;;;;;;;;;;;;;;;;;;;;;;;;;;;;;
0iEHWY1$XA8eQeeULq4jMl;IfcFurnishingElement;IfcFurnishingElement;M_Upper Cabinet-Double Door-Wall:1000 mm:1000 mm:192508;1000 mm;;B103;;;;;;;;;;1;;;;;;;;;;;;;;;;1.399999999999999;;;;;Level 1;;;;;;;;;;;;;;;;;;;;;;;;;;;;;;;;;;;;;;;;;;;;;;;;;AssetIdentifier;BarCode;;;InstallationDate;SerialNumber;;TagNumber;WarrantyStartDate;New Construction;;;;;;;;;;;;;;;;;;;;;;;;;;;;Construction Type;;;;;;;;;;;;;;;;;;;;0.3;;;0.6000000000000001;;;;;;;;;2.0;;;;1.0;;;;;;;;;;;;;;;;Manufacturer;23.40.35.17.47.11;Kitchen Casework;;;;Finish;;;;;Cabinets - Handles;;;;;;;;;;;;;;AccessibilityPerformance;Area;FIXED;;;CodePerformance;Color;;Constituents;;ExpectedLife;Features;Finish;;;Grade;;Material;ModelLabel;ModelReference;NominalHeight;NominalLength;NominalWidth;;ProductionYear;Reference;ReplacementCost;Shape;Size;SustainabilityPerformance;WarrantyDescription;WarrantyDurationLabor;WarrantyDurationParts;WarrantyGuarantorLabor;WarrantyGuarantorParts;;;;;;;;;;;;;;;;;;;;;;;;;;;;;;;;;;;;;;;;;;;;;;;;;;;;;;;;;;;;;;;;;;
0iEHWY1$XA8eQeeULq4ien;IfcFurnishingElement;IfcFurnishingElement;M_Upper Cabinet-Double Door-Wall:1000mm:1000mm:192610;1000mm;;B103;;;;;;;;;;1;;;;;;;;;;;;;;;;1.399999999999999;;;;;Level 1;;;;;;;;;;;;;;;;;;;;;;;;;;;;;;;;;;;;;;;;;;;;;;;;;AssetIdentifier;BarCode;;;InstallationDate;SerialNumber;;TagNumber;WarrantyStartDate;New Construction;;;;;;;;;;;;;;;;;;;;;;;;;;;;Construction Type;;;;;;;;;;;;;;;;;;;;0.3;;;0.6000000000000001;;;;;;;;;2.0;;;;1.0;;;;;;;;;;;;;;;;Manufacturer;23.40.35.17.47.11;Kitchen Casework;;;;Finish;;;;;Cabinets - Handles;;;;;;;;;;;;;;AccessibilityPerformance;Area;FIXED;;;CodePerformance;Color;;Constituents;;ExpectedLife;Features;Finish;;;Grade;;Material;ModelLabel;ModelReference;NominalHeight;NominalLength;NominalWidth;;ProductionYear;Reference;ReplacementCost;Shape;Size;SustainabilityPerformance;WarrantyDescription;WarrantyDurationLabor;WarrantyDurationParts;WarrantyGuarantorLabor;WarrantyGuarantorParts;;;;;;;;;;;;;;;;;;;;;;;;;;;;;;;;;;;;;;;;;;;;;;;;;;;;;;;;;;;;;;;;;;
2gRXFgjRn2HPE$YoDLX0mp;IfcFurnishingElement;IfcFurnishingElement;M_Vanity Cabinet-Double Door Sink Unit:650 x 450 mm:650 x 450 mm:204934;650 x 450 mm;;B204;;;;;;;;;;1;;;;;;;;;;;;;;;;;;;Floor : Finish Floor - Ceramic Tile;;Level 2;;False;0.0;;;;;;;;;;;;;;;;;;;;;;;;;;;;;;;;;;;;;;;;;;;;;;AssetIdentifier;BarCode;;;InstallationDate;SerialNumber;;TagNumber;WarrantyStartDate;New Construction;;;;;;;;;;;;;;;;;;;;;;;;;;;;Construction Type;;;;;;;;;;;;;;;;;;;;0.45;;;0.8199999999999998;;0.035;0.1;;;;;;;;;;0.65;;;;;;;;;;;;;;;;Manufacturer;23.40.35.17.47.14;Bathroom Casework;;;;Finish;;;;;Cabinets - Handles;;;;;;;;;;;;;;AccessibilityPerformance;Area;FIXED;;;CodePerformance;Color;;Constituents;;ExpectedLife;Features;Finish;;;Grade;;Material;ModelLabel;ModelReference;NominalHeight;NominalLength;NominalWidth;;ProductionYear;Reference;ReplacementCost;Shape;Size;SustainabilityPerformance;WarrantyDescription;WarrantyDurationLabor;WarrantyDurationParts;WarrantyGuarantorLabor;WarrantyGuarantorParts;;;;;;;;;;;;;;;;;;;;;;;;;;;;;;;;;;;;;;;;;;;;;;;;;;;;;;;;;;;;;;;;;;
2gRXFgjRn2HPE$YoDLX0q2;IfcFurnishingElement;IfcFurnishingElement;M_Vanity Cabinet-Double Door Sink Unit:650 x 450 mm:650 x 450 mm:205239;650 x 450 mm;;B204;;;;;;;;;;1;;;;;;;;;;;;;;;;;;;Floor : Finish Floor - Ceramic Tile;;Level 2;;False;0.0;;;;;;;;;;;;;;;;;;;;;;;;;;;;;;;;;;;;;;;;;;;;;;AssetIdentifier;BarCode;;;InstallationDate;SerialNumber;;TagNumber;WarrantyStartDate;New Construction;;;;;;;;;;;;;;;;;;;;;;;;;;;;Construction Type;;;;;;;;;;;;;;;;;;;;0.45;;;0.8199999999999998;;0.035;0.1;;;;;;;;;;0.65;;;;;;;;;;;;;;;;Manufacturer;23.40.35.17.47.14;Bathroom Casework;;;;Finish;;;;;Cabinets - Handles;;;;;;;;;;;;;;AccessibilityPerformance;Area;FIXED;;;CodePerformance;Color;;Constituents;;ExpectedLife;Features;Finish;;;Grade;;Material;ModelLabel;ModelReference;NominalHeight;NominalLength;NominalWidth;;ProductionYear;Reference;ReplacementCost;Shape;Size;SustainabilityPerformance;WarrantyDescription;WarrantyDurationLabor;WarrantyDurationParts;WarrantyGuarantorLabor;WarrantyGuarantorParts;;;;;;;;;;;;;;;;;;;;;;;;;;;;;;;;;;;;;;;;;;;;;;;;;;;;;;;;;;;;;;;;;;
2gRXFgjRn2HPE$YoDLX0rb;IfcFurnishingElement;IfcFurnishingElement;M_Vanity Cabinet-Double Door Sink Unit:650 x 450 mm:650 x 450 mm:205264;650 x 450 mm;;A204;;;;;;;;;;1;;;;;;;;;;;;;;;;;;;Floor : Finish Floor - Ceramic Tile;;Level 2;;False;0.0;;;;;;;;;;;;;;;;;;;;;;;;;;;;;;;;;;;;;;;;;;;;;;AssetIdentifier;BarCode;;;InstallationDate;SerialNumber;;TagNumber;WarrantyStartDate;New Construction;;;;;;;;;;;;;;;;;;;;;;;;;;;;Construction Type;;;;;;;;;;;;;;;;;;;;0.45;;;0.8199999999999998;;0.035;0.1;;;;;;;;;;0.65;;;;;;;;;;;;;;;;Manufacturer;23.40.35.17.47.14;Bathroom Casework;;;;Finish;;;;;Cabinets - Handles;;;;;;;;;;;;;;AccessibilityPerformance;Area;FIXED;;;CodePerformance;Color;;Constituents;;ExpectedLife;Features;Finish;;;Grade;;Material;ModelLabel;ModelReference;NominalHeight;NominalLength;NominalWidth;;ProductionYear;Reference;ReplacementCost;Shape;Size;SustainabilityPerformance;WarrantyDescription;WarrantyDurationLabor;WarrantyDurationParts;WarrantyGuarantorLabor;WarrantyGuarantorParts;;;;;;;;;;;;;;;;;;;;;;;;;;;;;;;;;;;;;;;;;;;;;;;;;;;;;;;;;;;;;;;;;;
2gRXFgjRn2HPE$YoDLX0ra;IfcFurnishingElement;IfcFurnishingElement;M_Vanity Cabinet-Double Door Sink Unit:650 x 450 mm:650 x 450 mm:205265;650 x 450 mm;;A204;;;;;;;;;;1;;;;;;;;;;;;;;;;;;;Floor : Finish Floor - Ceramic Tile;;Level 2;;False;0.0;;;;;;;;;;;;;;;;;;;;;;;;;;;;;;;;;;;;;;;;;;;;;;AssetIdentifier;BarCode;;;InstallationDate;SerialNumber;;TagNumber;WarrantyStartDate;New Construction;;;;;;;;;;;;;;;;;;;;;;;;;;;;Construction Type;;;;;;;;;;;;;;;;;;;;0.45;;;0.8199999999999998;;0.035;0.1;;;;;;;;;;0.65;;;;;;;;;;;;;;;;Manufacturer;23.40.35.17.47.14;Bathroom Casework;;;;Finish;;;;;Cabinets - Handles;;;;;;;;;;;;;;AccessibilityPerformance;Area;FIXED;;;CodePerformance;Color;;Constituents;;ExpectedLife;Features;Finish;;;Grade;;Material;ModelLabel;ModelReference;NominalHeight;NominalLength;NominalWidth;;ProductionYear;Reference;ReplacementCost;Shape;Size;SustainabilityPerformance;WarrantyDescription;WarrantyDurationLabor;WarrantyDurationParts;WarrantyGuarantorLabor;WarrantyGuarantorParts;;;;;;;;;;;;;;;;;;;;;;;;;;;;;;;;;;;;;;;;;;;;;;;;;;;;;;;;;;;;;;;;;;
2gRXFgjRn2HPE$YoDLX0vP;IfcFurnishingElement;IfcFurnishingElement;M_Vanity Cabinet-Double Door Sink Unit:450 x 450 mm:450 x 450 mm:205548;450 x 450 mm;;A104;;;;;;;;;;1;;;;;;;;;;;;;;;;;;;Floor : 127mm Slab on Grade;;Level 1;;False;0.0;;;;;;;;;;;;;;;;;;;;;;;;;;;;;;;;;;;;;;;;;;;;;;AssetIdentifier;BarCode;;;InstallationDate;SerialNumber;;TagNumber;WarrantyStartDate;New Construction;;;;;;;;;;;;;;;;;;;;;;;;;;;;Construction Type;;;;;;;;;;;;;;;;;;;;0.45;;;0.8199999999999998;;0.035;0.1;;;;;;;;;;0.45;;;;;;;;;;;;;;;;Manufacturer;23.40.35.17.47.14;Bathroom Casework;;;;Finish;;;;;Cabinets - Handles;;;;;;;;;;;;;;AccessibilityPerformance;Area;FIXED;;;CodePerformance;Color;;Constituents;;ExpectedLife;Features;Finish;;;Grade;;Material;ModelLabel;ModelReference;NominalHeight;NominalLength;NominalWidth;;ProductionYear;Reference;ReplacementCost;Shape;Size;SustainabilityPerformance;WarrantyDescription;WarrantyDurationLabor;WarrantyDurationParts;WarrantyGuarantorLabor;WarrantyGuarantorParts;;;;;;;;;;;;;;;;;;;;;;;;;;;;;;;;;;;;;;;;;;;;;;;;;;;;;;;;;;;;;;;;;;
2kvhekJrnDjRw0CDkKW$UD;IfcFurnishingElement;IfcFurnishingElement;M_Table-Coffee:0610 x 0610 x 0610mm:0610 x 0610 x 0610mm:206283;0610 x 0610 x 0610mm;;B203;;;;;;;;;;1;;;;;;;;;;;;;;;;;;;Floor : Finish Floor - Wood;;Level 2;;False;;;;;;;;;;;;;;;;;;;;;;;;;;;;;;;;;;;;;;;;;;;;;;;AssetIdentifier;BarCode;;;InstallationDate;SerialNumber;;TagNumber;WarrantyStartDate;New Construction;;;;;;;;;;;;;;;;;;;;;;;;;;;;;;;;;;;;;;;;;;;;;;;;;;;0.61;0.61;;;;;;;;;;;;0.61;;;;;;;;;;;;;;;;Manufacturer;23.40.20.14.17.24;Coffee Tables;;;;;;;Wood - Teak;;;;;;;;;;;;Metal - Chrome;;;;AccessibilityPerformance;Area;NONFIXED;;;CodePerformance;Color;;Constituents;;ExpectedLife;Features;Finish;;;Grade;;Material;ModelLabel;ModelReference;NominalHeight;NominalLength;NominalWidth;;ProductionYear;Reference;ReplacementCost;Shape;Size;SustainabilityPerformance;WarrantyDescription;WarrantyDurationLabor;WarrantyDurationParts;WarrantyGuarantorLabor;WarrantyGuarantorParts;;;;;;;;;;;;;;;;;;;;;;;;;;;;;;;;;;;;;;;;;;;;;;;;;;;;;;;;;;;;;;;;;;
2kvhekJrnDjRw0CDkKW$JW;IfcFurnishingElement;IfcFurnishingElement;M_Table-Coffee:0610 x 0610 x 0610mm:0610 x 0610 x 0610mm:206502;0610 x 0610 x 0610mm;;A202;;;;;;;;;;1;;;;;;;;;;;;;;;;;;;Floor : Finish Floor - Wood;;Level 2;;False;;;;;;;;;;;;;;;;;;;;;;;;;;;;;;;;;;;;;;;;;;;;;;;AssetIdentifier;BarCode;;;InstallationDate;SerialNumber;;TagNumber;WarrantyStartDate;New Construction;;;;;;;;;;;;;;;;;;;;;;;;;;;;;;;;;;;;;;;;;;;;;;;;;;;0.61;0.61;;;;;;;;;;;;0.61;;;;;;;;;;;;;;;;Manufacturer;23.40.20.14.17.24;Coffee Tables;;;;;;;Wood - Teak;;;;;;;;;;;;Metal - Chrome;;;;AccessibilityPerformance;Area;NONFIXED;;;CodePerformance;Color;;Constituents;;ExpectedLife;Features;Finish;;;Grade;;Material;ModelLabel;ModelReference;NominalHeight;NominalLength;NominalWidth;;ProductionYear;Reference;ReplacementCost;Shape;Size;SustainabilityPerformance;WarrantyDescription;WarrantyDurationLabor;WarrantyDurationParts;WarrantyGuarantorLabor;WarrantyGuarantorParts;;;;;;;;;;;;;;;;;;;;;;;;;;;;;;;;;;;;;;;;;;;;;;;;;;;;;;;;;;;;;;;;;;
2kvhekJrnDjRw0CDkKW$KL;IfcFurnishingElement;IfcFurnishingElement;M_Table-Coffee:0610 x 0610 x 0610mm:0610 x 0610 x 0610mm:206675;0610 x 0610 x 0610mm;;B202;;;;;;;;;;1;;;;;;;;;;;;;;;;;;;Floor : Finish Floor - Wood;;Level 2;;False;;;;;;;;;;;;;;;;;;;;;;;;;;;;;;;;;;;;;;;;;;;;;;;AssetIdentifier;BarCode;;;InstallationDate;SerialNumber;;TagNumber;WarrantyStartDate;New Construction;;;;;;;;;;;;;;;;;;;;;;;;;;;;;;;;;;;;;;;;;;;;;;;;;;;0.61;0.61;;;;;;;;;;;;0.61;;;;;;;;;;;;;;;;Manufacturer;23.40.20.14.17.24;Coffee Tables;;;;;;;Wood - Teak;;;;;;;;;;;;Metal - Chrome;;;;AccessibilityPerformance;Area;NONFIXED;;;CodePerformance;Color;;Constituents;;ExpectedLife;Features;Finish;;;Grade;;Material;ModelLabel;ModelReference;NominalHeight;NominalLength;NominalWidth;;ProductionYear;Reference;ReplacementCost;Shape;Size;SustainabilityPerformance;WarrantyDescription;WarrantyDurationLabor;WarrantyDurationParts;WarrantyGuarantorLabor;WarrantyGuarantorParts;;;;;;;;;;;;;;;;;;;;;;;;;;;;;;;;;;;;;;;;;;;;;;;;;;;;;;;;;;;;;;;;;;
2kvhekJrnDjRw0CDkKW$fQ;IfcFurnishingElement;IfcFurnishingElement;M_Table-Coffee:0610 x 0610 x 0610mm:0610 x 0610 x 0610mm:206876;0610 x 0610 x 0610mm;;A203;;;;;;;;;;1;;;;;;;;;;;;;;;;;;;Floor : Finish Floor - Wood;;Level 2;;False;;;;;;;;;;;;;;;;;;;;;;;;;;;;;;;;;;;;;;;;;;;;;;;AssetIdentifier;BarCode;;;InstallationDate;SerialNumber;;TagNumber;WarrantyStartDate;New Construction;;;;;;;;;;;;;;;;;;;;;;;;;;;;;;;;;;;;;;;;;;;;;;;;;;;0.61;0.61;;;;;;;;;;;;0.61;;;;;;;;;;;;;;;;Manufacturer;23.40.20.14.17.24;Coffee Tables;;;;;;;Wood - Teak;;;;;;;;;;;;Metal - Chrome;;;;AccessibilityPerformance;Area;NONFIXED;;;CodePerformance;Color;;Constituents;;ExpectedLife;Features;Finish;;;Grade;;Material;ModelLabel;ModelReference;NominalHeight;NominalLength;NominalWidth;;ProductionYear;Reference;ReplacementCost;Shape;Size;SustainabilityPerformance;WarrantyDescription;WarrantyDurationLabor;WarrantyDurationParts;WarrantyGuarantorLabor;WarrantyGuarantorParts;;;;;;;;;;;;;;;;;;;;;;;;;;;;;;;;;;;;;;;;;;;;;;;;;;;;;;;;;;;;;;;;;;
1xS3BCk291UvhgP2a6eflN;IfcSite;IfcSite;Default;;;;;;;;;;;;;1;;;;;;;;;;;;;;;;;;;;;;;;;;;;;;;;;;;;;;;;;;;;;;;;;;;;;;;;;;;;;;;;;;;;;;;;;;;;;;;;;;;;;;;;;;;;;;;;;;;;;;;;;;;;;;;;;;;;;;;;;;;;;;;;;;;;;;;;;;;;;;;;;;;;;;;;;;;;;;;;;;;;;;;;;;;;;;;;;;;;;;;;;;;;;;;;;;;;;;;;;;;;;;;;;;;;;;;;;;;;;;;;;;;;;;;;;;;;;;;;;;;;;;;;;;;;;;;;;;;;;;;;;;;;;;;;;;;;;;;;;;;;
